date,Battery-0.Battery_0-soc,Battery-0.Battery_0-p_out,Battery-0.Battery_0-flag,Fuelcell-0.fc_0-q_product,Electrolyser-0.electrolyser_0-q_product,H2storage-0.h2storage_0-h2_soc,H2storage-1.h2storage_0-h2_soc,HeatStorage-0.qstorage_0-t_int,HeatStorage-1.qstorage_0-t_int,HeatNetwork-0.Heatnetwork_0-t_int,HeatStorage-0.qstorage_0-q_loss,HeatStorage-1.qstorage_0-q_loss,HeatNetwork-0.Heatnetwork_0-q_loss,HeatStorage-0.qstorage_0-q_soc,HeatStorage-1.qstorage_0-q_soc,HeatStorage-2.qstorage_0-q_soc,ElectricityNetwork-0.Elenetwork_0-p_in[0],ElectricityNetwork-0.Elenetwork_0-p_in[1],ElectricityNetwork-0.Elenetwork_0-p_in[2],ElectricityNetwork-0.Elenetwork_0-p_out[0],ElectricityNetwork-0.Elenetwork_0-p_out[1],ElectricityNetwork-0.Elenetwork_0-p_tot,ElectricityNetwork-0.Elenetwork_0-p_in[3],ElectricityNetwork-0.Elenetwork_0-p_out[2],ElectricityNetwork-0.Elenetwork_0-p_out[3],H2Valve-0.H2valve_0-h2_elec,H2Valve-0.H2valve_0-h2_stor,H2Valve-0.H2valve_0-h2_fc,H2Valve-0.H2valve_0-h2_elec_stor,H2Valve-0.H2valve_0-h2_stor_fc,H2Valve-0.H2valve_0-h2_elec_net,H2Valve-0.H2valve_0-h2_fc_net,H2Valve-0.H2valve_0-h2_stor_net,Qvalve-0.Qvalve_0-q_eboiler,Qvalve-0.Qvalve_0-q_stor,Qvalve-0.Qvalve_0-q_eboiler_stor,Qvalve-0.Qvalve_0-q_eboiler_net,Qvalve-0.Qvalve_0-q_stor_net,H2Network-0.Gasnetwork_0-flow_in[0],H2Network-0.Gasnetwork_0-flow_in[1],H2Network-0.Gasnetwork_0-flow_out[0],H2Network-0.Gasnetwork_0-p_int,H2Network-0.Gasnetwork_0-flow_tot,H2Network-0.Gasnetwork_0-flow_out[1],H2Network-0.Gasnetwork_0-flow_out[2],H2Network-0.Gasnetwork_0-flow_out[3],H2Network-0.Gasnetwork_0-flow_in[2],H2Network-0.Gasnetwork_0-flow_out[4],HeatNetwork-0.Heatnetwork_0-q_in[0],HeatNetwork-0.Heatnetwork_0-q_in[1],HeatNetwork-0.Heatnetwork_0-q_out[0],HeatNetwork-0.Heatnetwork_0-q_out[1],HeatNetwork-0.Heatnetwork_0-q_out[2],HeatNetwork-0.Heatnetwork_0-q_out[3],HeatNetwork-0.Heatnetwork_0-q_in[2],HeatNetwork-0.Heatnetwork_0-q_in[3]
2012-01-01 00:00:00,20.252,8.959059857745629,0,42.21635389397967,4.5,36.036,18.837,520.1497249255251,520.1329579588469,322.7637584039719,103.67255756846318,25.9181393921158,1696.0318802978943,80.0,79.994,20.001,0.0,17.916645564264947,8.329019115619033,77.58153525,8.959059857745629,-487.4103509883014,211.08176946989835,137.48766881142166,0.0,0.0639408234473133,-0.2625241969543646,0.2345352994109981,0.0,0.2345352994109981,0.0639408234473133,0.0,0.0279888975433664,3200.0,174.55733143645386,174.55733143645386,3025.4426685635462,0.0,0.0639408234473133,0.0279888975433664,0.0,-0.0217329433077388,-1.802972307676122,0.1139224428539218,1.1232482531718964,1.4323152063943951,0.6732880640145711,-0.021867250171375,4.5,42.21635389397967,-104.393699845198,-80.84545692459089,196.87127664051417,161.49577592556824,251.81921095885187,0.0
2012-01-01 00:15:00,20.252,8.959059857745629,0,39.818560976129454,4.5,27.71,16.631,520.1492700457915,520.1360765562254,363.7072682657724,103.67242794267077,25.916131673942463,4766.795119932929,80.0,79.995,20.001,0.0,17.56898435583038,8.167399752193875,84.17418825,8.959059857745629,-1341.1938652558297,199.0928048806473,109.79798083351729,851.5711016937074,0.0639408234473133,-0.1565282918405828,0.2212142276451636,0.0,0.1565282918405828,0.0639408234473133,0.0646859358045808,0.0,3200.0,-4.271259661888715,0.0,3200.0,4.271259661888715,0.0639408234473133,0.0,0.0646859358045808,-0.0233735721125937,-1.9390794267369804,0.0294999416315902,1.131021938841953,1.3048543112324094,0.4109041301441899,-0.0414802921203437,4.5,39.818560976129454,-172.63171507866892,28.341159671334104,165.52290698882592,200.55351933720505,245.29167042470544,2432.700087266833
2012-01-01 00:30:00,20.252,8.959059857745629,0,41.416312194845176,4.5,31.184,16.447,520.1489773742525,520.1307109151703,398.9565976442799,103.67221358564632,25.91649907504048,7410.494823320994,80.0,79.993,20.0,0.0,25.42174917419201,11.817961909490087,83.9961105,8.959059857745629,-982.9729600381104,207.08156097422585,121.44512983661777,543.0799116144456,0.0639408234473133,0.0739207559260269,0.2300906233046954,0.0639408234473133,0.0,0.0,0.2300906233046954,-0.0099799324787136,3200.0,-115.08071519783368,0.0,3200.0,115.08071519783368,0.0,-0.0099799324787136,0.2300906233046954,-0.0269321667074901,-2.2343016346999254,0.0,1.2303280139694437,1.253570441511392,0.4048962509146338,-0.0034551064805357,4.5,41.416312194845176,-111.07197353668528,-25.45397578215261,176.99953877672047,205.5581125247972,245.01405993798497,1551.4271747240623
2012-01-01 00:45:00,20.252,8.959059857745629,0,36.6117655117805,4.5,41.282,17.258,520.1484674392295,520.1150324756179,440.4550818699668,103.6720756674328,25.91586695034597,10522.881140247511,79.999,79.987,19.999,0.0,24.11907228073524,11.21237864290378,84.73506975000001,8.959059857745629,-1245.941109299478,183.0588275589025,104.90291488630538,762.4779207743811,0.0639408234473133,0.214854887298063,0.2033986972876694,0.0639408234473133,0.0,0.0,0.2033986972876694,-0.1509140638507496,3200.0,-173.43668566588352,0.0,3200.0,173.43668566588352,0.0,-0.1509140638507496,0.2033986972876694,-0.0305095176360022,-2.531079874426436,0.0,1.174518895866114,1.423393629455746,0.3538490941833219,0.0172608441523342,4.5,36.6117655117805,-193.5257851277192,-74.37668986350691,127.57911854209038,164.34981027858512,213.4143110800428,2178.185827017452
2012-01-01 01:00:00,20.252,8.959059857745629,0,32.26001559811745,4.5,52.041,20.261,520.1482979840611,520.0745536318495,470.6268329186668,103.67183536621454,25.91401987770156,12785.76246890001,79.999,79.973,19.997,0.0,26.8620818125396,12.487538032688862,76.73385625,8.959059857745629,-711.0816249178025,161.30007799058723,115.8164433760864,177.0625292969057,0.0639408234473133,0.2289171867412594,0.1792223088784302,0.0639408234473133,0.0,0.0,0.1792223088784302,-0.1649763632939461,3200.0,-165.82078745552005,0.0,3200.0,165.82078745552005,0.0,-0.1649763632939461,0.1792223088784302,-0.0303909335326712,-2.521242097213797,0.0,1.0063714084386253,1.4271511651100268,0.2400672587520901,0.0638870687811048,4.5,32.26001559811745,-64.31004551071682,-192.02691689604632,93.86214682851872,117.0521635041428,240.905498219248,515.0216927718703
2012-01-01 01:15:00,20.252,8.959059857745629,0,28.36803803621876,4.5,49.563,22.509,520.1478547306041,520.0340756425459,501.59747685365,103.67175551234769,25.90925107626874,15108.56076402375,79.999,79.958,19.996,0.0,29.903923510275582,13.901617334322328,56.86956425,8.959059857745629,-809.8600253479196,141.8401901810938,150.0,218.18957022551365,0.0639408234473133,-0.0465888211535592,0.1576002113123264,0.0,0.0465888211535592,0.0639408234473133,0.1110113901587671,0.0,3200.0,-146.54176404937834,0.0,3200.0,146.54176404937834,0.0639408234473133,0.0,0.1110113901587671,-0.0266993826946778,-2.2149897944752754,0.0,0.938788713381844,1.6540082825047762,0.390159826105519,0.0478312469732804,4.5,28.36803803621876,-168.21941899225533,-192.0228634148284,128.17996613167284,145.587535195031,226.05199099775533,623.3064807772611
2012-01-01 01:30:00,20.252,8.959059857745629,0,30.17920634423424,4.5,43.273,23.58,520.1475936291625,520.0126644678918,526.391611509217,103.67154663407706,25.90448237550017,16968.120863191278,79.999,79.95,19.996,0.0,30.2003258920455,14.039407697748423,50.300076,8.959059857745629,-516.660209700514,150.8960317211712,122.3630029019714,0.0,0.0639408234473133,-0.1182490719943642,0.1676622574679679,0.0,0.1182490719943642,0.0639408234473133,0.0494131854736037,0.0,3200.0,-56.22801472232803,0.0,3200.0,56.22801472232803,0.0639408234473133,0.0,0.0494131854736037,-0.0243737303438667,-2.0220528909726005,0.0,0.6655099088471348,1.5765772608892468,0.1588619581678221,0.022783843334072,4.5,30.17920634423424,-99.09078452562608,-101.5721170164034,153.49983517491805,126.14937362096173,242.72851486295383,0.0
2012-01-01 01:45:00,20.252,8.959059857745629,0,32.483091285365965,4.5,31.892,23.999,520.1474540431092,519.9721877850017,551.9697997676026,103.67142359292149,25.901959930912746,18886.4849825702,79.999,79.935,19.995,0.0,27.23047097997201,12.658793327466327,49.5783795,8.959059857745629,-483.33947833574814,162.41545642682982,83.44121135631288,3.835407481231242,0.0639408234473133,-0.2139599461074943,0.1804616182520331,0.0,0.1804616182520331,0.0639408234473133,0.0,0.0334983278554612,3200.0,-112.78846642987352,0.0,3200.0,112.78846642987352,0.0639408234473133,0.0334983278554612,0.0,-0.022138202700304,-1.83659276358375,0.0,0.6019295914814029,1.69316047538828,0.3008562100962774,0.0089183094012464,4.5,32.483091285365965,-52.97439742128406,-192.01666594127585,156.58790911300753,80.8072541048548,195.5574474524421,10.969325356013588
2012-01-01 02:00:00,20.252,8.959059857745629,0,34.71447792278151,4.5,28.928,24.057,520.1476728306437,519.946664985431,580.4764354891929,103.6713578145435,25.8971913840524,21024.48266168947,79.999,79.926,19.995,0.0,33.27277514958739,15.46771572036604,52.1496055,8.959059857745629,-762.9803884849352,173.57238961390755,68.19589085398543,287.98871275706506,0.0639408234473133,-0.0557266417268426,0.1928582106821195,0.0,0.0557266417268426,0.0639408234473133,0.1371315689552768,0.0,3200.0,-9.498605849326031,0.0,3200.0,9.498605849326031,0.0639408234473133,0.0,0.1371315689552768,-0.026500357708078,-2.198478614452673,0.138698593112368,0.8623926703720088,1.5339875680154424,0.3308299586149514,0.0012425856427781,4.5,34.71447792278151,159.06362249030627,-121.07718639778707,120.0356737795328,103.67692456611512,147.23789927073858,837.6726286035698
2012-01-01 02:15:00,20.252,8.959059857745629,0,40.53929129822853,4.5,40.298,24.649,520.1481493479528,519.9391508791928,603.6372056281266,103.67146091574018,25.89418455006626,22761.540422109498,79.999,79.923,19.995,0.0,29.60946687017213,13.764731499563489,39.1586185,8.959059857745629,-567.3092597986961,202.6964564911426,80.05851161759304,148.05199415188693,0.0639408234473133,0.2419248421594892,0.2252182849901584,0.0639408234473133,0.0,0.0,0.2252182849901584,-0.1779840187121759,3200.0,33.776201242748456,33.776201242748456,3166.223798757252,0.0,0.0,-0.1779840187121759,0.2252182849901584,-0.0328551918229521,-2.7256777962088665,0.1405122746524794,0.8691493732758502,1.790379784783111,0.3990232745831795,0.0125929133085764,4.5,40.53929129822853,346.4391584386081,-35.64604420033168,148.0002305070434,132.4462362339305,176.4050336306468,430.6387633178828
2012-01-01 02:30:00,20.252,8.959059857745629,0,46.79538864168292,4.5,54.398,26.551,520.1486288670751,519.9387945114661,631.3260714299807,103.6716854692318,25.8932993152804,24838.20535724856,80.0,79.923,19.996,0.0,30.89953421535652,14.36445288937028,40.98233125,8.959059857745629,-786.2433755290765,233.97694320841453,97.17038743391208,350.37252730056014,0.0639408234473133,0.3,0.2599743813426828,0.0639408234473133,0.0,0.0,0.2599743813426828,-0.2360591765526866,3200.0,41.892985834135565,41.892985834135565,3158.1070141658643,0.0,0.0,-0.2360591765526866,0.2599743813426828,-0.0307136512524005,-2.5480148681003345,0.0545799577248157,0.7789491977840244,1.4967281761558149,0.2398175820655779,0.0404623835011426,4.5,46.79538864168292,348.62154650678616,-1.6905669597651034,153.44380688007988,105.73034868892952,194.72016914306352,1059.964531557101
2012-01-01 02:45:00,20.252,8.959059857745629,0,50.67196783708889,4.5,62.746,27.353,520.1491083858318,519.9506147285693,667.7720482017336,103.6719114372946,25.89325733169669,27571.65361513002,80.0,79.927,19.996,0.0,33.91125465026975,15.76452953783201,43.12770825,8.959059857745629,-1111.048222091125,253.35983918544449,59.83134547184292,783.6923665264483,0.0639408234473133,0.1776075131843544,0.2815109324282716,0.0639408234473133,0.0,0.0,0.2815109324282716,-0.113666689737041,3200.0,54.312174003672304,54.312174003672304,3145.687825996328,0.0,0.0,-0.113666689737041,0.2815109324282716,-0.0326955311902425,-2.712432296263215,0.0,1.019962461075662,1.3606070600896063,0.0,0.0170593469489068,4.5,50.67196783708889,348.6212806620063,107.41965685882876,141.67996195643448,81.66168130323402,185.79678836776185,2370.865428776883
2012-01-01 03:00:00,20.252,8.959059857745629,0,49.29251328229196,4.5,76.846,28.846,520.1493489608631,519.9664965944753,692.7437767101541,103.6721374051851,25.894649868217275,29444.53325326156,80.0,79.933,19.996,0.0,32.74687175907808,15.223235838414396,42.03890625,8.959059857745629,-591.7357658803909,246.46256641145976,63.81985892771446,215.3405968666172,0.0639408234473133,0.3,0.2738472960127331,0.0639408234473133,0.0,0.0,0.2738472960127331,-0.2360591765526866,3200.0,-11.598190879048229,0.0,3200.0,11.598190879048229,0.0,-0.2360591765526866,0.2738472960127331,-0.0318215712323321,-2.639928283354424,0.0,0.9403219237794872,1.300566854242838,0.0662307984853793,0.031758673683619,4.5,49.29251328229196,174.9036389322632,144.33107031703432,152.3799750158665,129.49975080299572,151.18913539672866,663.928767683351
2012-01-01 03:15:00,20.252,8.959059857745629,0,52.93709044906305,4.5,90.0,30.461,520.1497963504482,519.9899937833825,712.4027791183306,103.67225077349774,25.89652090646436,30918.9584338748,80.0,79.942,19.995,0.0,37.45480200406836,17.411839774618564,39.6461765,8.959059857745629,-301.0037873315491,264.6854522453152,65.90651210858772,0.0,0.0639408234473133,0.2798723404255318,0.2940949469392391,0.0639408234473133,0.0,0.0,0.2940949469392391,-0.2159315169782185,3200.0,-131.6309248713016,0.0,3200.0,131.6309248713016,0.0,-0.2159315169782185,0.2940949469392391,-0.0270377324329753,-2.243059402895166,0.0,0.8646333630692944,1.2007945095508574,0.294938747263504,0.0343603074307644,4.5,52.93709044906305,325.2626261796265,213.53753044491924,137.47445835944058,174.21233103714542,200.5732662400355,0.0
2012-01-01 03:30:00,20.252,8.959059857745629,0,44.27790363525807,4.5,90.0,33.678,520.1502758683147,520.0070085026867,732.6613963884643,103.67246160087282,25.899289103816265,32438.354729134822,80.0,79.948,19.994,0.0,38.26149339130364,17.786851266618424,41.378111,8.959059857745629,-371.0342580030127,221.38951817629032,112.11382680917824,0.0,0.0639408234473133,0.0,0.2459883535292114,0.0,0.0,0.0639408234473133,0.2459883535292114,0.0,3200.0,-132.01629164147545,0.0,3200.0,132.01629164147545,0.0639408234473133,0.0,0.2459883535292114,-0.0206552142989606,-1.7135635455728124,0.0452092023256119,0.8044002967907808,1.0511124615138183,0.3711989358964488,0.0684477321463237,4.5,44.27790363525807,348.6206334107379,154.62620468301623,101.47919437966218,126.68534212182084,173.3178522904589,0.0
2012-01-01 03:45:00,20.252,8.959059857745629,0,46.15789950356292,4.5,90.0,36.135,520.1507553858155,520.0458453548288,750.9246719791423,103.6726875683438,25.901293603210103,33808.10039843567,80.0,79.962,19.993,0.0,44.107181975308514,200.0,27.432654,8.959059857745629,-109.01935896213078,230.78949751781457,95.12643109872232,0.0,0.0639408234473133,0.0,0.2564327750197939,0.0,0.0,0.0639408234473133,0.2564327750197939,0.0,3200.0,-64.70443813865543,0.0,3200.0,64.70443813865543,0.0639408234473133,0.0,0.2564327750197939,-0.0247605840444991,-2.0541464044689453,0.1221782512388265,0.989095377871524,0.897666797715714,0.13002664084754,0.0522699618281607,4.5,46.15789950356292,348.62036756665435,352.94117647058823,70.15723795349827,164.69187499169306,165.73138497468878,0.0
2012-01-01 04:00:00,20.252,8.959059857745629,0,44.83421859919648,4.5,89.657,37.596,520.150922240837,520.064002133062,771.0766180056348,103.67291353564248,25.905868962061778,35319.49635042261,80.0,79.969,19.994,0.0,48.04700271413501,200.0,60.17662299999999,8.959059857745629,-193.20199380283395,224.1710929959824,134.5526003966985,0.0,0.0639408234473133,-0.006442205680663,0.2490789922177582,0.0,0.006442205680663,0.0639408234473133,0.2426367865370951,0.0,3200.0,73.32136322715131,73.32136322715131,3126.6786367728487,0.0,0.0639408234473133,0.0,0.2426367865370951,-0.0272336572026899,-2.2593133878792155,0.0758647131132217,1.2396422528218822,0.8058832615673578,0.0,0.0310804203176894,4.5,44.83421859919648,121.30747848132928,165.00499698323992,71.57443037961878,153.65207164173032,143.36393513849,0.0
2012-01-01 04:15:00,20.252,8.959059857745629,0,53.59129656217595,4.5,90.0,39.108,520.1511715694427,520.0953187568367,795.5510656653837,103.67299216421893,25.90800800710341,37155.07992490378,80.0,79.98,19.994,0.0,50.65968884701249,200.0,62.07397675000001,8.959059857745629,-396.8613564953631,267.9564828108797,134.86174150467716,261.9542915915666,0.0639408234473133,0.0072978723404256,0.2977294253454218,0.0072978723404256,0.0,0.0566429511068877,0.2977294253454218,0.0,3200.0,163.90101646813727,163.90101646813727,3036.098983531863,0.0,0.0566429511068877,0.0,0.2977294253454218,-0.0330978449920786,-2.7458083849703563,0.1825081469167518,1.339998980840964,1.0367251915997266,0.0,0.032163344036562,4.5,53.59129656217595,181.26769099766204,284.59891645447885,65.94748623575056,131.74599364059446,156.03428978715513,823.4418913723065
2012-01-01 04:30:00,20.252,8.959059857745629,0,45.1864893467693,4.5,76.888,40.4,520.1512375375471,520.1014978213411,817.0229561667884,103.67310965755632,25.911697409922887,38765.471712509134,80.0,79.982,19.995,0.0,51.50399976542932,200.0,70.37049775,8.959059857745629,-167.73887234490283,225.9324467338465,143.05944097905046,0.0,0.0639408234473133,-0.2465004964095003,0.2510360519264961,0.0,0.2465004964095003,0.0639408234473133,0.0045355555169957,0.0,3200.0,142.62248513656883,142.62248513656883,3057.377514863432,0.0,0.0639408234473133,0.0,0.0045355555169957,-0.033323838137353,-2.764556852533389,0.18477999111775,1.568504899273685,1.1435857424989584,0.0125351293739258,0.0274936109272792,4.5,45.1864893467693,47.96034509543872,56.15404378595505,111.76756382341222,83.39601018603128,183.9640352096953,0.0
2012-01-01 04:45:00,20.252,8.959059857745629,0,36.90337899828064,4.5,63.014,41.24,520.1510115753231,520.0980086762011,841.5127502349126,103.67314074429316,25.91242536380988,40602.20626761844,80.0,79.981,19.996,0.0,65.31688606624651,200.0,78.25554275,8.959059857745629,-352.0669388462063,184.5168949914032,150.0,131.22141617051858,0.0639408234473133,-0.2608300068694295,0.2050187722126702,0.0,0.2050187722126702,0.0639408234473133,0.0,0.0558112346567592,3200.0,328.0198543562311,328.0198543562311,2871.980145643769,0.0,0.0639408234473133,0.0558112346567592,0.0,-0.0318442566240669,-2.641810271104889,0.061734996639902,1.4497546082635748,1.3716316355068447,0.0524066683351553,0.017877726130005,4.5,36.90337899828064,-85.75507632054838,-16.552097873113826,130.2016141368817,91.18125019884916,197.2018880700386,420.7349175886101
2012-01-01 05:00:00,20.252,8.959059857745629,0,28.54491297037986,4.5,63.566,42.601,520.1511614910095,520.1056207981356,860.6819042059279,103.67303426210373,25.91201430858215,42039.8928154446,80.0,79.984,19.997,0.0,61.41843138232128,200.0,84.17640825,8.959059857745629,-268.01978925902176,142.7245648518993,150.0,0.0,0.0639408234473133,0.0117422103169476,0.1585828498354436,0.0117422103169476,0.0,0.0521986131303657,0.1585828498354436,0.0,3200.0,288.63820379001453,288.63820379001453,2911.3617962099856,0.0,0.0521986131303657,0.0,0.1585828498354436,-0.0390993182779766,-3.2436926331604794,0.082026746109866,1.5058589605868868,1.6224000490083763,0.0,0.0289574215633913,4.5,28.54491297037986,108.99218819299104,69.17736950432129,148.8633198304265,121.38048351450128,174.90877182335032,0.0
2012-01-01 05:15:00,20.252,8.959059857745629,0,35.690248082667615,4.5,67.117,41.64,520.1511648437059,520.1248597706026,885.4372518464338,103.67310490820655,25.9129110905702,43896.54388848253,80.0,79.991,19.998,0.0,58.29077485929943,200.0,83.193636,8.959059857745629,-473.5970964186282,178.45124041333807,145.33566498252813,262.38539771481976,0.0639408234473133,0.0755427960526408,0.1982791560148201,0.0639408234473133,0.0,0.0,0.1982791560148201,-0.0116019726053275,3200.0,352.94117647058823,352.94117647058823,2847.058823529412,0.0,0.0,-0.0116019726053275,0.1982791560148201,-0.0405061654601294,-3.3604051499437166,0.2305699338850364,1.6961720147737496,1.345423314072813,0.0,-0.0180700091192137,4.5,35.690248082667615,2.4374882687954584,174.83975147468692,195.56475141136715,127.19349482122558,220.7458362706932,841.2856826704609
2012-01-01 05:30:00,20.252,8.959059857745629,0,43.849402382890425,4.5,81.217,40.008,520.1508478528842,520.1255096115862,906.11064532279,103.67310648812756,25.91517762861638,45447.04839920925,80.0,79.991,19.999,0.0,69.54963458599906,200.0,84.84026725000001,8.959059857745629,-214.9156691557687,219.2470119144521,150.0,4.519526402250828,0.0639408234473133,0.3,0.2436077910160579,0.0639408234473133,0.0,0.0,0.2436077910160579,-0.2360591765526866,3200.0,352.94117647058823,352.94117647058823,2847.058823529412,0.0,0.0,-0.2360591765526866,0.2436077910160579,-0.0446411266738296,-3.70344292702022,0.274720016440778,1.966166568736923,1.3495320978120648,0.2218630535749986,-0.030679253343419,4.5,43.849402382890425,-120.30140096872331,5.9056187253188845,189.6503533336185,166.36760976671707,212.49984517523143,14.206934141697836
2012-01-01 05:45:00,20.252,8.959059857745629,0,52.03253930622141,4.5,90.0,40.378,520.1507350567414,520.1408802435454,925.062643531568,103.67295710972203,25.915254186203622,46868.44826486761,80.0,79.997,20.001,0.0,78.74354553360155,200.0,74.58277075,8.959059857745629,-99.54213637262993,260.16269653110703,126.75378650507255,0.0,0.0639408234473133,0.1868723404255319,0.2890696628123411,0.0639408234473133,0.0,0.0,0.2890696628123411,-0.1229315169782186,3200.0,352.94117647058823,352.94117647058823,2847.058823529412,0.0,0.0,-0.1229315169782186,0.2890696628123411,-0.0435302758060526,-3.611286364321845,0.1998725625763049,1.877766691072157,1.5168375201219988,0.2863226435637423,0.007873657136134,4.5,52.03253930622141,-42.80734040444128,139.68508330567576,175.6431080694751,210.0951422787968,219.6697141702973,0.0
2012-01-01 06:00:00,20.252,8.959059857745629,0,54.04543617373197,4.5,90.0,41.21,520.1506839937466,520.1538172532003,944.584957845721,103.672903955792,25.91706499612029,48332.62183842908,80.0,80.001,20.001,0.0,81.97918502356269,200.0,60.55507850000001,8.959059857745629,-128.08594176010027,270.22718086865984,146.45497355778826,0.0,0.0639408234473133,0.0,0.3002524231873998,0.0,0.0,0.0639408234473133,0.3002524231873998,0.0,3200.0,202.4708965418033,202.4708965418033,2997.5291034581965,0.0,0.0639408234473133,0.0,0.3002524231873998,-0.0508229158922863,-4.216286245798836,0.3365353151890935,2.0,1.7674926771773063,0.0090905467685233,0.0176965081726666,4.5,54.04543617373197,-19.37895166277424,117.56883361401148,184.94814410679533,236.866572305376,184.0391865034356,0.0
2012-01-01 06:15:00,20.252,8.959059857745629,0,46.80546676774664,4.5,90.0,41.74,520.1503986520555,520.1802511740424,969.4395535756096,103.6728798929226,25.918589101663706,50196.71651817072,80.0,80.011,20.002,0.0,86.29645797095365,200.0,46.819603,8.959059857745629,-331.94322622870675,234.0273338387332,150.0,228.1597728070037,0.0639408234473133,0.0,0.2600303709319257,0.0,0.0,0.0639408234473133,0.2600303709319257,0.0,3200.0,177.20497140198356,177.20497140198356,3022.7950285980164,0.0,0.0639408234473133,0.0,0.2600303709319257,-0.0489158668149451,-4.058076811064738,0.4789352663134892,1.98628451177382,1.80726778482176,0.2854675399923699,0.011281215132636,4.5,46.80546676774664,-108.29021801230311,240.22593506409825,165.9696926486077,227.56318502426527,182.8936289131579,731.5481421435671
2012-01-01 06:30:00,20.252,8.959059857745629,0,45.97438274406193,4.5,90.0,44.057,520.1501198207044,520.1840821534707,998.0287816325184,103.67274542881852,25.92170327459582,52340.90862243888,80.0,80.012,20.002,0.0,77.25081701566769,200.0,21.461491,8.959059857745629,-390.885633661725,229.8719137203096,150.0,297.87060677227527,0.0639408234473133,0.0,0.2554132374670106,0.0,0.0,0.0639408234473133,0.2554132374670106,0.0,3200.0,56.34073133955522,56.34073133955522,3143.659268660445,0.0,0.0639408234473133,0.0,0.2554132374670106,-0.045384419810788,-3.765106776386837,0.3441853930295109,1.7284818483499742,1.9775606885056969,0.3952341944668944,0.0492885174942451,4.5,45.97438274406193,-105.8194744900574,34.815138505973856,170.49582970434653,261.0478732752182,213.49489641202427,936.3432617748932
2012-01-01 06:45:00,20.252,8.959059857745629,0,42.857696822272615,4.5,90.0,48.657,520.15002171359,520.1543170987354,1019.4697473301936,103.67261403263988,25.92215460122688,53948.98104976452,80.0,80.002,20.003,0.0,74.86557097322104,200.0,32.86418725,8.959059857745629,-73.06237849737781,214.28848411136303,143.64057623585995,0.0,0.0639408234473133,0.0,0.2380983156792923,0.0,0.0,0.0639408234473133,0.2380983156792923,0.0,3200.0,243.23523626228408,243.23523626228408,2956.764763737716,0.0,0.0639408234473133,0.0,0.2380983156792923,-0.0419555648952322,-3.480647815985246,0.3047835913490382,1.8569640666546283,1.7017850657897484,0.5289238278384998,0.0978663494665285,4.5,42.857696822272615,-37.23269726705595,-141.2019504502205,132.40280396119408,234.15707475654503,171.4439909832387,0.0
2012-01-01 07:00:00,20.252,8.959059857745629,0,34.73555422881516,4.5,90.0,53.357,520.1502040272075,520.1336756396819,1039.1489921951209,103.67256780075142,25.91864798832849,55424.924414634064,80.0,79.994,20.004,0.0,71.64471495110001,200.0,18.958548,8.959059857745629,-96.95057950683449,173.6777711440758,102.0085073221906,0.0,0.0639408234473133,0.0,0.1929753012711953,0.0,0.0,0.0639408234473133,0.1929753012711953,0.0,3200.0,251.20308070399173,251.20308070399173,2948.796919296008,0.0,0.0639408234473133,0.0,0.1929753012711953,-0.0463534286655262,-3.84549607783796,0.4309296003116503,1.750846612156292,1.9979624661188529,0.4290956591769777,0.1,4.5,34.73555422881516,132.54623699036267,-97.92067592032214,149.75412375190015,229.0269099493685,167.34890575967177,0.0
2012-01-01 07:15:00,20.252,8.959059857745629,0,39.16705721979294,4.5,90.0,58.057,520.1505212605509,520.0931964023764,1065.756883788649,103.6726537140196,25.91621622372392,57420.51628414868,80.0,79.979,20.005,0.0,64.65601198631587,200.0,18.41888575,8.959059857745629,-385.7764897297533,195.83528609896467,63.57098564671422,327.5169679888201,0.0639408234473133,0.0,0.2175947623321829,0.0,0.0,0.0639408234473133,0.2175947623321829,0.0,3200.0,339.0150982336163,339.0150982336163,2860.984901766384,0.0,0.0639408234473133,0.0,0.2175947623321829,-0.0449010187999635,-3.725003665470019,0.3603152490036501,1.5925202925255793,1.789028565485726,0.1487306143493916,0.1,4.5,39.16705721979294,230.63601352444977,-192.0287837901653,147.53214204905655,218.81454455058088,157.55130301692844,1050.1168830290876
2012-01-01 07:30:00,20.252,8.959059857745629,0,42.02752515668678,4.5,90.0,62.757,520.1505614997507,520.0813700578722,1101.585108590786,103.6728032067108,25.911447375928606,60107.633144308966,80.0,79.975,20.007,0.0,61.73721153356167,200.0,39.07095475,8.959059857745629,-796.6501477553252,210.1376257834339,47.47880367233197,697.4454169873035,0.0639408234473133,0.0,0.2334862508704821,0.0,0.0,0.0639408234473133,0.2334862508704821,0.0,3200.0,352.94117647058823,352.94117647058823,2847.058823529412,0.0,0.0639408234473133,0.0,0.2334862508704821,-0.0529683959961288,-4.3942759989180376,0.4196464799575717,1.8851980930416057,2.0,0.0409640767882194,0.1,4.5,42.02752515668678,29.254833440517466,-56.10279992901635,144.4600390979448,173.49716130745344,197.19962273952257,2192.389251589041
2012-01-01 07:45:00,20.252,8.959059857745629,0,38.46823479468858,4.5,90.0,66.678,520.1506132984232,520.0685859948657,1141.9225133016532,103.67282216898694,25.910054117540604,63132.938497624,80.0,79.97,20.008,0.0,59.06248743256176,200.0,40.8715545,8.959059857745629,-997.7468440607348,192.3411739734429,28.94713572217039,885.930723121581,0.0639408234473133,0.0,0.2137124155260476,0.0,0.0,0.0639408234473133,0.2137124155260476,0.0,3200.0,352.94117647058823,352.94117647058823,2847.058823529412,0.0,0.0639408234473133,0.0,0.2137124155260476,-0.0463639729702643,-3.846370836915798,0.2958349188727504,1.730196496877325,1.7570308652678852,0.0474800990567832,0.083422993579594,4.5,38.46823479468858,37.65883876068708,-60.64610487865824,126.21610995737116,187.2158186583203,235.87806927806352,2784.8845912763654
2012-01-01 08:00:00,20.252,8.959059857745629,0,32.1113126241251,4.5,90.0,71.378,520.1506350446566,520.0281081315323,1189.3035112321002,103.6728465785363,25.908548030599693,66686.51334240752,80.0,79.956,20.009,0.0,56.31584560442175,200.0,50.87709975,8.959059857745629,-1299.13247995933,160.5565631206255,19.50488599234192,1106.644573949044,0.0639408234473133,0.0,0.1783961812451394,0.0,0.0,0.0639408234473133,0.1783961812451394,0.0,3200.0,220.84055179345145,220.84055179345145,2979.1594482065484,0.0,0.0639408234473133,0.0,0.1783961812451394,-0.0413064171022507,-3.4267942961116606,0.2785198758190006,1.4816562226012735,1.5601237198799205,0.0,0.1,4.5,32.1113126241251,15.81001707890338,-192.0222658260097,91.93873050343667,153.3362867238364,243.0859399597421,3411.958445998701
2012-01-01 08:15:00,20.252,8.959059857745629,0,35.83192807749585,4.5,90.0,76.078,520.1509290289677,520.0130871025941,1242.7964000773286,103.67285682620737,25.90377934467166,70698.48000579965,80.0,79.95,20.009,0.0,57.67826737499685,200.0,124.792603,8.959059857745629,-1687.3762602499926,179.15964038747924,46.549539440923965,1455.576320537744,0.0639408234473133,0.0,0.1990662670971991,0.0,0.0,0.0639408234473133,0.1990662670971991,0.0,3200.0,33.59737973029315,33.59737973029315,3166.402620269707,0.0,0.0639408234473133,0.0,0.1990662670971991,-0.0443818224880188,-3.6819309642979454,0.3532705443647895,1.707533148780903,1.5018535322779931,0.0,0.1,4.5,35.83192807749585,213.73342659981725,-71.25801053316209,130.4744987698047,171.55830841789492,203.34654787073413,4487.769639471567
2012-01-01 08:30:00,20.252,8.959059857745629,0,40.16224377594399,4.5,90.0,80.778,520.1514085459703,520.0194511678967,1300.920185918357,103.67299536305016,25.902009721390595,75057.76394387678,80.001,79.953,20.008,0.0,57.52581388384299,200.0,128.81924650000002,8.959059857745629,-1894.07922023982,200.81121887971992,50.18742885363085,1707.2931069335575,0.0639408234473133,0.0,0.2231235765330221,0.0,0.0,0.0639408234473133,0.2231235765330221,0.0,3200.0,-136.0273402315064,0.0,3200.0,136.0273402315064,0.0639408234473133,0.0,0.2231235765330221,-0.0436291297242962,-3.619487318724324,0.3318662370419212,1.930580302236754,1.2292299749051192,0.0169279458236746,0.1,4.5,40.16224377594399,348.6200054552351,57.835292284626505,128.44931928468793,165.10482288790752,252.91200014540792,5164.9886829429015
2012-01-01 08:45:00,20.252,8.959059857745629,0,33.49332923923051,4.5,84.263,83.708,520.151726563084,520.0063872616917,1361.249710346349,103.67322133011406,25.90275947017065,79582.47827597619,80.001,79.948,20.006,0.0,50.38031619402345,200.0,111.08692575,8.959059857745629,-1965.892950994139,167.46664619615254,49.485821459480135,1736.0344001612068,0.0639408234473133,-0.1078583323830814,0.1860740513290583,0.0,0.1078583323830814,0.0639408234473133,0.0782157189459769,0.0,3200.0,-182.3969071264173,0.0,3200.0,182.3969071264173,0.0639408234473133,0.0,0.0782157189459769,-0.0404835581175008,-3.358529637173433,0.2739931264976104,1.7430490238417735,1.3707262537445486,0.0,0.0623359394657061,4.5,33.49332923923051,231.2058327697873,-61.97364839572106,147.4416610676126,160.60471319778426,210.8637754055612,5251.938283835146
2012-01-01 09:00:00,20.252,8.959059857745629,0,39.06066041257354,4.5,68.306,87.907,520.1518623889883,520.0068306302953,1422.496186790013,103.6733711921483,25.90122041497962,84175.964009251,80.001,79.948,20.006,0.0,39.67119426376527,200.0,59.82605225,8.959059857745629,-1914.2540453260813,195.3033020628677,36.86733673777832,1766.0236398779216,0.0639408234473133,-0.3,0.2170036689587418,0.0,0.2170036689587418,0.0639408234473133,0.0,0.0829963310412581,3200.0,-53.25201744759868,0.0,3200.0,53.25201744759868,0.0639408234473133,0.0829963310412581,0.0,-0.036458110301448,-3.0245771285063703,0.3081929459627814,1.5638240888897,1.532558296860098,0.2175857687423072,0.0893422473979869,4.5,39.06066041257354,98.748589176648,4.029240990099117,131.4886782857902,120.41552575329436,248.8818391650848,5342.663234997806
2012-01-01 09:15:00,20.252,8.959059857745629,0,43.84613370395122,4.5,52.349,90.0,520.151676034713,520.0193193886785,1486.021122495852,103.67343519859776,25.90127264811268,88940.3341871889,80.001,79.952,20.005,5.822661553687708,39.67119426376527,200.0,75.676164,8.959059857745629,-1857.3240587750183,219.23066851975608,28.883209428595062,1734.8252398039333,0.0639408234473133,-0.3,0.2435896316886178,0.0,0.2435896316886178,0.0639408234473133,0.0,0.0564103683113821,3200.0,-166.68841232607275,0.0,3200.0,166.68841232607275,0.0639408234473133,0.0564103683113821,0.0,-0.0319503083818251,-2.650608360701443,0.1821569872323341,1.5601413663827086,1.3548741180625066,0.2764937025138927,0.044531914893617,4.5,43.84613370395122,-70.7234369499135,113.49521996006686,89.75188661667082,74.66350415294565,294.55590066436446,5348.737768765585
2012-01-01 09:30:00,20.252,8.959059857745629,0,48.72728028812753,4.5,36.392,90.0,520.151297388351,520.0459241266833,1548.5034109293592,103.6733473812144,25.902743945297257,93626.50581970194,80.0,79.962,20.004,10.18437437325123,40.38884686854567,200.0,72.2379315,8.959059857745629,-1788.102084048243,243.63640144063763,21.811863288626995,1705.0200214049778,0.0639408234473133,-0.3,0.2707071127118196,0.0,0.2707071127118196,0.0639408234473133,0.0,0.0292928872881804,3200.0,-152.8265396158802,0.0,3200.0,152.8265396158802,0.0639408234473133,0.0292928872881804,0.0,-0.0344585968124886,-2.85869681499472,0.0847631180987168,1.4875410005655256,1.6236295669732237,0.1481251493381289,0.0,4.5,48.72728028812753,-143.70033669911453,241.7782856543488,43.246868119459215,116.16712273577762,300.460026649784,5256.843614992023
2012-01-01 09:45:00,20.252,8.959059857745629,0,56.63671683586793,4.5,20.435,90.0,520.1512026943807,520.0847609788253,1609.177077367728,103.67316894832008,25.90587824215226,98177.0308025796,80.0,79.976,20.004,13.091890621460363,36.43439505734685,16.937477041121987,49.3418005,8.959059857745629,-1923.6834075832835,283.1835841793396,3.716432852299686,1702.9184106481894,0.0639408234473133,-0.3,0.3146484268659328,0.0,0.3,0.0639408234473133,0.0146484268659328,0.0,3200.0,1.983972121340787,1.983972121340787,3198.01602787866,0.0,0.0639408234473133,0.0,0.0146484268659328,-0.030234623344541,-2.5082745512806066,0.068805817840728,1.2779586602208788,1.485949022080728,0.1897256944700997,0.0,4.5,56.63671683586793,-35.93737267427749,352.94117647058823,20.83670368157504,160.5609406563873,340.06313695641586,5353.049756876026
2012-01-01 10:00:00,20.252,8.959059857745629,0,50.41624484118943,4.5,10.0,90.0,520.1509555565353,520.1182127831611,1668.8079977093546,103.6731243248378,25.91045360100393,102649.3498282016,80.0,79.988,20.004,12.360815840561967,37.91436503304856,17.62547961247092,57.318436,8.959059857745629,-1916.044239244549,252.0812242059471,44.32710694937903,1642.0073106039915,0.0639408234473133,-0.196178,0.280090249117719,0.0,0.196178,0.0639408234473133,0.083912249117719,0.0,3200.0,95.79668866334934,95.79668866334934,3104.2033113366506,0.0,0.0639408234473133,0.0,0.083912249117719,-0.0330914421985734,-2.7452772070614,0.0,1.5240259017489686,1.7234394129791708,0.4222182064217695,0.0,4.5,50.41624484118943,-93.79145069380247,304.0029901018222,13.232235362453997,187.019119087697,295.154066208082,5264.764172405559
2012-01-01 10:15:00,20.252,8.959059857745629,0,57.32520364845879,4.5,10.0,90.0,520.15091527157,520.1451839378786,1726.7667222848831,103.6730078638719,25.914394548857075,106996.25417136624,80.0,79.998,20.005,17.445016122325804,40.02894837919985,200.0,56.24040325,8.959059857745629,-1681.848617224516,286.6260182422939,6.39718420055388,1663.0553362803953,0.0639408234473133,0.0,0.3184733536025488,0.0,0.0,0.0639408234473133,0.3184733536025488,0.0,3200.0,209.7797222475469,209.7797222475469,2990.220277752453,0.0,0.0639408234473133,0.0,0.3184733536025488,-0.0358506645253891,-2.9741832220234383,0.0,1.6788368737695225,1.7772765318950277,0.6232251110183338,0.0,4.5,57.32520364845879,-15.28857437542774,245.1082039804676,0.0,236.48285620859764,262.09737417636825,5227.741921093319
2012-01-01 10:30:00,20.252,8.959059857745629,0,59.07148193898571,0.0,10.0,90.0,520.1505575482862,520.1840207900207,1784.9300791408853,103.67298888002928,25.91757201316405,111358.5059355664,80.0,80.012,20.006,27.59428710894288,27.04585824808941,12.572971293016767,52.73219075,8.959059857745629,-1928.22164858566,295.3574096949285,0.0,1710.868549535522,0.0,0.0,0.3281748996610317,0.0,0.0,0.0,0.3281748996610317,0.0,3200.0,293.05988894323343,293.05988894323343,2906.9401110567665,0.0,0.0,0.0,0.3281748996610317,-0.0380861117041948,-3.159636674028909,0.0545141554003159,1.4561304070358725,1.9066054906273184,0.473425530113893,0.0,0.0,59.07148193898571,-135.75980517722047,352.94117647058823,0.0,239.6413209388625,216.8648160893684,5378.040671750079
2012-01-01 10:45:00,20.252,8.959059857745629,0,60.901769197293405,4.5,10.0,90.0,520.14995821043,520.2145881961932,1844.1426517553589,103.67282030690318,25.92214737201573,115799.44888165192,80.0,80.023,20.007,28.30992365314357,27.88322878500774,12.962244786418887,31.959661,8.959059857745629,-1958.2783864835144,304.508845986467,4.081749623374009,1749.4073044616755,0.0639408234473133,0.0,0.3383431622071855,0.0,0.0,0.0639408234473133,0.3383431622071855,0.0,3200.0,352.94117647058823,352.94117647058823,2847.058823529412,0.0,0.0639408234473133,0.0,0.3383431622071855,-0.0335713381228384,-2.7850895348149245,0.0,1.3064758849981284,2.0,0.6864441175269171,0.0,4.5,60.901769197293405,-227.45511478951164,277.79018383706625,39.5342246239636,222.1644393792422,256.1617012857847,5393.696556654943
2012-01-01 11:00:00,20.252,8.959059857745629,0,64.55724128429988,4.5,10.0,90.0,520.149652191752,520.2534250483352,1902.8634970206133,103.67253787559224,25.925748509715888,120203.512276546,80.0,80.038,20.009,39.894458780860624,45.26558066471442,200.0,22.93718275,8.959059857745629,-1727.8761666930898,322.78620642149934,38.52430484502561,1744.4708835096037,0.0639408234473133,0.0,0.3586513404683326,0.0,0.0,0.0639408234473133,0.3586513404683326,0.0,3200.0,352.94117647058823,352.94117647058823,2847.058823529412,0.0,0.0639408234473133,0.0,0.3586513404683326,-0.0376979589200786,-3.127435388128546,0.038372219645637,1.328371874475153,2.0,0.4222573599755898,0.0,4.5,64.55724128429988,-116.13735526898196,352.94117647058823,35.241577855153444,218.43764341442284,272.4699414702166,5483.668143146056
2012-01-01 11:15:00,20.252,8.959059857745629,0,65.831500318461,4.5,10.0,90.0,520.1493058669744,520.2880603453152,1961.9476950746543,103.67239366768769,25.93032386856756,124634.82713059912,80.0,80.05,20.01,40.60465332104,30.498680422973592,14.178105568531112,35.129913,8.959059857745629,-1933.6029847798047,329.157501592305,35.16115704833777,1732.8388672431213,0.0639408234473133,0.0,0.3657305573247832,0.0,0.0,0.0639408234473133,0.3657305573247832,0.0,3200.0,352.94117647058823,352.94117647058823,2847.058823529412,0.0,0.0639408234473133,0.0,0.3657305573247832,-0.0419094093646435,-3.476818737598608,0.0,1.546520925584155,2.0,0.2541243773757489,0.0,4.5,65.831500318461,-131.43395039530466,314.75832332721205,49.696851089327374,194.6954226279693,295.6211776944925,5447.10340730321
2012-01-01 11:30:00,20.252,8.959059857745629,0,62.91570403753843,4.5,10.0,90.0,520.1489839280966,520.2986690751292,2023.0016231066788,103.6722304659811,25.934404243363083,129213.87173300092,80.0,80.054,20.011,51.44288644747757,27.508962286423813,12.78825726125074,160.51175275,8.959059857745629,-2075.946653811636,314.57852018769216,45.02717598172749,1739.0967570138423,0.0639408234473133,0.0,0.3495316890974357,0.0,0.0,0.0639408234473133,0.3495316890974357,0.0,3200.0,352.94117647058823,352.94117647058823,2847.058823529412,0.0,0.0639408234473133,0.0,0.3495316890974357,-0.0408219563148746,-3.386603265774643,0.0,1.3024844359412289,1.9788740888533072,0.0714194182532561,0.0,4.5,62.91570403753843,-122.17924102708672,96.4099141638214,39.57725743582729,193.01122131730696,332.4171192374158,5466.774810880886
2012-01-01 11:45:00,20.252,8.959059857745629,0,65.41890050584163,4.5,10.0,90.0,520.148483044252,520.3338867914099,2083.2973408555,103.67207875585912,25.935654054899864,133736.0505641625,79.999,80.067,20.012,48.54093808002957,37.34049444723133,17.358700931047622,147.00791024999998,8.959059857745629,-2100.855768078486,327.09450252920817,76.11692468740796,1758.1495114139436,0.0639408234473133,0.0,0.3634383361435646,0.0,0.0,0.0639408234473133,0.3634383361435646,0.0,3200.0,352.94117647058823,352.94117647058823,2847.058823529412,0.0,0.0639408234473133,0.0,0.3634383361435646,-0.0358563958506062,-2.9746586946967137,0.0,1.0558151361156938,1.7133233505696357,0.0,0.0,4.5,65.41890050584163,-190.090766369526,320.0512279231552,40.08425932191162,212.1136267452918,339.71764983816087,5526.6663134165
2012-01-01 12:00:00,20.252,8.959059857745629,0,60.73373703088877,4.5,10.0,90.0,520.1478111263948,520.3548414293657,2145.398292293461,103.67184271990811,25.93980304435276,138393.6219220096,79.999,80.074,20.013,36.97714424269911,25.59890358565836,11.90031674953126,47.21531475,8.959059857745629,-2022.77097132068,303.66868515444384,78.9019734601292,1697.839672985138,0.0639408234473133,0.0,0.3374096501716043,0.0,0.0,0.0639408234473133,0.3374096501716043,0.0,3200.0,223.27944870895536,223.27944870895536,2976.720551291045,0.0,0.0639408234473133,0.0,0.3374096501716043,-0.034971274032851,-2.9012286901301354,0.0,0.9719618376944328,1.747504299327209,0.0,0.0,4.5,60.73373703088877,-255.0,190.4313600290305,3.4042183579039147,226.8924596983519,332.72697238529224,5443.779344400682
2012-01-01 12:15:00,20.252,8.959059857745629,0,60.90302349275013,4.5,10.0,90.0,520.1471821158577,520.3496039625596,2207.8312407441804,103.67152608607752,25.942271704477527,143076.09305581352,79.999,80.073,20.014,56.23416682867448,35.87559512947904,16.677704347381784,64.14945775,8.959059857745629,-1952.975820602316,304.51511746375064,38.696736895725344,1686.4731498681313,0.0639408234473133,0.0,0.3383501305152785,0.0,0.0,0.0639408234473133,0.3383501305152785,0.0,3200.0,352.94117647058823,352.94117647058823,2847.058823529412,0.0,0.0639408234473133,0.0,0.3383501305152785,-0.0297473819656772,-2.467852842135829,0.0792095627699664,0.977297666375505,1.517606876196251,0.293296643198148,0.0,4.5,60.90302349275013,-238.7162139712267,-24.84593208410753,22.309367056528416,204.54076998377312,342.4820733263004,5407.334888103333
2012-01-01 12:30:00,20.252,8.959059857745629,0,55.15915377483556,4.5,10.0,90.0,520.1469351112551,520.3180367306118,2269.6099058412265,103.67122967184518,25.94165467995597,147709.49293809198,79.999,80.061,20.016,47.08945342437004,35.87559512947904,16.677704347381784,44.11902025,8.959059857745629,-1783.989918520457,275.7957688741778,60.716358521710255,1527.573114909174,0.0639408234473133,0.0,0.3064397431935308,0.0,0.0,0.0639408234473133,0.3064397431935308,0.0,3200.0,352.94117647058823,352.94117647058823,2847.058823529412,0.0,0.0639408234473133,0.0,0.3064397431935308,-0.0242250403087961,-2.009717515507641,0.0,1.0034936185469392,1.3843230454985735,0.5397703760669179,0.0,4.5,55.15915377483556,-93.74088365714644,-149.75126909687322,71.9501563646433,200.97456079957365,345.7460192000676,5384.795904760976
2012-01-01 12:45:00,20.252,8.959059857745629,0,55.57156258401047,4.5,10.0,90.0,520.1463896173611,520.2775536016424,2333.1463849509664,103.6711132736684,25.937935753056664,152474.72887132247,79.999,80.046,20.017,47.81470660702725,40.99346036254428,200.0,113.21878925,8.959059857745629,-1741.157303326197,277.8578129200523,87.71615697360309,1532.028634792245,0.0639408234473133,0.0,0.3087309032445025,0.0,0.0,0.0639408234473133,0.3087309032445025,0.0,3200.0,325.44902111922727,325.44902111922727,2874.5509788807726,0.0,0.0639408234473133,0.0,0.3087309032445025,-0.0218123599301256,-1.8095607374578224,0.0431035337047109,0.7057774124079719,1.412527521681797,0.5225336290026767,0.0,4.5,55.57156258401047,-207.02075627404605,-192.0472453900981,54.17761688294232,177.47497466051948,350.2095650484763,5400.50190598984
2012-01-01 13:00:00,20.252,8.959059857745629,0,56.40433989000467,4.5,10.0,90.0,520.1460439585418,520.2504749610928,2395.200968826105,103.67085621572694,25.93316644678549,157128.82266195788,79.999,80.037,20.018,55.76259168037519,43.34600114312739,200.0,148.97305275,8.959059857745629,-1741.6280419899158,282.02169945002333,79.61729084419578,1543.3001267696902,0.0639408234473133,0.0,0.3133574438333593,0.0,0.0,0.0639408234473133,0.3133574438333593,0.0,3200.0,352.94117647058823,352.94117647058823,2847.058823529412,0.0,0.0639408234473133,0.0,0.3133574438333593,-0.0145602714422769,-1.2079250302615443,0.0,0.5674573606434531,1.188291683359873,0.7351674394927272,0.0,4.5,56.40433989000467,-131.18121211236797,-128.45791466308918,71.93018021945458,224.01832447935888,334.3835763819061,5440.234658058012
2012-01-01 13:15:00,20.252,8.959059857745629,0,61.08117963286955,4.5,10.0,90.0,520.1457024616078,520.2567793517787,2456.1901370386945,103.67069332784584,25.92997631960225,161703.01027790207,79.998,80.039,20.019,61.87958607443636,81.21003429998689,200.0,175.32430975,8.959059857745629,-1670.404837764959,305.4058981643477,82.01327967788976,1559.740699030858,0.0639408234473133,0.0,0.3393398868492752,0.0,0.0,0.0639408234473133,0.3393398868492752,0.0,3200.0,352.94117647058823,352.94117647058823,2847.058823529412,0.0,0.0639408234473133,0.0,0.3393398868492752,-0.016376487543994,-1.3585989306984578,0.0,0.7625625014052373,1.0506407514715863,0.6654270913885452,0.0,4.5,61.08117963286955,-129.60173216565445,57.292981868721625,77.24674601267367,194.1921243335273,286.125462379884,5498.188758794544
2012-01-01 13:30:00,20.252,8.959059857745629,0,66.77539039162636,4.5,17.586,90.0,520.1457642130057,520.2662606466204,2475.964826569377,103.67053240120696,25.930719038132164,163186.11199270326,79.998,80.042,20.021,54.06895835229835,55.717276550542,200.0,212.3559035,8.959059857745629,-126.75795638833804,333.87695195813177,101.10062989273791,0.0,0.0639408234473133,0.1614060474623309,0.3709743910645908,0.0639408234473133,0.0,0.0,0.3709743910645908,-0.0974652240150175,3200.0,352.94117647058823,352.94117647058823,2847.058823529412,0.0,0.0,-0.0974652240150175,0.3709743910645908,-0.0139509471672737,-1.1573752828725494,0.0128825274223053,0.6557078774413417,0.8459814348827679,0.7690697850291438,0.0,4.5,66.77539039162636,44.89470140842343,86.16402131800281,86.6577540571279,211.00595424367515,265.66162504794335,0.0
2012-01-01 13:45:00,20.252,8.959059857745629,0,57.78646746472136,4.5,20.124,90.0,520.1455448324778,520.2654571177171,2497.2367206973886,103.67056150086766,25.93183602686545,164781.50405230414,79.998,80.042,20.022,36.96258936878215,65.15124738092413,200.0,128.6223875,8.959059857745629,-51.68461203407847,288.9323373236068,91.52019735562604,0.0,0.0639408234473133,0.0540080511785071,0.321035930359563,0.0540080511785071,0.0,0.0099327722688061,0.321035930359563,0.0,3200.0,352.94117647058823,352.94117647058823,2847.058823529412,0.0,0.0099327722688061,0.0,0.321035930359563,-0.0047885943047885,-0.3972633987939845,0.0,0.3639221160313788,0.6307515729010988,0.8690421596504889,0.0,4.5,57.78646746472136,-83.25725242040589,-3.8118474629013104,67.46706896897274,226.3331099030791,261.26970316424536,0.0
2012-01-01 14:00:00,20.252,8.959059857745629,0,51.62707253409892,4.5,14.04,90.0,520.1452635932286,520.2672891135676,2518.444474531052,103.67045812022944,25.931741363346724,166372.08558982887,79.998,80.043,20.023,46.37443916561904,62.05709282412783,200.0,115.560389,8.959059857745629,-46.52785052638703,258.13536267049454,54.1701660786102,0.0,0.0639408234473133,-0.114374514414966,0.2868170696338827,0.0,0.114374514414966,0.0639408234473133,0.1724425552189167,0.0,3200.0,307.1827726777374,307.1827726777374,2892.8172273222626,0.0,0.0639408234473133,0.0,0.1724425552189167,-0.0071026223496908,-0.5892359459574056,0.1391740846748864,0.5905393901081174,0.5165552769030284,0.7229731982930816,0.0,4.5,51.62707253409892,-106.7332974761548,16.64879451022882,85.45730392503448,272.4022781877669,273.7778134475758,0.0
2012-01-01 14:15:00,20.252,8.959059857745629,0,59.28739914739492,4.5,22.584,90.0,520.1453423886085,520.275374203509,2538.520388558988,103.67032558935556,25.93195719027317,167877.77914192405,79.998,80.046,20.024,57.45789860319284,63.02336251694204,200.0,132.75350799999998,8.959059857745629,-20.68656794004588,296.4369957369745,81.30291110014244,0.0,0.0639408234473133,0.1817909803040191,0.3293744397077495,0.0639408234473133,0.0,0.0,0.3293744397077495,-0.1178501568567058,3200.0,237.74272455351232,237.74272455351232,2962.257275446488,0.0,0.0,-0.1178501568567058,0.3293744397077495,-0.0149472585202209,-1.2400296087846472,0.2446774024199156,0.867299510594393,0.5662755775413506,0.8252186704275651,0.0,4.5,59.28739914739492,57.28607244704352,73.47560367085178,118.82858564876082,271.90077309464425,292.69038149315503,0.0
2012-01-01 14:30:00,20.252,8.959059857745629,0,56.9895864222657,4.5,34.615,90.0,520.1453469350453,520.306899405619,2557.757342514722,103.67036272080357,25.93290969249181,169320.55068860415,79.998,80.057,20.025,48.52052469353576,58.44457629686941,200.0,109.87045625,8.959059857745629,-66.97610669486707,284.9479321113285,89.91765061933437,0.0,0.0639408234473133,0.2559766132446389,0.3166088134570316,0.0639408234473133,0.0,0.0,0.3166088134570316,-0.1920357897973255,3200.0,267.022721793633,267.022721793633,2932.977278206367,0.0,0.0,-0.1920357897973255,0.3166088134570316,-0.019032910474427,-1.5789766730607262,0.3740221612708893,0.9461191636701785,0.6667012597478026,0.8474069729381242,0.0,4.5,56.9895864222657,3.305365248399459,286.49443267066124,114.59336485280376,247.34517858362287,337.6203945591594,0.0
2012-01-01 14:45:00,20.252,8.959059857745629,0,55.229059705505065,4.5,48.715,90.0,520.1454048550164,520.3127351866507,2577.694893969493,103.6703648632614,25.936623667867494,170815.867047712,79.998,80.059,20.026,24.65702079048571,64.9858889640379,200.0,108.951307,8.959059857745629,-85.67808881567365,276.1452985275253,115.849380053771,0.0,0.0639408234473133,0.3,0.3068281094750281,0.0639408234473133,0.0,0.0,0.3068281094750281,-0.2360591765526866,3200.0,275.6470375120275,275.6470375120275,2924.3529624879725,0.0,0.0,-0.2360591765526866,0.3068281094750281,-0.0163992330803074,-1.3604859080634488,0.501746975317117,0.720923744719529,0.537264733347143,0.8803339244622903,0.0,4.5,55.229059705505065,42.10916513259214,53.03435549889382,144.48972783658974,297.19627740896,330.71300638168896,0.0
2012-01-01 15:00:00,20.252,8.959059857745629,0,59.30105302659876,4.5,62.815,90.0,520.1456236731786,520.2964636853081,2598.467152553606,103.6703921574048,25.937311179623133,172373.78644152044,79.998,80.053,20.026,16.692943653320768,64.32725323456438,200.0,110.3881335,8.959059857745629,-72.07272056493272,296.50526513299377,76.53663530785903,0.0,0.0639408234473133,0.3,0.3294502945922153,0.0639408234473133,0.0,0.0,0.3294502945922153,-0.2360591765526866,3200.0,151.52285800433418,151.52285800433418,3048.477141995666,0.0,0.0,-0.2360591765526866,0.3294502945922153,-0.0172006366814779,-1.4269706211426842,0.5405003332544953,0.4906387962551704,0.5399490658897989,0.6526108907019317,0.0,4.5,59.30105302659876,159.08588954093707,-77.19010587225387,181.09034855307243,312.49931385827216,357.4752804441013,0.0
2012-01-01 15:15:00,20.252,8.959059857745629,0,66.40333119530776,4.5,76.915,90.0,520.1457411858636,520.2559810117225,2621.8359229857288,103.67049527303443,25.935394238532613,174126.44422392966,79.998,80.039,20.026,10.893865351916988,77.4363673376264,200.0,204.77042175,8.959059857745629,-121.09340672706438,332.01665597653874,100.23357437741092,0.0,0.0639408234473133,0.3,0.3689073955294875,0.0639408234473133,0.0,0.0,0.3689073955294875,-0.2360591765526866,3200.0,11.334187352491648,11.334187352491648,3188.6658126475086,0.0,0.0,-0.2360591765526866,0.3689073955294875,-0.0145122106743277,-1.2039378927408195,0.6809723242447386,0.2737005125057316,0.6459039703012003,0.9425209603155904,0.0,4.5,66.40333119530776,85.4344530511805,-192.04508510275272,156.5656144894223,351.638395459446,398.0729142636113,0.0
2012-01-01 15:30:00,20.252,8.959059857745629,0,61.16162378971156,4.5,90.0,90.0,520.1455499973989,520.2328121387886,2645.443623995752,103.6705506495826,25.930624985910075,175897.02179968133,79.998,80.03,20.026,20.15623755268803,44.36287514918803,200.0,112.09054325,8.959059857745629,-43.283653578287925,305.80811894855776,50.49060972309917,0.0,0.0639408234473133,0.2784042553191488,0.3397867988317308,0.0639408234473133,0.0,0.0,0.3397867988317308,-0.2144634318718355,3200.0,48.25637227354701,48.25637227354701,3151.743627726453,0.0,0.0,-0.2144634318718355,0.3397867988317308,-0.0091348223284099,-0.7578279416851895,0.6070084819514281,0.1446634424808667,0.3590874587861756,0.863665286775341,0.0,4.5,61.16162378971156,-72.5580634184492,-109.91043279071934,154.39012654992098,308.1540124443654,352.0100653320839,0.0
2012-01-01 15:45:00,20.252,8.959059857745629,0,53.01410645244133,4.5,90.0,90.0,520.1456411332572,520.1923308088185,2666.7939813811395,103.6704605541412,25.927895467372537,177498.29860358546,79.998,80.015,20.027,25.40170751727544,42.96871699278835,200.0,105.0823355,8.959059857745629,-39.48751720518285,265.07053226220665,54.2847191698279,0.0,0.0639408234473133,0.0,0.294522813624674,0.0,0.0,0.0639408234473133,0.294522813624674,0.0,3200.0,243.13469549541333,243.13469549541333,2956.8653045045867,0.0,0.0639408234473133,0.0,0.294522813624674,-0.0022440560347821,-0.1861676456011821,0.5071591515893349,0.1758143123438466,0.0932085836716203,0.7884752463440963,0.0,4.5,53.01410645244133,66.25788707302597,-192.03871114726664,186.7108916403016,334.1420125819561,355.5091315551062,0.0
2012-01-01 16:00:00,20.252,8.959059857745629,0,49.86894720310175,4.5,90.0,90.0,520.1459716112277,520.1744627753769,2685.429746468684,103.6705035009026,25.92312637304097,178895.98098515123,79.999,80.009,20.029,19.60033014071504,80.44570960428378,200.0,107.84619475,8.959059857745629,-59.07416486140929,249.34473601550872,87.0326524395262,0.0,0.0639408234473133,0.0,0.2770497066838985,0.0,0.0,0.0639408234473133,0.2770497066838985,0.0,3200.0,352.94117647058823,352.94117647058823,2847.058823529412,0.0,0.0639408234473133,0.0,0.2770497066838985,0.0037034760317792,0.3072416208375481,0.4688203265461624,0.0265364832891401,0.0,0.99253511841386,0.0,4.5,49.86894720310175,240.26516518000028,-84.76386806933246,144.3755202722033,343.5994389194174,338.6317544341888,0.0
2012-01-01 16:15:00,20.252,8.959059857745629,0,45.45595562378881,4.5,90.0,90.0,520.1462404412354,520.1678546308772,2703.5081391152034,103.67065923497724,25.921021344943693,180251.86043364025,79.999,80.006,20.03,0.0,77.99480053547157,200.0,77.07178375,8.959059857745629,-37.14563885888887,227.27977811894405,57.91498856618544,0.0,0.0639408234473133,0.0,0.2525330867988267,0.0,0.0,0.0639408234473133,0.2525330867988267,0.0,3200.0,352.94117647058823,352.94117647058823,2847.058823529412,0.0,0.0639408234473133,0.0,0.2525330867988267,0.0013020343782141,0.1080172112134676,0.4150054416570096,0.0,0.2597943149532006,0.9435892458729204,0.0,4.5,45.45595562378881,195.4456635131382,-31.348267306166296,165.2306653659777,340.1601505318132,291.3961417000538,0.0
2012-01-01 16:30:00,20.252,8.959059857745629,0,38.861699557529285,4.5,82.685,90.0,520.1464554792277,520.1611853580588,2722.3152485208893,103.67078591813384,25.920242841260656,181662.3936390667,79.999,80.004,20.031,0.0,60.942321638692725,200.0,92.02344725,8.959059857745629,-76.91821095193555,194.3084977876464,72.74619042105809,0.0,0.0639408234473133,-0.137522443343947,0.2158983308751626,0.0,0.137522443343947,0.0639408234473133,0.0783758875312156,0.0,3200.0,352.94117647058823,352.94117647058823,2847.058823529412,0.0,0.0639408234473133,0.0,0.0783758875312156,0.0035772086261551,0.2967664342749748,0.4816006897031861,0.0094968672748528,0.0479127423793743,0.8316902121096317,0.0,4.5,38.861699557529285,156.3376181741261,-31.638252924777223,163.3383314115789,301.6446780152557,319.7190954481481,0.0
2012-01-01 16:45:00,20.252,8.959059857745629,0,46.00423020322083,4.5,89.915,90.0,520.1469349996418,520.154713065532,2740.1274168279274,103.67088725240038,25.919457136067244,182998.30626209456,79.999,80.002,20.032,0.0,39.79020776733307,200.0,91.2761295,8.959059857745629,-57.27501226661738,230.0211510161041,78.16317793093027,0.0,0.0639408234473133,0.1538284599038467,0.2555790566845601,0.0639408234473133,0.0,0.0,0.2555790566845601,-0.0898876364565334,3200.0,276.5172622037579,276.5172622037579,2923.482737796242,0.0,0.0,-0.0898876364565334,0.2555790566845601,-0.0036070351575346,-0.2992408533791832,0.5237784228490441,0.2931210683823957,0.1945432868121812,1.0196579627636857,0.0,4.5,46.00423020322083,348.62248558541137,-30.70380138026631,169.74501660785376,317.5749581539462,313.08047508145427,0.0
2012-01-01 17:00:00,20.252,8.959059857745629,0,53.48928729898121,4.5,90.0,90.0,520.1474145196902,520.1221549199109,2761.2795665184703,103.67111322107188,25.91869463706771,184584.71748888528,79.999,79.99,20.032,0.0,72.1749779673654,200.0,83.01770575,8.959059857745629,-32.74049957758919,267.44643649490604,99.94957179006111,0.0,0.0639408234473133,0.0018085106382977,0.2971627072165622,0.0018085106382977,0.0,0.0621323128090155,0.2971627072165622,0.0,3200.0,67.93974526892708,67.93974526892708,3132.0602547310727,0.0,0.0621323128090155,0.0,0.2971627072165622,-0.005442785126583,-0.4515352900389885,0.5009020501593894,0.5098082558434861,0.3785175153148805,1.1221312098302847,0.0,4.5,53.48928729898121,348.6222197399154,-154.45204806808198,120.14398308439782,268.36692200453194,339.8310582796769,0.0
2012-01-01 17:15:00,20.252,8.959059857745629,0,60.679690169560686,4.5,90.0,90.0,520.1477588193646,520.0848916668496,2781.752199021796,103.67133918957109,25.914858970901555,186120.1649266347,79.999,79.976,20.033,0.0,65.98224823818782,200.0,89.73236225000001,8.959059857745629,-71.31403253488796,303.3984508478034,118.01282925997026,0.0,0.0639408234473133,0.0,0.3371093898308926,0.0,0.0,0.0639408234473133,0.3371093898308926,0.0,3200.0,245.72076632913857,245.72076632913857,2954.279233670861,0.0,0.0639408234473133,0.0,0.3371093898308926,-0.0080422249722674,-0.6671856964692123,0.4205828703393914,0.800814478604085,0.6111830023754083,1.373472528998758,0.0,4.5,60.679690169560686,250.3138652430884,-176.7725293692593,137.84245520741018,259.1978642278833,303.64286026539605,0.0
2012-01-01 17:30:00,20.252,8.959059857745629,0,68.06939627154273,4.5,90.0,90.0,520.1479778870846,520.0444134593212,2802.857761151862,103.67150143697027,25.910468997324063,187703.08208638965,79.999,79.962,20.034,0.0,69.20447574041381,200.0,115.83346825,8.959059857745629,-19.61068159489625,340.3469813577136,116.72392520723156,0.0,0.0639408234473133,0.0,0.3781633126196818,0.0,0.0,0.0639408234473133,0.3781633126196818,0.0,3200.0,251.69880988311405,251.69880988311405,2948.301190116886,0.0,0.0639408234473133,0.0,0.3781633126196818,-0.0127491815269426,-1.0576763999760888,0.3462314648382585,0.9823105759786276,0.644983870675493,1.159521323965297,0.0,4.5,68.06939627154273,159.267323826549,-192.02389864772545,175.70200410339766,238.0141055708009,300.797271920484,0.0
2012-01-01 17:45:00,20.252,8.959059857745629,0,72.0,4.5,90.0,90.0,520.1479757209672,520.003936106244,2826.170962165415,103.67160467020122,25.9057002708465,189451.5721624061,79.999,79.947,20.034,0.0,300.0,200.0,154.02004399999998,8.959059857745629,169.10375187318706,360.0,135.75118292087808,0.0,0.0639408234473133,0.0,0.4,0.0,0.0,0.0639408234473133,0.4,0.0,3200.0,55.54152129661625,55.54152129661625,3144.458478703384,0.0,0.0639408234473133,0.0,0.4,-0.0153417722974654,-1.272758604820602,0.3794815513183579,1.1137134451678214,0.5109014349941342,0.9952741102679888,0.0,4.5,72.0,-0.8220646696803058,-192.01984523021952,194.1587379786669,279.0959469735337,307.76030423730026,0.0
2012-01-01 18:00:00,20.252,8.959059857745629,0,72.0,4.5,90.0,90.0,520.1479106051307,519.9634596076003,2848.6489987690247,103.67160364944246,25.900931645031605,191137.42490767685,79.999,79.932,20.035,0.0,100.15222676639024,200.0,158.676962,8.959059857745629,-95.72958207654897,360.0,150.0,0.0,0.0639408234473133,0.0,0.4,0.0,0.0,0.0639408234473133,0.4,0.0,3200.0,146.3023025705718,146.3023025705718,3053.697697429428,0.0,0.0639408234473133,0.0,0.4,-0.0116105119195463,-0.963211985255191,0.3246799871473314,0.8870518932140945,0.6297199239726294,1.147055441501529,0.0,4.5,72.0,-24.71215510413496,-192.0157918982769,178.02313745583214,304.38670051805286,267.42396031169693,0.0
2012-01-01 18:15:00,20.252,8.959059857745629,0,72.0,4.5,90.0,90.0,520.1475751907875,519.940957797967,2872.08056699918,103.67157296432742,25.89616311987727,192894.7925249385,79.999,79.924,20.035,0.0,70.94174649803733,200.0,144.31239499999998,8.959059857745629,-92.80757384702272,360.0,150.0,0.0,0.0639408234473133,0.0,0.4,0.0,0.0,0.0639408234473133,0.4,0.0,3200.0,-23.41571115756605,0.0,3200.0,23.41571115756605,0.0639408234473133,0.0,0.4,-0.0113098944081378,-0.9382726551056896,0.3226860077515804,0.9111475796601676,0.5562374202755747,1.1221553989037,0.0,4.5,72.0,-127.29332404656608,-106.74596224092484,221.35110701089388,288.2992536394589,240.4938699402536,0.0
2012-01-01 18:30:00,20.252,8.959059857745629,0,72.0,4.5,90.0,90.0,520.1472437548902,519.9104094659446,2895.5531695502427,103.67141490404194,25.89351218788341,194655.2377162682,79.999,79.913,20.035,0.0,72.7078509686103,200.0,120.2241105,8.959059857745629,-39.02932012973704,360.0,119.8982011522733,0.0,0.0639408234473133,0.0,0.4,0.0,0.0,0.0639408234473133,0.4,0.0,3200.0,42.39364752763683,42.39364752763683,3157.606352472363,0.0,0.0639408234473133,0.0,0.4,-0.0139542120535755,-1.1576461389414447,0.2025993333244555,0.9763770296702868,0.5337163644801054,0.8277249832618446,0.0,4.5,72.0,-125.7834613508276,-144.9177266070932,243.3510501762325,274.1253847358344,283.1848499298188,0.0
2012-01-01 18:45:00,20.252,8.959059857745629,0,63.09987120204229,4.5,90.0,90.0,520.14700725415,519.8812097823144,2917.4451777175564,103.6712587185549,25.88991329730361,196297.1383288167,79.999,79.902,20.035,0.0,63.18537622312613,200.0,236.076537,8.959059857745629,-232.1650343044395,315.49935601021144,150.0,0.0,0.0639408234473133,0.0,0.350554840011346,0.0,0.0,0.0639408234473133,0.350554840011346,0.0,3200.0,156.3898097524101,156.3898097524101,3043.61019024759,0.0,0.0639408234473133,0.0,0.350554840011346,-0.010306820301817,-0.855057288892529,0.1459214322378858,1.0277919205470902,0.2650936056532775,0.8166828321562691,0.0,4.5,63.09987120204229,-89.75455570358825,-138.51989582287223,250.70250113044776,297.1124611988332,258.6169206655765,0.0
2012-01-01 19:00:00,20.252,8.959059857745629,0,72.0,4.5,90.0,90.0,520.1468522140921,519.840735874291,2940.522981877572,103.67114727020672,25.88647329061937,198027.9736408179,79.999,79.888,20.036,0.0,59.840981267943725,200.0,304.4399415,8.959059857745629,-302.31352968369833,360.0,150.0,0.0,0.0639408234473133,0.0,0.4,0.0,0.0,0.0639408234473133,0.4,0.0,3200.0,44.58363446569216,44.58363446569216,3155.416365534308,0.0,0.0639408234473133,0.0,0.4,-0.0112801925058458,-0.9358085752726272,0.2152578082227,1.0392604360423403,0.4068704223373735,0.999797607884401,0.0,4.5,72.0,-58.8393571840505,-192.00350229702644,223.4747375168116,313.00037575580683,269.223267886103,0.0
2012-01-01 19:15:00,20.252,8.959059857745629,0,72.0,4.5,90.0,90.0,520.1463400217887,519.8182864582261,2962.77749704395,103.67107420930068,25.881705070665312,199697.06227829625,79.999,79.879,20.036,0.0,43.72548733480353,200.0,279.3910105,8.959059857745629,-242.59847080414764,360.0,136.3500489946526,0.0,0.0639408234473133,0.0,0.4,0.0,0.0,0.0639408234473133,0.4,0.0,3200.0,269.9204025466204,269.9204025466204,2930.0795974533794,0.0,0.0639408234473133,0.0,0.4,-0.0088664305132081,-0.7355620661632364,0.0665053911744528,0.803518537481668,0.6510962469793297,1.0639836807558374,0.0,4.5,72.0,-194.38244717129467,-106.497413259336,173.48626508910405,323.4349920760636,290.2575791298145,0.0
2012-01-01 19:30:00,20.252,8.959059857745629,0,65.11478743222409,4.5,90.0,90.0,520.1462092659402,519.8243454095426,2982.438940482896,103.67083284436404,25.879060311143306,201171.6705362172,79.999,79.882,20.038,0.0,70.24339143904653,200.0,259.23438975,8.959059857745629,-266.2511781652165,325.57393716112045,135.91142676323736,0.0,0.0639408234473133,0.0,0.3617488190679116,0.0,0.0,0.0639408234473133,0.3617488190679116,0.0,3200.0,352.94117647058823,352.94117647058823,2847.058823529412,0.0,0.0639408234473133,0.0,0.3617488190679116,-0.0079704523950451,-0.6612314192528165,0.0144861316287651,1.0450096922321932,0.6767621012137972,1.3098942991182572,0.0,4.5,65.11478743222409,-49.62324038287697,55.06248029593687,135.53113831751648,352.07585323285105,315.86707299488125,0.0
2012-01-01 19:45:00,20.252,8.959059857745629,0,68.51670615690357,4.5,90.0,90.0,520.1459978296441,519.8064874957932,3003.4894253045068,103.6707712271221,25.87977411452872,202750.456897838,79.999,79.875,20.039,0.0,86.49621821113443,200.0,246.96804725,8.959059857745629,-217.1510675674747,342.5835307845178,120.50599863437304,0.0,0.0639408234473133,0.0,0.380648367538353,0.0,0.0,0.0639408234473133,0.380648367538353,0.0,3200.0,352.94117647058823,352.94117647058823,2847.058823529412,0.0,0.0639408234473133,0.0,0.380648367538353,-0.0072852703820265,-0.6043884883300498,0.0400064003985475,1.1166619798047188,0.8020175633086963,1.6008249699414432,0.0,4.5,68.51670615690357,-80.24233163625665,-84.71586142880098,158.1602954270383,353.29053989546435,359.45133104893847,0.0
2012-01-01 20:00:00,20.252,8.959059857745629,0,61.73351423607105,4.5,90.0,90.0,520.1455291447445,519.7953947669517,3024.433054187597,103.6706715901149,25.87767027862959,204321.2290640698,79.998,79.871,20.04,0.0,68.34657884317376,200.0,218.53292775,8.959059857745629,-217.0576304915119,308.66757118035525,139.82650290775752,0.0,0.0639408234473133,0.0,0.3429639679781724,0.0,0.0,0.0639408234473133,0.3429639679781724,0.0,3200.0,352.94117647058823,352.94117647058823,2847.058823529412,0.0,0.0639408234473133,0.0,0.3429639679781724,-0.0069680307407171,-0.5780701806770642,0.0,1.3283346294198952,0.7653016423594481,1.7214912284404127,0.0,4.5,61.73351423607105,-177.87092296423634,-52.62261273009658,196.9538602599066,382.13397714621294,353.4475883236082,0.0
2012-01-01 20:15:00,20.252,8.959059857745629,0,56.461971010577145,4.5,90.0,90.0,520.1448572268873,519.7820208405152,3045.739301363318,103.6704507275593,25.87636344730071,205919.1976022489,79.998,79.866,20.042,0.0,92.8427477166804,200.0,192.48639475,8.959059857745629,-170.64530754406522,282.3098550528857,114.65374505537348,0.0,0.0639408234473133,0.0,0.3136776167254285,0.0,0.0,0.0639408234473133,0.3136776167254285,0.0,3200.0,352.94117647058823,352.94117647058823,2847.058823529412,0.0,0.0639408234473133,0.0,0.3136776167254285,-0.0009269593156718,-0.076900857506201,0.0,1.1889510065215994,0.6461733006122912,1.9434961851900248,0.0,4.5,56.461971010577145,-255.0,-63.44434824031917,225.8364077460966,400.0,368.0417047829709,0.0
2012-01-01 20:30:00,20.252,8.959059857745629,0,48.74704952845561,4.5,81.952,90.0,520.1445018694317,519.7854195438007,3112.602643201863,103.6701340937287,25.87478786871161,210933.94824013973,79.998,79.867,20.042,0.0,55.717276550542,200.0,179.73854525,8.959059857745629,-1914.4627188766533,243.73524764227804,95.3479317278574,1738.3181277104995,0.0639408234473133,-0.1512976647570197,0.2708169418247533,0.0,0.1512976647570197,0.0639408234473133,0.1195192770677335,0.0,3200.0,225.8827561137205,225.8827561137205,2974.1172438862795,0.0,0.0639408234473133,0.0,0.1195192770677335,-0.0017374227376991,-0.1441371763797408,0.0945153993612633,1.4239937291934548,0.3748554077462284,1.7444192991405654,0.0,4.5,48.74704952845561,-134.86194811123454,30.88670347580233,218.3878694957844,355.8332781845203,389.6448207613357,6369.529085039339
2012-01-01 20:45:00,20.252,8.959059857745629,0,53.42927698208382,4.5,65.995,90.0,520.1445387054107,519.7998991440684,3176.85765290351,103.6699666354729,25.875188269009364,215753.0739677632,79.998,79.873,20.044,0.0,44.23490539601765,200.0,93.9403475,8.959059857745629,-1851.679535235097,267.1463849104191,132.6562393921829,1743.9863771913197,0.0639408234473133,-0.3,0.2968293165671323,0.0,0.2968293165671323,0.0639408234473133,0.0,0.0031706834328676,3200.0,352.94117647058823,352.94117647058823,2847.058823529412,0.0,0.0639408234473133,0.0031706834328676,0.0,0.0034136101051381,0.2831942457870325,0.1969524805436319,1.3620658465167703,0.091035326376676,1.8166347827408167,0.0,4.5,53.42927698208382,26.780612861811804,131.5875739514713,241.09727614056143,342.95658442890027,400.0,6390.298631967377
2012-01-01 21:00:00,20.252,8.959059857745629,0,55.07141919076725,4.5,50.038,90.0,520.1448332284157,519.8335259813269,3238.6715176342004,103.66998399401906,25.87689410672791,220389.11382256504,79.998,79.885,20.045,0.0,76.32751030664413,200.0,76.641239,8.959059857745629,-1752.165497920309,275.3570959538362,96.121221588587,1697.8879392237568,0.0639408234473133,-0.3,0.3059523288375957,0.0,0.3,0.0639408234473133,0.0059523288375957,0.0,3200.0,352.94117647058823,352.94117647058823,2847.058823529412,0.0,0.0639408234473133,0.0,0.0059523288375957,0.0034075898918181,0.2826948068592927,0.1349136871331497,1.4821071082547024,0.0673807706722068,1.858397261462705,0.0,4.5,55.07141919076725,214.12506964762576,305.5936526374394,242.70877590050296,326.5467260151213,400.0,6395.075800623365
2012-01-01 21:15:00,20.252,8.959059857745629,0,52.302139858880736,4.5,34.081,90.0,520.1453127500668,519.872362833469,3299.466522391031,103.67012278471536,25.88085567516147,224948.73917932733,79.998,79.899,20.046,0.0,90.55642583214976,200.0,81.704765,8.959059857745629,-1763.891252304942,261.51069929440365,78.44274296584774,1747.145446911745,0.0639408234473133,-0.3,0.2905674436604484,0.0,0.2905674436604484,0.0639408234473133,0.0,0.0094325563395515,3200.0,352.94117647058823,352.94117647058823,2847.058823529412,0.0,0.0639408234473133,0.0094325563395515,0.0,0.0019978992332038,0.1657463943096562,0.2246317494439385,1.741994008779988,0.0,2.0,0.0,4.5,52.302139858880736,348.6233849591584,352.94117647058823,209.6381457747872,304.06556816808575,380.3039089702247,6401.874065799169
2012-01-01 21:30:00,20.252,8.959059857745629,0,58.75109885543574,4.5,18.124,90.0,520.1455762261678,519.8922404315757,3362.552339637569,103.6703487539698,25.885431034013145,229680.17547281765,79.998,79.906,20.047,0.0,60.4686787793942,200.0,62.0964185,8.959059857745629,-1655.6538086043283,293.7554942771787,38.104263584275095,1715.5932722782247,0.0639408234473133,-0.3,0.3263949936413096,0.0,0.3,0.0639408234473133,0.0263949936413096,0.0,3200.0,352.94117647058823,352.94117647058823,2847.058823529412,0.0,0.0639408234473133,0.0,0.0263949936413096,-0.0067076334671502,-0.5564675350258268,0.3462938848035961,1.9774218443907,0.0747961911098081,1.7317513480539115,0.0,4.5,58.75109885543574,191.5532488963256,180.64344750551183,209.7772571199361,352.06393424365274,351.92243023148654,6461.762738166704
2012-01-01 21:45:00,20.252,8.959059857745629,0,66.62654196434254,4.5,10.0,90.0,520.1457337948432,519.8877324583142,3428.8580799929155,103.67047291415732,25.887772808370013,234653.10599946865,79.998,79.905,20.049,0.0,36.65952971641914,17.04213674833534,60.79465650000001,8.959059857745629,-1888.4822395524968,333.1327098217127,73.84769401825486,1729.148489922036,0.0639408234473133,-0.1527311999999999,0.3701474553574585,0.0,0.1527311999999999,0.0639408234473133,0.2174162553574585,0.0,3200.0,352.94117647058823,352.94117647058823,2847.058823529412,0.0,0.0639408234473133,0.0,0.2174162553574585,-0.0076610901906303,-0.6355666264217954,0.4053650558169593,2.0,0.1225887298588269,1.9635014899331389,0.0,4.5,66.62654196434254,114.55608903081053,-21.38529973360057,196.8440854522893,302.3889806557589,400.0,6512.818312756481
2012-01-01 22:00:00,20.252,8.959059857745629,0,63.80313102289287,4.5,10.0,90.0,520.1460341076296,519.8922647356086,3495.171153061023,103.67054716664629,25.88724172528197,239626.5864795767,79.999,79.906,20.05,0.0,38.61073408601106,17.94920489535638,64.743146,8.959059857745629,-1931.613647435492,319.0156551144643,96.40761875257304,1723.3916755183536,0.0639408234473133,0.0,0.3544618390160715,0.0,0.0,0.0639408234473133,0.3544618390160715,0.0,3200.0,299.0397309250685,299.0397309250685,2900.960269074932,0.0,0.0639408234473133,0.0,0.3544618390160715,-0.0123694994084934,-1.02617784335675,0.4371742516879401,2.0,0.2957645507827281,1.9046599554380743,0.0,4.5,63.80313102289287,218.33437534970432,41.188386600933775,199.6881194693817,258.7293294673117,400.0,6588.298324945777
2012-01-01 22:15:00,20.252,8.959059857745629,0,59.09463869263691,4.5,10.0,90.0,520.1462514480445,519.8680019095044,3563.0436169833297,103.67068868571282,25.88777567162143,244717.0212737497,79.999,79.897,20.051,0.0,21.41143961844171,9.953665111878896,57.348255,8.959059857745629,-1959.715945244273,295.47319346318454,87.93671311679034,1691.5320467151073,0.0639408234473133,0.0,0.3283035482924272,0.0,0.0,0.0639408234473133,0.3283035482924272,0.0,3200.0,352.94117647058823,352.94117647058823,2847.058823529412,0.0,0.0639408234473133,0.0,0.3283035482924272,-0.0149939108033413,-1.243899897928875,0.2966998014550611,2.0,0.5363407739269523,1.7586630785880193,0.0,4.5,59.09463869263691,158.01153284843917,-115.1000191265349,151.84263093916564,272.5515664115396,378.9217644881629,6634.627124203806
2012-01-01 22:30:00,20.252,8.959059857745629,0,53.62887421501394,4.5,10.0,90.0,520.1465462873339,519.8453367259574,3630.116260402842,103.67079110497043,25.88491727476228,249747.4695302132,79.999,79.889,20.052,0.0,53.801244722667874,200.0,58.16279725,8.959059857745629,-1792.1727615972118,268.14437107506967,90.58890134143498,1689.099469997157,0.0639408234473133,0.0,0.2979381900834107,0.0,0.0,0.0639408234473133,0.2979381900834107,0.0,3200.0,352.94117647058823,352.94117647058823,2847.058823529412,0.0,0.0639408234473133,0.0,0.2979381900834107,-0.0143088623469946,-1.1870680469126558,0.3976997079057595,1.974032797765142,0.58805114334554,1.908981313566888,0.0,4.5,53.62887421501394,214.3550157790664,-107.52098904612411,165.6824826729515,256.2328634311871,343.9307304075922,6625.085927803796
2012-01-01 22:45:00,20.252,8.959059857745629,0,56.89175820914753,4.5,10.0,90.0,520.1469701468949,519.8416422209141,3695.5809516848426,103.67093004471226,25.88224709573264,254657.3213763632,79.999,79.888,20.053,0.0,75.7770736585236,200.0,47.156763,8.959059857745629,-1723.9004911572763,284.45879104573766,42.60815720486338,1672.3835073243297,0.0639408234473133,0.0,0.316065323384153,0.0,0.0,0.0639408234473133,0.316065323384153,0.0,3200.0,352.94117647058823,352.94117647058823,2847.058823529412,0.0,0.0639408234473133,0.0,0.316065323384153,-0.017862821055467,-1.4819056601741072,0.3577807441002907,1.9710474080468947,0.8283511010105369,1.8232007556241985,0.0,4.5,56.89175820914753,308.15575178509846,-17.526301318761735,176.9522648121607,231.17790392550603,319.4155494834166,6592.307139940723
2012-01-01 23:00:00,20.252,8.959059857745629,0,65.13487388919548,4.5,10.0,90.0,520.1473017595715,519.8189238254594,3763.280335933198,103.67112978382472,25.881811847111287,259734.77519498984,79.999,79.88,20.054,0.0,59.06248743256176,200.0,24.455502,8.959059857745629,-1608.0202720666132,325.6743694459774,7.377817957603412,1673.8623514984936,0.0639408234473133,0.0,0.3618604104955304,0.0,0.0,0.0639408234473133,0.3618604104955304,0.0,3200.0,173.56661857535812,173.56661857535812,3026.433381424642,0.0,0.0639408234473133,0.0,0.3618604104955304,-0.017664055002161,-1.4654159613448954,0.2970424567983455,1.6716706147378242,1.0128545040248953,1.713768361682689,0.0,4.5,65.13487388919548,241.09012295841688,-107.77342013402452,155.8900981045278,243.3841851117357,303.9816030002801,6565.321999664061
2012-01-01 23:15:00,20.252,8.959059857745629,0,62.84116535662644,0.0,10.0,87.995,520.1477812793403,519.8043040379413,3829.7628381269633,103.67128605261702,25.879135399201463,264720.96285952226,79.999,79.874,20.055,0.0,53.36541318422732,200.0,24.3434325,8.959059857745629,-1649.5592339421855,314.2058267831322,0.0,1676.6364454188642,0.0,0.0,0.3491175853145912,0.0,0.0,0.0,0.3491175853145912,0.0,3200.0,286.2670746181979,286.2670746181979,2913.732925381802,0.0,0.0,0.0,0.3491175853145912,-0.0214901130989029,-1.7828270316406196,0.3117704748522973,1.69092390324737,1.1981860733455962,1.6241169424928046,-0.037684661364572,0.0,62.84116535662644,348.6220164086859,-69.35456800159011,135.7150410719086,211.23157926199391,336.66590194899203,6576.202715051583
2012-01-01 23:30:00,20.252,8.959059857745629,0,54.53245880646265,0.0,16.991,84.664,520.1482607987433,519.7638317533152,3897.132664970517,103.67151202098444,25.87741304606157,269773.69987278874,79.999,79.86,20.056,0.0,52.35763999185817,200.0,143.75966875,8.959059857745629,-1874.701825259321,272.66229403231324,0.0,1739.7623964794575,0.0,0.1487463718700555,0.302958104480348,0.0,0.0,0.0,0.302958104480348,-0.1487463718700555,3200.0,292.5404418806763,292.5404418806763,2907.4595581193234,0.0,0.0,-0.1487463718700555,0.302958104480348,-0.0257046938955878,-2.132470076178483,0.1786380628283684,1.873293742347212,1.1697147270051504,1.3744077161577462,-0.0626134815413118,0.0,54.53245880646265,348.6217505635477,-191.99580108915237,147.53121221405675,216.41675800489065,294.56301807106945,6650.881424898233
2012-01-01 23:45:00,20.252,8.959059857745629,0,55.12366464115371,0.0,10.713,82.133,520.1486293965708,519.7233603230155,3966.5202951674914,103.67173798917952,25.872645017359503,274977.7721375619,80.0,79.845,20.057,0.0,41.23698523493011,200.0,207.540327,8.959059857745629,-1902.9548053174335,275.61832320576855,0.0,1720.8001573935862,0.0,-0.11802324662038488,0.30624258133974286,0.0,0.11802324662038488,0.0,0.18821933471935798,0.0,3200.0,174.08015949926752,174.08015949926752,3025.9198405007323,0.0,0.0,0.0,0.18821933471935798,-0.01867843108817955,-1.5495689436061184,0.058937719814141226,1.6461125115478987,1.3050449452456112,1.5066491769828299,-0.04757418082293896,0.0,55.12366464115371,267.97918713358706,-191.99174826475559,162.25668496392962,249.01349341129094,324.7996791087304,6749.424240438601
