date,H2demand1-0.time-based_0-tot_dem,H2demand2-0.time-based_0-tot_dem,compressor1-0.time-based_0-flow_from_c,H2valve1-0.time-based_0-out2,H2valve1-0.time-based_0-out1,H2_controller-0.time-based_0-dump,H2_controller-0.time-based_0-desired_out,H2Buffer1-0.time-based_0-h2_out,H2Buffer1-0.time-based_0-soc
2012-01-01 00:00:00,0.0,86.66666666666667,0.0,0.0,0.0,100.0,86.66666666666667,0.0,80.0
2012-01-01 00:15:00,0.0,86.66666666666667,86.66666666666667,86.66666666666669,0.0,213.3333333333333,86.66666666666667,86.66666666666667,91.33333333333331
2012-01-01 00:30:00,90.71428571428572,86.66666666666667,86.66666666666667,86.66666666666669,0.0,213.3333333333333,177.38095238095238,86.66666666666667,91.33333333333331
2012-01-01 00:45:00,90.71428571428572,86.66666666666667,177.38095238095238,86.66666666666667,90.71428571428572,0.0,177.38095238095238,177.38095238095238,82.26190476190476
2012-01-01 01:00:00,90.71428571428572,86.66666666666667,177.38095238095238,86.66666666666667,90.71428571428572,0.0,177.38095238095238,177.38095238095238,86.52380952380952
2012-01-01 01:15:00,90.71428571428572,86.66666666666667,177.38095238095238,86.66666666666667,90.71428571428572,207.8571428571428,177.38095238095238,177.38095238095238,90.78571428571428
2012-01-01 01:30:00,90.71428571428572,0.0,177.38095238095238,86.66666666666667,90.71428571428572,122.6190476190476,90.71428571428572,177.38095238095238,82.26190476190476
2012-01-01 01:45:00,90.71428571428572,0.0,90.71428571428572,0.0,90.71428571428572,209.2857142857143,90.71428571428572,90.71428571428572,90.92857142857144
2012-01-01 02:00:00,90.71428571428572,0.0,90.71428571428572,0.0,90.71428571428572,209.2857142857143,90.71428571428572,90.71428571428572,90.92857142857144
2012-01-01 02:15:00,94.0,95.4,90.71428571428572,0.0,90.71428571428572,209.2857142857143,189.4,90.71428571428572,90.92857142857144
2012-01-01 02:30:00,94.0,95.4,189.4,95.4,94.0,0.0,189.4,189.4,81.06
2012-01-01 02:45:00,94.0,95.4,189.4,95.4,94.0,0.0,189.4,189.4,84.12
2012-01-01 03:00:00,94.0,95.4,189.4,95.4,94.0,0.0,189.4,189.4,87.18
2012-01-01 03:15:00,94.0,95.4,189.4,95.4,94.0,202.4000000000001,189.4,189.4,90.24
2012-01-01 03:30:00,0.0,0.0,189.4,95.4,94.0,110.60000000000002,0.0,189.4,81.06
2012-01-01 03:45:00,0.0,0.0,0.0,0.0,0.0,300.0,0.0,0.0,100.0
2012-01-01 04:00:00,90.33333333333331,108.0,0.0,0.0,0.0,300.0,198.3333333333333,0.0,100.0
2012-01-01 04:15:00,90.33333333333331,108.0,198.3333333333333,108.0,90.33333333333331,0.0,198.3333333333333,198.3333333333333,80.16666666666667
2012-01-01 04:30:00,90.33333333333331,0.0,198.3333333333333,108.0,90.33333333333331,123.33333333333344,90.33333333333331,198.3333333333333,82.33333333333334
2012-01-01 04:45:00,110.0,0.0,90.33333333333331,0.0,90.33333333333331,209.66666666666669,110.0,90.33333333333331,90.96666666666668
2012-01-01 05:00:00,110.0,0.0,110.0,0.0,110.0,190.0,110.0,110.0,89.0
2012-01-01 05:15:00,0.0,96.75,110.0,0.0,110.0,190.0,96.75,110.0,89.0
2012-01-01 05:30:00,0.0,96.75,96.75,96.75,0.0,203.25000000000003,96.75,96.75,90.325
2012-01-01 05:45:00,80.25,96.75,96.75,96.75,0.0,203.25000000000003,177.0,96.75,90.325
2012-01-01 06:00:00,80.25,96.75,177.0,96.75,80.25,0.0,177.0,177.0,82.3
2012-01-01 06:15:00,80.25,0.0,177.0,96.75,80.25,165.99999999999994,80.25,177.0,86.6
2012-01-01 06:30:00,80.25,0.0,80.25,0.0,80.25,219.75,80.25,80.25,91.975
2012-01-01 06:45:00,0.0,0.0,80.25,0.0,80.25,219.75,0.0,80.25,91.975
2012-01-01 07:00:00,0.0,87.71428571428571,0.0,0.0,0.0,300.0,87.71428571428571,0.0,100.0
2012-01-01 07:15:00,82.8,87.71428571428571,87.71428571428571,87.71428571428571,0.0,212.28571428571428,170.5142857142857,87.71428571428571,91.22857142857144
2012-01-01 07:30:00,82.8,87.71428571428571,170.5142857142857,87.7142857142857,82.79999999999998,0.0,170.5142857142857,170.5142857142857,82.94857142857143
2012-01-01 07:45:00,82.8,87.71428571428571,170.5142857142857,87.7142857142857,82.79999999999998,178.97142857142853,170.5142857142857,170.5142857142857,87.89714285714285
2012-01-01 08:00:00,82.8,87.71428571428571,170.5142857142857,87.7142857142857,82.79999999999998,0.0,170.5142857142857,170.5142857142857,82.94857142857143
2012-01-01 08:15:00,82.8,87.71428571428571,170.5142857142857,87.7142857142857,82.79999999999998,178.97142857142853,170.5142857142857,170.5142857142857,87.89714285714285
2012-01-01 08:30:00,0.0,87.71428571428571,170.5142857142857,87.7142857142857,82.79999999999998,129.48571428571427,87.71428571428571,170.5142857142857,82.94857142857143
2012-01-01 08:45:00,0.0,0.0,87.71428571428571,87.71428571428571,0.0,212.28571428571428,0.0,87.71428571428571,91.22857142857144
2012-01-01 09:00:00,82.25,0.0,0.0,0.0,0.0,300.0,82.25,0.0,100.0
2012-01-01 09:15:00,82.25,0.0,82.25,0.0,82.25,217.75000000000009,82.25,82.25,91.775
2012-01-01 09:30:00,82.25,86.66666666666667,82.25,0.0,82.25,217.75000000000009,168.91666666666669,82.25,91.775
2012-01-01 09:45:00,82.25,86.66666666666667,168.91666666666669,86.66666666666667,82.25,0.0,168.91666666666669,168.91666666666669,83.10833333333333
2012-01-01 10:00:00,82.25,86.66666666666667,168.91666666666669,86.66666666666667,82.25,182.16666666666669,168.91666666666669,168.91666666666669,88.21666666666667
2012-01-01 10:15:00,82.25,86.66666666666667,168.91666666666669,86.66666666666667,82.25,0.0,168.91666666666669,168.91666666666669,83.10833333333333
2012-01-01 10:30:00,82.25,86.66666666666667,168.91666666666669,86.66666666666667,82.25,182.16666666666669,168.91666666666669,168.91666666666669,88.21666666666667
2012-01-01 10:45:00,82.25,86.66666666666667,168.91666666666669,86.66666666666667,82.25,0.0,168.91666666666669,168.91666666666669,83.10833333333333
2012-01-01 11:00:00,0.0,0.0,168.91666666666669,86.66666666666667,82.25,182.16666666666669,0.0,168.91666666666669,88.21666666666667
2012-01-01 11:15:00,0.0,0.0,0.0,0.0,0.0,300.0,0.0,0.0,100.0
2012-01-01 11:30:00,0.0,0.0,0.0,0.0,0.0,300.0,0.0,0.0,100.0
2012-01-01 11:45:00,81.71428571428571,90.57142857142856,0.0,0.0,0.0,300.0,172.28571428571428,0.0,100.0
2012-01-01 12:00:00,81.71428571428571,90.57142857142856,172.28571428571428,90.57142857142856,81.71428571428571,0.0,172.28571428571428,172.28571428571428,82.77142857142857
2012-01-01 12:15:00,81.71428571428571,90.57142857142856,172.28571428571428,90.57142857142856,81.71428571428571,175.42857142857144,172.28571428571428,172.28571428571428,87.54285714285714
2012-01-01 12:30:00,81.71428571428571,90.57142857142856,172.28571428571428,90.57142857142856,81.71428571428571,0.0,172.28571428571428,172.28571428571428,82.77142857142857
2012-01-01 12:45:00,81.71428571428571,90.57142857142856,172.28571428571428,90.57142857142856,81.71428571428571,175.42857142857144,172.28571428571428,172.28571428571428,87.54285714285714
2012-01-01 13:00:00,81.71428571428571,90.57142857142856,172.28571428571428,90.57142857142856,81.71428571428571,0.0,172.28571428571428,172.28571428571428,82.77142857142857
2012-01-01 13:15:00,81.71428571428571,90.57142857142856,172.28571428571428,90.57142857142856,81.71428571428571,175.42857142857144,172.28571428571428,172.28571428571428,87.54285714285714
2012-01-01 13:30:00,0.0,0.0,172.28571428571428,90.57142857142856,81.71428571428571,127.71428571428572,0.0,172.28571428571428,82.77142857142857
2012-01-01 13:45:00,0.0,0.0,0.0,0.0,0.0,300.0,0.0,0.0,100.0
2012-01-01 14:00:00,0.0,0.0,0.0,0.0,0.0,300.0,0.0,0.0,100.0
2012-01-01 14:15:00,82.5,82.375,0.0,0.0,0.0,300.0,164.875,0.0,100.0
2012-01-01 14:30:00,82.5,82.375,164.875,82.37500000000001,82.5,0.0,164.875,164.875,83.5125
2012-01-01 14:45:00,82.5,82.375,164.875,82.37500000000001,82.5,190.25000000000009,164.875,164.875,89.025
2012-01-01 15:00:00,82.5,82.375,164.875,82.37500000000001,82.5,0.0,164.875,164.875,83.5125
2012-01-01 15:15:00,0.0,82.375,164.875,82.37500000000001,82.5,190.25000000000009,82.375,164.875,89.025
2012-01-01 15:30:00,84.66666666666667,82.375,82.375,82.375,0.0,217.62500000000003,167.04166666666669,82.375,91.7625
2012-01-01 15:45:00,84.66666666666667,82.375,167.04166666666669,82.375,84.66666666666666,0.0,167.04166666666669,167.04166666666669,83.29583333333333
2012-01-01 16:00:00,84.66666666666667,82.375,167.04166666666669,82.375,84.66666666666666,185.91666666666669,167.04166666666669,167.04166666666669,88.59166666666667
2012-01-01 16:15:00,84.66666666666667,0.0,167.04166666666669,82.375,84.66666666666666,132.95833333333334,84.66666666666667,167.04166666666669,83.29583333333333
2012-01-01 16:30:00,84.66666666666667,81.125,84.66666666666667,0.0,84.66666666666669,215.3333333333333,165.79166666666669,84.66666666666667,91.53333333333332
2012-01-01 16:45:00,84.66666666666667,81.125,165.79166666666669,81.125,84.66666666666667,0.0,165.79166666666669,165.79166666666669,83.42083333333333
2012-01-01 17:00:00,0.0,81.125,165.79166666666669,81.125,84.66666666666667,188.41666666666669,81.125,165.79166666666669,88.84166666666667
2012-01-01 17:15:00,90.5,81.125,81.125,81.125,0.0,218.87500000000003,171.625,81.125,91.8875
2012-01-01 17:30:00,90.5,81.125,171.625,81.125,90.5,0.0,171.625,171.625,82.8375
2012-01-01 17:45:00,90.5,81.125,171.625,81.125,90.5,176.7500000000001,171.625,171.625,87.67500000000001
2012-01-01 18:00:00,90.5,81.125,171.625,81.125,90.5,0.0,171.625,171.625,82.8375
2012-01-01 18:15:00,90.5,81.125,171.625,81.125,90.5,176.7500000000001,171.625,171.625,87.67500000000001
2012-01-01 18:30:00,90.5,0.0,171.625,81.125,90.5,128.37500000000006,90.5,171.625,82.8375
2012-01-01 18:45:00,0.0,0.0,90.5,0.0,90.5,209.50000000000003,0.0,90.5,90.95
2012-01-01 19:00:00,0.0,0.0,0.0,0.0,0.0,300.0,0.0,0.0,100.0
2012-01-01 19:15:00,0.0,82.88888888888889,0.0,0.0,0.0,300.0,82.88888888888889,0.0,100.0
2012-01-01 19:30:00,87.57142857142857,82.88888888888889,82.88888888888889,82.88888888888889,0.0,217.1111111111111,170.46031746031747,82.88888888888889,91.71111111111112
2012-01-01 19:45:00,87.57142857142857,82.88888888888889,170.46031746031747,82.88888888888889,87.57142857142857,0.0,170.46031746031747,170.46031746031747,82.95396825396826
2012-01-01 20:00:00,87.57142857142857,82.88888888888889,170.46031746031747,82.88888888888889,87.57142857142857,179.07936507936512,170.46031746031747,170.46031746031747,87.90793650793651
2012-01-01 20:15:00,87.57142857142857,82.88888888888889,170.46031746031747,82.88888888888889,87.57142857142857,0.0,170.46031746031747,170.46031746031747,82.95396825396826
2012-01-01 20:30:00,87.57142857142857,82.88888888888889,170.46031746031747,82.88888888888889,87.57142857142857,179.07936507936512,170.46031746031747,170.46031746031747,87.90793650793651
2012-01-01 20:45:00,87.57142857142857,82.88888888888889,170.46031746031747,82.88888888888889,87.57142857142857,0.0,170.46031746031747,170.46031746031747,82.95396825396826
2012-01-01 21:00:00,87.57142857142857,82.88888888888889,170.46031746031747,82.88888888888889,87.57142857142857,179.07936507936512,170.46031746031747,170.46031746031747,87.90793650793651
2012-01-01 21:15:00,0.0,82.88888888888889,170.46031746031747,82.88888888888889,87.57142857142857,129.53968253968256,82.88888888888889,170.46031746031747,82.95396825396826
2012-01-01 21:30:00,83.57142857142857,0.0,82.88888888888889,82.88888888888889,0.0,217.1111111111111,83.57142857142857,82.88888888888889,91.71111111111112
2012-01-01 21:45:00,83.57142857142857,0.0,83.57142857142857,0.0,83.57142857142857,216.4285714285714,83.57142857142857,83.57142857142857,91.64285714285714
2012-01-01 22:00:00,83.57142857142857,0.0,83.57142857142857,0.0,83.57142857142857,216.4285714285714,83.57142857142857,83.57142857142857,91.64285714285714
2012-01-01 22:15:00,83.57142857142857,85.4,83.57142857142857,0.0,83.57142857142857,216.4285714285714,168.9714285714286,83.57142857142857,91.64285714285714
2012-01-01 22:30:00,83.57142857142857,85.4,168.9714285714286,85.40000000000002,83.57142857142857,0.0,168.9714285714286,168.9714285714286,83.10285714285715
2012-01-01 22:45:00,83.57142857142857,85.4,168.9714285714286,85.40000000000002,83.57142857142857,182.0571428571429,168.9714285714286,168.9714285714286,88.2057142857143
2012-01-01 23:00:00,83.57142857142857,85.4,168.9714285714286,85.40000000000002,83.57142857142857,0.0,168.9714285714286,168.9714285714286,83.10285714285715
2012-01-01 23:15:00,0.0,85.4,168.9714285714286,85.40000000000002,83.57142857142857,182.0571428571429,85.4,168.9714285714286,88.2057142857143
2012-01-01 23:30:00,0.0,0.0,85.4,85.4,0.0,214.6,0.0,85.4,91.46
2012-01-01 23:45:00,0.0,83.0,0.0,0.0,0.0,300.0,83.0,0.0,100.0
2012-01-02 00:00:00,95.2,83.0,83.0,83.0,0.0,217.00000000000003,178.2,83.0,91.7
2012-01-02 00:15:00,95.2,83.0,178.2,83.0,95.2,0.0,178.2,178.2,82.18
2012-01-02 00:30:00,95.2,83.0,178.2,83.0,95.2,0.0,178.2,178.2,86.36000000000001
2012-01-02 00:45:00,95.2,88.0,178.2,83.0,95.2,205.4000000000002,183.2,178.2,90.54000000000002
2012-01-02 01:00:00,95.2,88.0,183.2,88.0,95.20000000000002,0.0,183.2,183.2,81.68
2012-01-02 01:15:00,82.375,88.0,183.2,88.0,95.20000000000002,0.0,170.375,183.2,85.36000000000001
2012-01-02 01:30:00,82.375,88.0,170.375,88.0,82.375,203.2250000000002,170.375,170.375,90.32250000000002
2012-01-02 01:45:00,82.375,88.0,170.375,88.0,82.375,0.0,170.375,170.375,82.9625
2012-01-02 02:00:00,82.375,0.0,170.375,88.0,82.375,179.2500000000001,82.375,170.375,87.92500000000001
2012-01-02 02:15:00,82.375,116.0,82.375,0.0,82.375,217.62500000000003,198.375,82.375,91.7625
2012-01-02 02:30:00,82.375,116.0,198.375,116.0,82.375,0.0,198.375,198.375,80.1625
2012-01-02 02:45:00,82.375,0.0,198.375,116.0,82.375,123.24999999999989,82.375,198.375,82.32499999999999
2012-01-02 03:00:00,82.375,0.0,82.375,0.0,82.375,217.62500000000003,82.375,82.375,91.7625
2012-01-02 03:15:00,0.0,86.0,82.375,0.0,82.375,217.62500000000003,86.0,82.375,91.7625
2012-01-02 03:30:00,110.5,86.0,86.0,86.0,0.0,214.00000000000009,196.5,86.0,91.4
2012-01-02 03:45:00,110.5,86.0,196.5,86.0,110.5,0.0,196.5,196.5,80.35
2012-01-02 04:00:00,84.44444444444444,86.0,196.5,86.0,110.5,0.0,170.44444444444446,196.5,82.69999999999999
2012-01-02 04:15:00,84.44444444444444,86.0,170.44444444444446,86.0,84.44444444444443,176.55555555555537,170.44444444444446,170.44444444444446,87.65555555555554
2012-01-02 04:30:00,84.44444444444444,86.0,170.44444444444446,86.0,84.44444444444443,0.0,170.44444444444446,170.44444444444446,82.95555555555555
2012-01-02 04:45:00,84.44444444444444,91.0,170.44444444444446,86.0,84.44444444444443,179.11111111111097,175.44444444444446,170.44444444444446,87.9111111111111
2012-01-02 05:00:00,84.44444444444444,91.0,175.44444444444446,91.0,84.44444444444444,0.0,175.44444444444446,175.44444444444446,82.45555555555555
2012-01-02 05:15:00,84.44444444444444,91.0,175.44444444444446,91.0,84.44444444444444,0.0,175.44444444444446,175.44444444444446,86.9111111111111
2012-01-02 05:30:00,84.44444444444444,0.0,175.44444444444446,91.0,84.44444444444444,213.6666666666665,84.44444444444444,175.44444444444446,91.36666666666665
2012-01-02 05:45:00,84.44444444444444,0.0,84.44444444444444,0.0,84.44444444444443,215.5555555555556,84.44444444444444,84.44444444444444,91.55555555555556
2012-01-02 06:00:00,84.44444444444444,84.0,84.44444444444444,0.0,84.44444444444443,215.5555555555556,168.44444444444446,84.44444444444444,91.55555555555556
2012-01-02 06:15:00,0.0,84.0,168.44444444444446,84.0,84.44444444444444,131.55555555555551,84.0,168.44444444444446,83.15555555555555
2012-01-02 06:30:00,0.0,84.0,84.0,84.0,0.0,216.0,84.0,84.0,91.6
2012-01-02 06:45:00,86.0,84.0,84.0,84.0,0.0,216.0,170.0,84.0,91.6
2012-01-02 07:00:00,86.0,84.0,170.0,84.0,86.0,0.0,170.0,170.0,83.0
2012-01-02 07:15:00,86.0,84.0,170.0,84.0,86.0,180.0,170.0,170.0,88.0
2012-01-02 07:30:00,0.0,82.28571428571429,170.0,84.0,86.0,130.0,82.28571428571429,170.0,83.0
2012-01-02 07:45:00,0.0,82.28571428571429,82.28571428571429,82.28571428571429,0.0,217.7142857142857,82.28571428571429,82.28571428571429,91.77142857142856
2012-01-02 08:00:00,84.375,82.28571428571429,82.28571428571429,82.28571428571429,0.0,217.7142857142857,166.66071428571428,82.28571428571429,91.77142857142856
2012-01-02 08:15:00,84.375,82.28571428571429,166.66071428571428,82.28571428571429,84.375,0.0,166.66071428571428,166.66071428571428,83.33392857142857
2012-01-02 08:30:00,84.375,82.28571428571429,166.66071428571428,82.28571428571429,84.375,186.67857142857144,166.66071428571428,166.66071428571428,88.66785714285714
2012-01-02 08:45:00,84.375,82.28571428571429,166.66071428571428,82.28571428571429,84.375,0.0,166.66071428571428,166.66071428571428,83.33392857142857
2012-01-02 09:00:00,84.375,82.28571428571429,166.66071428571428,82.28571428571429,84.375,186.67857142857144,166.66071428571428,166.66071428571428,88.66785714285714
2012-01-02 09:15:00,84.375,91.0,166.66071428571428,82.28571428571429,84.375,0.0,175.375,166.66071428571428,83.33392857142857
2012-01-02 09:30:00,84.375,91.0,175.375,91.0,84.375,177.96428571428578,175.375,175.375,87.79642857142858
2012-01-02 09:45:00,84.375,91.0,175.375,91.0,84.375,0.0,175.375,175.375,82.4625
2012-01-02 10:00:00,0.0,0.0,175.375,91.0,84.375,169.2500000000001,0.0,175.375,86.92500000000001
2012-01-02 10:15:00,0.0,0.0,0.0,0.0,0.0,300.0,0.0,0.0,100.0
2012-01-02 10:30:00,0.0,0.0,0.0,0.0,0.0,300.0,0.0,0.0,100.0
2012-01-02 10:45:00,97.25,94.66666666666669,0.0,0.0,0.0,300.0,191.91666666666669,0.0,100.0
2012-01-02 11:00:00,97.25,94.66666666666669,191.91666666666669,94.66666666666669,97.25,0.0,191.91666666666669,191.91666666666669,80.80833333333334
2012-01-02 11:15:00,97.25,94.66666666666669,191.91666666666669,94.66666666666669,97.25,0.0,191.91666666666669,191.91666666666669,83.61666666666667
2012-01-02 11:30:00,97.25,0.0,191.91666666666669,94.66666666666669,97.25,164.2500000000001,97.25,191.91666666666669,86.42500000000001
2012-01-02 11:45:00,0.0,0.0,97.25,0.0,97.25,202.75000000000009,0.0,97.25,90.275
2012-01-02 12:00:00,84.66666666666667,0.0,0.0,0.0,0.0,300.0,84.66666666666667,0.0,100.0
2012-01-02 12:15:00,84.66666666666667,95.25,84.66666666666667,0.0,84.66666666666669,215.3333333333333,179.91666666666669,84.66666666666667,91.53333333333332
2012-01-02 12:30:00,84.66666666666667,95.25,179.91666666666669,95.25,84.66666666666667,0.0,179.91666666666669,179.91666666666669,82.00833333333333
2012-01-02 12:45:00,84.66666666666667,95.25,179.91666666666669,95.25,84.66666666666667,0.0,179.91666666666669,179.91666666666669,86.01666666666665
2012-01-02 13:00:00,84.66666666666667,95.25,179.91666666666669,95.25,84.66666666666667,200.24999999999977,179.91666666666669,179.91666666666669,90.02499999999998
2012-01-02 13:15:00,84.66666666666667,91.8,179.91666666666669,95.25,84.66666666666667,0.0,176.46666666666667,179.91666666666669,82.00833333333333
2012-01-02 13:30:00,84.66666666666667,91.8,176.46666666666667,91.79999999999998,84.66666666666667,0.0,176.46666666666667,176.46666666666667,86.36166666666666
2012-01-02 13:45:00,84.66666666666667,91.8,176.46666666666667,91.79999999999998,84.66666666666667,207.15000000000003,176.46666666666667,176.46666666666667,90.715
2012-01-02 14:00:00,84.66666666666667,91.8,176.46666666666667,91.79999999999998,84.66666666666667,0.0,176.46666666666667,176.46666666666667,82.35333333333334
2012-01-02 14:15:00,0.0,91.8,176.46666666666667,91.79999999999998,84.66666666666667,167.06666666666678,91.8,176.46666666666667,86.70666666666668
2012-01-02 14:30:00,0.0,0.0,91.8,91.8,0.0,208.2,0.0,91.8,90.82
2012-01-02 14:45:00,0.0,0.0,0.0,0.0,0.0,300.0,0.0,0.0,100.0
2012-01-02 15:00:00,85.11111111111111,92.25,0.0,0.0,0.0,300.0,177.36111111111111,0.0,100.0
2012-01-02 15:15:00,85.11111111111111,92.25,177.36111111111111,92.25000000000004,85.11111111111114,0.0,177.36111111111111,177.36111111111111,82.26388888888889
2012-01-02 15:30:00,85.11111111111111,92.25,177.36111111111111,92.25000000000004,85.11111111111114,0.0,177.36111111111111,177.36111111111111,86.52777777777777
2012-01-02 15:45:00,85.11111111111111,92.25,177.36111111111111,92.25000000000004,85.11111111111114,207.91666666666657,177.36111111111111,177.36111111111111,90.79166666666666
2012-01-02 16:00:00,85.11111111111111,0.0,177.36111111111111,92.25000000000004,85.11111111111114,122.63888888888886,85.11111111111111,177.36111111111111,82.26388888888889
2012-01-02 16:15:00,85.11111111111111,0.0,85.11111111111111,0.0,85.11111111111111,214.8888888888889,85.11111111111111,85.11111111111111,91.4888888888889
2012-01-02 16:30:00,85.11111111111111,0.0,85.11111111111111,0.0,85.11111111111111,214.8888888888889,85.11111111111111,85.11111111111111,91.4888888888889
2012-01-02 16:45:00,85.11111111111111,87.57142857142857,85.11111111111111,0.0,85.11111111111111,214.8888888888889,172.6825396825397,85.11111111111111,91.4888888888889
2012-01-02 17:00:00,85.11111111111111,87.57142857142857,172.6825396825397,87.57142857142854,85.1111111111111,0.0,172.6825396825397,172.6825396825397,82.73174603174603
2012-01-02 17:15:00,0.0,87.57142857142857,172.6825396825397,87.57142857142854,85.1111111111111,174.63492063492055,87.57142857142857,172.6825396825397,87.46349206349205
2012-01-02 17:30:00,0.0,87.57142857142857,87.57142857142857,87.57142857142857,0.0,212.42857142857147,87.57142857142857,87.57142857142857,91.24285714285716
2012-01-02 17:45:00,0.0,87.57142857142857,87.57142857142857,87.57142857142857,0.0,212.42857142857147,87.57142857142857,87.57142857142857,91.24285714285716
2012-01-02 18:00:00,88.0,87.57142857142857,87.57142857142857,87.57142857142857,0.0,212.42857142857147,175.57142857142856,87.57142857142857,91.24285714285716
2012-01-02 18:15:00,88.0,87.57142857142857,175.57142857142856,87.57142857142857,87.99999999999999,0.0,175.57142857142856,175.57142857142856,82.44285714285715
2012-01-02 18:30:00,88.0,106.0,175.57142857142856,87.57142857142857,87.99999999999999,0.0,194.0,175.57142857142856,86.8857142857143
2012-01-02 18:45:00,88.0,106.0,194.0,106.0,88.0,194.8571428571429,194.0,194.0,89.4857142857143
2012-01-02 19:00:00,88.0,106.0,194.0,106.0,88.0,0.0,194.0,194.0,80.6
2012-01-02 19:15:00,88.0,0.0,194.0,106.0,88.0,131.9999999999999,88.0,194.0,83.19999999999999
2012-01-02 19:30:00,88.0,0.0,88.0,0.0,88.0,212.00000000000003,88.0,88.0,91.2
2012-01-02 19:45:00,88.0,87.14285714285714,88.0,0.0,88.0,212.00000000000003,175.14285714285714,88.0,91.2
2012-01-02 20:00:00,0.0,87.14285714285714,175.14285714285714,87.14285714285712,87.99999999999999,124.85714285714296,87.14285714285714,175.14285714285714,82.4857142857143
2012-01-02 20:15:00,0.0,87.14285714285714,87.14285714285714,87.14285714285714,0.0,212.8571428571429,87.14285714285714,87.14285714285714,91.28571428571428
2012-01-02 20:30:00,85.5,87.14285714285714,87.14285714285714,87.14285714285714,0.0,212.8571428571429,172.64285714285714,87.14285714285714,91.28571428571428
2012-01-02 20:45:00,85.5,87.14285714285714,172.64285714285714,87.14285714285715,85.5,0.0,172.64285714285714,172.64285714285714,82.73571428571428
2012-01-02 21:00:00,85.5,87.14285714285714,172.64285714285714,87.14285714285715,85.5,174.7142857142856,172.64285714285714,172.64285714285714,87.47142857142856
2012-01-02 21:15:00,85.5,87.14285714285714,172.64285714285714,87.14285714285715,85.5,0.0,172.64285714285714,172.64285714285714,82.73571428571428
2012-01-02 21:30:00,85.5,0.0,172.64285714285714,87.14285714285715,85.5,174.7142857142856,85.5,172.64285714285714,87.47142857142856
2012-01-02 21:45:00,85.5,81.44444444444444,85.5,0.0,85.5,214.50000000000003,166.94444444444446,85.5,91.45
2012-01-02 22:00:00,85.5,81.44444444444444,166.94444444444446,81.44444444444444,85.5,0.0,166.94444444444446,166.94444444444446,83.30555555555556
2012-01-02 22:15:00,85.5,81.44444444444444,166.94444444444446,81.44444444444444,85.5,186.1111111111112,166.94444444444446,166.94444444444446,88.61111111111111
2012-01-02 22:30:00,0.0,81.44444444444444,166.94444444444446,81.44444444444444,85.5,133.05555555555557,81.44444444444444,166.94444444444446,83.30555555555556
2012-01-02 22:45:00,0.0,81.44444444444444,81.44444444444444,81.44444444444444,0.0,218.5555555555556,81.44444444444444,81.44444444444444,91.85555555555555
2012-01-02 23:00:00,110.0,81.44444444444444,81.44444444444444,81.44444444444444,0.0,218.5555555555556,191.44444444444449,81.44444444444444,91.85555555555555
2012-01-02 23:15:00,110.0,81.44444444444444,191.44444444444449,81.44444444444446,110.0,0.0,191.44444444444449,191.44444444444449,80.85555555555555
2012-01-02 23:30:00,91.5,81.44444444444444,191.44444444444449,81.44444444444446,110.0,0.0,172.94444444444446,191.44444444444449,83.71111111111111
2012-01-02 23:45:00,91.5,81.44444444444444,172.94444444444446,81.44444444444444,91.5,184.16666666666657,172.94444444444446,172.94444444444446,88.41666666666666
2012-01-03 00:00:00,91.5,103.5,172.94444444444446,81.44444444444444,91.5,0.0,195.0,172.94444444444446,82.70555555555555
2012-01-03 00:15:00,91.5,103.5,195.0,103.5,91.5,0.0,195.0,195.0,85.20555555555555
2012-01-03 00:30:00,0.0,0.0,195.0,103.5,91.5,177.0555555555555,0.0,195.0,87.70555555555555
2012-01-03 00:45:00,83.85714285714286,0.0,0.0,0.0,0.0,300.0,83.85714285714286,0.0,100.0
2012-01-03 01:00:00,83.85714285714286,0.0,83.85714285714286,0.0,83.85714285714286,216.1428571428572,83.85714285714286,83.85714285714286,91.61428571428571
2012-01-03 01:15:00,83.85714285714286,85.88888888888889,83.85714285714286,0.0,83.85714285714286,216.1428571428572,169.74603174603175,83.85714285714286,91.61428571428571
2012-01-03 01:30:00,83.85714285714286,85.88888888888889,169.74603174603175,85.88888888888887,83.85714285714285,0.0,169.74603174603175,169.74603174603175,83.02539682539683
2012-01-03 01:45:00,83.85714285714286,85.88888888888889,169.74603174603175,85.88888888888887,83.85714285714285,180.5079365079365,169.74603174603175,169.74603174603175,88.05079365079365
2012-01-03 02:00:00,83.85714285714286,85.88888888888889,169.74603174603175,85.88888888888887,83.85714285714285,0.0,169.74603174603175,169.74603174603175,83.02539682539683
2012-01-03 02:15:00,83.85714285714286,85.88888888888889,169.74603174603175,85.88888888888887,83.85714285714285,180.5079365079365,169.74603174603175,169.74603174603175,88.05079365079365
2012-01-03 02:30:00,85.83333333333333,85.88888888888889,169.74603174603175,85.88888888888887,83.85714285714285,0.0,171.72222222222223,169.74603174603175,83.02539682539683
2012-01-03 02:45:00,85.83333333333333,85.88888888888889,171.72222222222223,85.88888888888889,85.83333333333333,178.53174603174608,171.72222222222223,171.72222222222223,87.85317460317461
2012-01-03 03:00:00,85.83333333333333,85.88888888888889,171.72222222222223,85.88888888888889,85.83333333333333,0.0,171.72222222222223,171.72222222222223,82.82777777777778
2012-01-03 03:15:00,85.83333333333333,85.88888888888889,171.72222222222223,85.88888888888889,85.83333333333333,176.55555555555566,171.72222222222223,171.72222222222223,87.65555555555557
2012-01-03 03:30:00,85.83333333333333,0.0,171.72222222222223,85.88888888888889,85.83333333333333,128.27777777777783,85.83333333333333,171.72222222222223,82.82777777777778
2012-01-03 03:45:00,85.83333333333333,0.0,85.83333333333333,0.0,85.83333333333331,214.1666666666667,85.83333333333333,85.83333333333333,91.41666666666669
2012-01-03 04:00:00,0.0,0.0,85.83333333333333,0.0,85.83333333333331,214.1666666666667,0.0,85.83333333333333,91.41666666666669
2012-01-03 04:15:00,88.2,90.0,0.0,0.0,0.0,300.0,178.2,0.0,100.0
2012-01-03 04:30:00,88.2,90.0,178.2,90.0,88.2,0.0,178.2,178.2,82.18
2012-01-03 04:45:00,88.2,90.0,178.2,90.0,88.2,0.0,178.2,178.2,86.36000000000001
2012-01-03 05:00:00,88.2,90.0,178.2,90.0,88.2,205.4000000000002,178.2,178.2,90.54000000000002
2012-01-03 05:15:00,88.2,90.0,178.2,90.0,88.2,0.0,178.2,178.2,82.18
2012-01-03 05:30:00,0.0,90.0,178.2,90.0,88.2,163.60000000000014,90.0,178.2,86.36000000000001
2012-01-03 05:45:00,90.83333333333331,90.0,90.0,90.0,0.0,210.0,180.8333333333333,90.0,91.0
2012-01-03 06:00:00,90.83333333333331,0.0,180.8333333333333,90.0,90.83333333333331,119.16666666666671,90.83333333333331,180.8333333333333,81.91666666666667
2012-01-03 06:15:00,90.83333333333331,0.0,90.83333333333331,0.0,90.83333333333331,209.1666666666667,90.83333333333331,90.83333333333331,90.91666666666669
2012-01-03 06:30:00,90.83333333333331,84.0,90.83333333333331,0.0,90.83333333333331,209.1666666666667,174.83333333333331,90.83333333333331,90.91666666666669
2012-01-03 06:45:00,90.83333333333331,84.0,174.83333333333331,84.0,90.83333333333334,0.0,174.83333333333331,174.83333333333331,82.51666666666667
2012-01-03 07:00:00,90.83333333333331,84.0,174.83333333333331,84.0,90.83333333333334,0.0,174.83333333333331,174.83333333333331,87.03333333333333
2012-01-03 07:15:00,89.83333333333333,0.0,174.83333333333331,84.0,90.83333333333334,215.5,89.83333333333333,174.83333333333331,91.55
2012-01-03 07:30:00,89.83333333333333,0.0,89.83333333333333,0.0,89.83333333333331,210.16666666666663,89.83333333333333,89.83333333333333,91.01666666666668
2012-01-03 07:45:00,89.83333333333333,83.85714285714286,89.83333333333333,0.0,89.83333333333331,210.16666666666663,173.6904761904762,89.83333333333333,91.01666666666668
2012-01-03 08:00:00,89.83333333333333,83.85714285714286,173.6904761904762,83.85714285714288,89.83333333333334,0.0,173.6904761904762,173.6904761904762,82.63095238095238
2012-01-03 08:15:00,89.83333333333333,83.85714285714286,173.6904761904762,83.85714285714288,89.83333333333334,0.0,173.6904761904762,173.6904761904762,87.26190476190476
2012-01-03 08:30:00,89.83333333333333,83.85714285714286,173.6904761904762,83.85714285714288,89.83333333333334,218.9285714285714,173.6904761904762,173.6904761904762,91.89285714285714
2012-01-03 08:45:00,0.0,83.85714285714286,173.6904761904762,83.85714285714288,89.83333333333334,126.3095238095238,83.85714285714286,173.6904761904762,82.63095238095238
2012-01-03 09:00:00,0.0,83.85714285714286,83.85714285714286,83.85714285714286,0.0,216.1428571428572,83.85714285714286,83.85714285714286,91.61428571428571
2012-01-03 09:15:00,0.0,83.85714285714286,83.85714285714286,83.85714285714286,0.0,216.1428571428572,83.85714285714286,83.85714285714286,91.61428571428571
2012-01-03 09:30:00,80.85714285714286,0.0,83.85714285714286,83.85714285714286,0.0,216.1428571428572,80.85714285714286,83.85714285714286,91.61428571428571
2012-01-03 09:45:00,80.85714285714286,0.0,80.85714285714286,0.0,80.85714285714286,219.1428571428571,80.85714285714286,80.85714285714286,91.91428571428573
2012-01-03 10:00:00,80.85714285714286,0.0,80.85714285714286,0.0,80.85714285714286,219.1428571428571,80.85714285714286,80.85714285714286,91.91428571428573
2012-01-03 10:15:00,80.85714285714286,86.88888888888889,80.85714285714286,0.0,80.85714285714286,219.1428571428571,167.74603174603175,80.85714285714286,91.91428571428573
2012-01-03 10:30:00,80.85714285714286,86.88888888888889,167.74603174603175,86.88888888888887,80.85714285714285,0.0,167.74603174603175,167.74603174603175,83.22539682539683
2012-01-03 10:45:00,80.85714285714286,86.88888888888889,167.74603174603175,86.88888888888887,80.85714285714285,184.50793650793656,167.74603174603175,167.74603174603175,88.45079365079366
2012-01-03 11:00:00,80.85714285714286,86.88888888888889,167.74603174603175,86.88888888888887,80.85714285714285,0.0,167.74603174603175,167.74603174603175,83.22539682539683
2012-01-03 11:15:00,0.0,86.88888888888889,167.74603174603175,86.88888888888887,80.85714285714285,184.50793650793656,86.88888888888889,167.74603174603175,88.45079365079366
2012-01-03 11:30:00,0.0,86.88888888888889,86.88888888888889,86.88888888888889,0.0,213.1111111111112,86.88888888888889,86.88888888888889,91.31111111111112
2012-01-03 11:45:00,0.0,86.88888888888889,86.88888888888889,86.88888888888889,0.0,213.1111111111112,86.88888888888889,86.88888888888889,91.31111111111112
2012-01-03 12:00:00,81.75,86.88888888888889,86.88888888888889,86.88888888888889,0.0,213.1111111111112,168.63888888888889,86.88888888888889,91.31111111111112
2012-01-03 12:15:00,81.75,86.88888888888889,168.63888888888889,86.88888888888887,81.74999999999999,0.0,168.63888888888889,168.63888888888889,83.1361111111111
2012-01-03 12:30:00,81.75,84.5,168.63888888888889,86.88888888888887,81.74999999999999,182.7222222222221,166.25,168.63888888888889,88.27222222222221
2012-01-03 12:45:00,81.75,84.5,166.25,84.5,81.75,0.0,166.25,166.25,83.375
2012-01-03 13:00:00,81.75,84.5,166.25,84.5,81.75,187.5,166.25,166.25,88.75
2012-01-03 13:15:00,81.75,84.5,166.25,84.5,81.75,0.0,166.25,166.25,83.375
2012-01-03 13:30:00,81.75,84.5,166.25,84.5,81.75,187.5,166.25,166.25,88.75
2012-01-03 13:45:00,81.75,84.5,166.25,84.5,81.75,0.0,166.25,166.25,83.375
2012-01-03 14:00:00,0.0,0.0,166.25,84.5,81.75,187.5,0.0,166.25,88.75
2012-01-03 14:15:00,0.0,0.0,0.0,0.0,0.0,300.0,0.0,0.0,100.0
2012-01-03 14:30:00,0.0,83.0,0.0,0.0,0.0,300.0,83.0,0.0,100.0
2012-01-03 14:45:00,88.5,83.0,83.0,83.0,0.0,217.00000000000003,171.5,83.0,91.7
2012-01-03 15:00:00,88.5,83.0,171.5,83.0,88.5,0.0,171.5,171.5,82.85
2012-01-03 15:15:00,88.5,83.0,171.5,83.0,88.5,176.9999999999999,171.5,171.5,87.69999999999999
2012-01-03 15:30:00,88.5,83.0,171.5,83.0,88.5,0.0,171.5,171.5,82.85
2012-01-03 15:45:00,88.5,83.0,171.5,83.0,88.5,176.9999999999999,171.5,171.5,87.69999999999999
2012-01-03 16:00:00,88.5,83.0,171.5,83.0,88.5,0.0,171.5,171.5,82.85
2012-01-03 16:15:00,88.5,90.5,171.5,83.0,88.5,0.0,179.0,171.5,87.69999999999999
2012-01-03 16:30:00,88.5,90.5,179.0,90.5,88.5,217.99999999999983,179.0,179.0,91.79999999999998
2012-01-03 16:45:00,0.0,90.5,179.0,90.5,88.5,120.99999999999994,90.5,179.0,82.1
2012-01-03 17:00:00,0.0,90.5,90.5,90.5,0.0,209.50000000000003,90.5,90.5,90.95
2012-01-03 17:15:00,0.0,90.5,90.5,90.5,0.0,209.50000000000003,90.5,90.5,90.95
2012-01-03 17:30:00,117.0,90.5,90.5,90.5,0.0,209.50000000000003,207.5,90.5,90.95
2012-01-03 17:45:00,117.0,80.66666666666667,207.5,87.2289156626506,112.7710843373494,0.0,197.66666666666669,207.5,79.25
2012-01-03 18:00:00,0.0,80.66666666666667,197.66666666666669,80.66666666666667,117.0,114.83333333333334,80.66666666666667,197.66666666666669,81.48333333333333
2012-01-03 18:15:00,93.33333333333331,80.66666666666667,80.66666666666667,80.66666666666667,0.0,219.33333333333337,174.0,80.66666666666667,91.93333333333334
2012-01-03 18:30:00,93.33333333333331,80.66666666666667,174.0,80.66666666666667,93.33333333333331,0.0,174.0,174.0,82.6
2012-01-03 18:45:00,93.33333333333331,80.66666666666667,174.0,80.66666666666667,93.33333333333331,0.0,174.0,174.0,87.19999999999999
2012-01-03 19:00:00,0.0,80.66666666666667,174.0,80.66666666666667,93.33333333333331,217.99999999999983,80.66666666666667,174.0,91.79999999999998
2012-01-03 19:15:00,0.0,80.66666666666667,80.66666666666667,80.66666666666667,0.0,219.33333333333337,80.66666666666667,80.66666666666667,91.93333333333334
2012-01-03 19:30:00,0.0,80.66666666666667,80.66666666666667,80.66666666666667,0.0,219.33333333333337,80.66666666666667,80.66666666666667,91.93333333333334
2012-01-03 19:45:00,84.55555555555556,80.66666666666667,80.66666666666667,80.66666666666667,0.0,219.33333333333337,165.22222222222223,80.66666666666667,91.93333333333334
2012-01-03 20:00:00,84.55555555555556,0.0,165.22222222222223,80.66666666666667,84.55555555555556,134.77777777777774,84.55555555555556,165.22222222222223,83.47777777777777
2012-01-03 20:15:00,84.55555555555556,0.0,84.55555555555556,0.0,84.55555555555557,215.4444444444445,84.55555555555556,84.55555555555556,91.54444444444444
2012-01-03 20:30:00,84.55555555555556,0.0,84.55555555555556,0.0,84.55555555555557,215.4444444444445,84.55555555555556,84.55555555555556,91.54444444444444
2012-01-03 20:45:00,84.55555555555556,95.0,84.55555555555556,0.0,84.55555555555557,215.4444444444445,179.55555555555554,84.55555555555556,91.54444444444444
2012-01-03 21:00:00,84.55555555555556,95.0,179.55555555555554,95.0,84.55555555555554,0.0,179.55555555555554,179.55555555555554,82.04444444444445
2012-01-03 21:15:00,84.55555555555556,95.0,179.55555555555554,95.0,84.55555555555554,0.0,179.55555555555554,179.55555555555554,86.0888888888889
2012-01-03 21:30:00,84.55555555555556,0.0,179.55555555555554,95.0,84.55555555555554,201.3333333333336,84.55555555555556,179.55555555555554,90.13333333333335
2012-01-03 21:45:00,84.55555555555556,0.0,84.55555555555556,0.0,84.55555555555557,215.4444444444445,84.55555555555556,84.55555555555556,91.54444444444444
2012-01-03 22:00:00,0.0,0.0,84.55555555555556,0.0,84.55555555555557,215.4444444444445,0.0,84.55555555555556,91.54444444444444
2012-01-03 22:15:00,0.0,80.0,0.0,0.0,0.0,300.0,80.0,0.0,100.0
2012-01-03 22:30:00,0.0,80.0,80.0,80.0,0.0,220.0,80.0,80.0,92.0
2012-01-03 22:45:00,83.85714285714286,80.0,80.0,80.0,0.0,220.0,163.85714285714286,80.0,92.0
2012-01-03 23:00:00,83.85714285714286,0.0,163.85714285714286,80.0,83.85714285714286,136.14285714285714,83.85714285714286,163.85714285714286,83.61428571428571
2012-01-03 23:15:00,83.85714285714286,0.0,83.85714285714286,0.0,83.85714285714286,216.1428571428572,83.85714285714286,83.85714285714286,91.61428571428571
2012-01-03 23:30:00,83.85714285714286,0.0,83.85714285714286,0.0,83.85714285714286,216.1428571428572,83.85714285714286,83.85714285714286,91.61428571428571
2012-01-03 23:45:00,83.85714285714286,82.6,83.85714285714286,0.0,83.85714285714286,216.1428571428572,166.45714285714286,83.85714285714286,91.61428571428571
2012-01-04 00:00:00,83.85714285714286,82.6,166.45714285714286,82.6,83.85714285714286,0.0,166.45714285714286,166.45714285714286,83.35428571428571
2012-01-04 00:15:00,83.85714285714286,82.6,166.45714285714286,82.6,83.85714285714286,187.0857142857141,166.45714285714286,166.45714285714286,88.70857142857142
2012-01-04 00:30:00,0.0,82.6,166.45714285714286,82.6,83.85714285714286,133.5428571428571,82.6,166.45714285714286,83.35428571428571
2012-01-04 00:45:00,84.14285714285714,82.6,82.6,82.6,0.0,217.39999999999995,166.74285714285713,82.6,91.74
2012-01-04 01:00:00,84.14285714285714,0.0,166.74285714285713,82.6,84.14285714285714,133.25714285714284,84.14285714285714,166.74285714285713,83.32571428571428
2012-01-04 01:15:00,84.14285714285714,0.0,84.14285714285714,0.0,84.14285714285714,215.8571428571429,84.14285714285714,84.14285714285714,91.58571428571427
2012-01-04 01:30:00,84.14285714285714,0.0,84.14285714285714,0.0,84.14285714285714,215.8571428571429,84.14285714285714,84.14285714285714,91.58571428571427
2012-01-04 01:45:00,84.14285714285714,84.55555555555556,84.14285714285714,0.0,84.14285714285714,215.8571428571429,168.6984126984127,84.14285714285714,91.58571428571427
2012-01-04 02:00:00,84.14285714285714,84.55555555555556,168.6984126984127,84.55555555555557,84.14285714285714,0.0,168.6984126984127,168.6984126984127,83.13015873015873
2012-01-04 02:15:00,84.14285714285714,84.55555555555556,168.6984126984127,84.55555555555557,84.14285714285714,182.60317460317447,168.6984126984127,168.6984126984127,88.26031746031745
2012-01-04 02:30:00,0.0,84.55555555555556,168.6984126984127,84.55555555555557,84.14285714285714,131.30158730158726,84.55555555555556,168.6984126984127,83.13015873015873
2012-01-04 02:45:00,101.66666666666669,84.55555555555556,84.55555555555556,84.55555555555557,0.0,215.4444444444445,186.22222222222223,84.55555555555556,91.54444444444444
2012-01-04 03:00:00,101.66666666666669,84.55555555555556,186.22222222222223,84.55555555555556,101.66666666666669,0.0,186.22222222222223,186.22222222222223,81.37777777777778
2012-01-04 03:15:00,101.66666666666669,84.55555555555556,186.22222222222223,84.55555555555556,101.66666666666669,0.0,186.22222222222223,186.22222222222223,84.75555555555556
2012-01-04 03:30:00,0.0,84.55555555555556,186.22222222222223,84.55555555555556,101.66666666666669,181.3333333333334,84.55555555555556,186.22222222222223,88.13333333333334
2012-01-04 03:45:00,0.0,84.55555555555556,84.55555555555556,84.55555555555557,0.0,215.4444444444445,84.55555555555556,84.55555555555556,91.54444444444444
2012-01-04 04:00:00,0.0,0.0,84.55555555555556,84.55555555555557,0.0,215.4444444444445,0.0,84.55555555555556,91.54444444444444
2012-01-04 04:15:00,84.5,0.0,0.0,0.0,0.0,300.0,84.5,0.0,100.0
2012-01-04 04:30:00,84.5,94.4,84.5,0.0,84.5,215.5,178.9,84.5,91.55
2012-01-04 04:45:00,84.5,94.4,178.9,94.4,84.5,0.0,178.9,178.9,82.11
2012-01-04 05:00:00,84.5,94.4,178.9,94.4,84.5,0.0,178.9,178.9,86.22
2012-01-04 05:15:00,84.5,94.4,178.9,94.4,84.5,203.3,178.9,178.9,90.33
2012-01-04 05:30:00,84.5,94.4,178.9,94.4,84.5,0.0,178.9,178.9,82.11
2012-01-04 05:45:00,84.5,86.11111111111111,178.9,94.4,84.5,0.0,170.61111111111111,178.9,86.22
2012-01-04 06:00:00,84.5,86.11111111111111,170.61111111111111,86.11111111111113,84.50000000000001,211.5888888888888,170.61111111111111,170.61111111111111,91.15888888888888
2012-01-04 06:15:00,0.0,86.11111111111111,170.61111111111111,86.11111111111113,84.50000000000001,129.38888888888897,86.11111111111111,170.61111111111111,82.9388888888889
2012-01-04 06:30:00,0.0,86.11111111111111,86.11111111111111,86.11111111111111,0.0,213.88888888888889,86.11111111111111,86.11111111111111,91.38888888888889
2012-01-04 06:45:00,85.85714285714286,86.11111111111111,86.11111111111111,86.11111111111111,0.0,213.88888888888889,171.96825396825398,86.11111111111111,91.38888888888889
2012-01-04 07:00:00,85.85714285714286,86.11111111111111,171.96825396825398,86.11111111111113,85.85714285714288,0.0,171.96825396825398,171.96825396825398,82.8031746031746
2012-01-04 07:15:00,85.85714285714286,86.11111111111111,171.96825396825398,86.11111111111113,85.85714285714288,176.06349206349194,171.96825396825398,171.96825396825398,87.6063492063492
2012-01-04 07:30:00,85.85714285714286,86.11111111111111,171.96825396825398,86.11111111111113,85.85714285714288,0.0,171.96825396825398,171.96825396825398,82.8031746031746
2012-01-04 07:45:00,85.85714285714286,86.11111111111111,171.96825396825398,86.11111111111113,85.85714285714288,176.06349206349194,171.96825396825398,171.96825396825398,87.6063492063492
2012-01-04 08:00:00,85.85714285714286,0.0,171.96825396825398,86.11111111111113,85.85714285714288,128.03174603174597,85.85714285714286,171.96825396825398,82.8031746031746
2012-01-04 08:15:00,85.85714285714286,85.875,85.85714285714286,0.0,85.85714285714286,214.1428571428571,171.73214285714286,85.85714285714286,91.41428571428573
2012-01-04 08:30:00,0.0,85.875,171.73214285714286,85.875,85.85714285714286,128.2678571428572,85.875,171.73214285714286,82.82678571428572
2012-01-04 08:45:00,83.88888888888889,85.875,85.875,85.875,0.0,214.125,169.76388888888889,85.875,91.4125
2012-01-04 09:00:00,83.88888888888889,85.875,169.76388888888889,85.87499999999999,83.88888888888887,0.0,169.76388888888889,169.76388888888889,83.02361111111111
2012-01-04 09:15:00,83.88888888888889,85.875,169.76388888888889,85.87499999999999,83.88888888888887,180.47222222222217,169.76388888888889,169.76388888888889,88.04722222222222
2012-01-04 09:30:00,83.88888888888889,85.875,169.76388888888889,85.87499999999999,83.88888888888887,0.0,169.76388888888889,169.76388888888889,83.02361111111111
2012-01-04 09:45:00,83.88888888888889,85.875,169.76388888888889,85.87499999999999,83.88888888888887,180.47222222222217,169.76388888888889,169.76388888888889,88.04722222222222
2012-01-04 10:00:00,83.88888888888889,85.875,169.76388888888889,85.87499999999999,83.88888888888887,0.0,169.76388888888889,169.76388888888889,83.02361111111111
2012-01-04 10:15:00,83.88888888888889,80.375,169.76388888888889,85.87499999999999,83.88888888888887,180.47222222222217,164.26388888888889,169.76388888888889,88.04722222222222
2012-01-04 10:30:00,83.88888888888889,80.375,164.26388888888889,80.37499999999999,83.88888888888887,0.0,164.26388888888889,164.26388888888889,83.5736111111111
2012-01-04 10:45:00,83.88888888888889,80.375,164.26388888888889,80.37499999999999,83.88888888888887,191.4722222222221,164.26388888888889,164.26388888888889,89.14722222222221
2012-01-04 11:00:00,0.0,80.375,164.26388888888889,80.37499999999999,83.88888888888887,135.73611111111106,80.375,164.26388888888889,83.5736111111111
2012-01-04 11:15:00,80.2,80.375,80.375,80.375,0.0,219.62500000000009,160.575,80.375,91.9625
2012-01-04 11:30:00,80.2,80.375,160.575,80.375,80.2,0.0,160.575,160.575,83.9425
2012-01-04 11:45:00,80.2,80.375,160.575,80.375,80.2,198.8499999999999,160.575,160.575,89.88499999999999
2012-01-04 12:00:00,80.2,80.375,160.575,80.375,80.2,0.0,160.575,160.575,83.9425
2012-01-04 12:15:00,80.2,0.0,160.575,80.375,80.2,198.8499999999999,80.2,160.575,89.88499999999999
2012-01-04 12:30:00,0.0,0.0,80.2,0.0,80.2,219.80000000000004,0.0,80.2,91.98
2012-01-04 12:45:00,93.8,0.0,0.0,0.0,0.0,300.0,93.8,0.0,100.0
2012-01-04 13:00:00,93.8,87.375,93.8,0.0,93.8,206.20000000000005,181.175,93.8,90.62
2012-01-04 13:15:00,93.8,87.375,181.175,87.375,93.8,0.0,181.175,181.175,81.8825
2012-01-04 13:30:00,93.8,87.375,181.175,87.375,93.8,0.0,181.175,181.175,85.76499999999999
2012-01-04 13:45:00,93.8,87.375,181.175,87.375,93.8,196.4749999999998,181.175,181.175,89.64749999999998
2012-01-04 14:00:00,0.0,87.375,181.175,87.375,93.8,118.82499999999992,87.375,181.175,81.8825
2012-01-04 14:15:00,0.0,87.375,87.375,87.375,0.0,212.62500000000003,87.375,87.375,91.2625
2012-01-04 14:30:00,94.0,87.375,87.375,87.375,0.0,212.62500000000003,181.375,87.375,91.2625
2012-01-04 14:45:00,94.0,87.375,181.375,87.375,94.0,0.0,181.375,181.375,81.8625
2012-01-04 15:00:00,94.0,0.0,181.375,87.375,94.0,157.24999999999994,94.0,181.375,85.725
2012-01-04 15:15:00,94.0,102.5,94.0,0.0,94.0,206.0,196.5,94.0,90.6
2012-01-04 15:30:00,94.0,102.5,196.5,102.5,94.0,0.0,196.5,196.5,80.35
2012-01-04 15:45:00,0.0,0.0,196.5,102.5,94.0,126.99999999999989,0.0,196.5,82.69999999999999
2012-01-04 16:00:00,0.0,87.22222222222223,0.0,0.0,0.0,300.0,87.22222222222223,0.0,100.0
2012-01-04 16:15:00,0.0,87.22222222222223,87.22222222222223,87.22222222222223,0.0,212.7777777777777,87.22222222222223,87.22222222222223,91.27777777777776
2012-01-04 16:30:00,82.625,87.22222222222223,87.22222222222223,87.22222222222223,0.0,212.7777777777777,169.84722222222223,87.22222222222223,91.27777777777776
2012-01-04 16:45:00,82.625,87.22222222222223,169.84722222222223,87.22222222222223,82.625,0.0,169.84722222222223,169.84722222222223,83.01527777777778
2012-01-04 17:00:00,82.625,87.22222222222223,169.84722222222223,87.22222222222223,82.625,180.30555555555569,169.84722222222223,169.84722222222223,88.03055555555557
2012-01-04 17:15:00,82.625,87.22222222222223,169.84722222222223,87.22222222222223,82.625,0.0,169.84722222222223,169.84722222222223,83.01527777777778
2012-01-04 17:30:00,82.625,87.22222222222223,169.84722222222223,87.22222222222223,82.625,180.30555555555569,169.84722222222223,169.84722222222223,88.03055555555557
2012-01-04 17:45:00,82.625,87.22222222222223,169.84722222222223,87.22222222222223,82.625,0.0,169.84722222222223,169.84722222222223,83.01527777777778
2012-01-04 18:00:00,82.625,87.22222222222223,169.84722222222223,87.22222222222223,82.625,180.30555555555569,169.84722222222223,169.84722222222223,88.03055555555557
2012-01-04 18:15:00,82.625,80.57142857142857,169.84722222222223,87.22222222222223,82.625,0.0,163.19642857142856,169.84722222222223,83.01527777777778
2012-01-04 18:30:00,0.0,80.57142857142857,163.19642857142856,80.57142857142857,82.625,186.9563492063493,80.57142857142857,163.19642857142856,88.69563492063493
2012-01-04 18:45:00,0.0,80.57142857142857,80.57142857142857,80.57142857142857,0.0,219.4285714285715,80.57142857142857,80.57142857142857,91.94285714285716
2012-01-04 19:00:00,90.2,80.57142857142857,80.57142857142857,80.57142857142857,0.0,219.4285714285715,170.77142857142857,80.57142857142857,91.94285714285716
2012-01-04 19:15:00,90.2,80.57142857142857,170.77142857142857,80.57142857142858,90.20000000000002,0.0,170.77142857142857,170.77142857142857,82.92285714285714
2012-01-04 19:30:00,90.2,80.57142857142857,170.77142857142857,80.57142857142858,90.20000000000002,178.4571428571428,170.77142857142857,170.77142857142857,87.84571428571428
2012-01-04 19:45:00,90.2,80.57142857142857,170.77142857142857,80.57142857142858,90.20000000000002,0.0,170.77142857142857,170.77142857142857,82.92285714285714
2012-01-04 20:00:00,90.2,0.0,170.77142857142857,80.57142857142858,90.20000000000002,178.4571428571428,90.2,170.77142857142857,87.84571428571428
2012-01-04 20:15:00,82.5,0.0,90.2,0.0,90.2,209.80000000000004,82.5,90.2,90.98
2012-01-04 20:30:00,82.5,0.0,82.5,0.0,82.5,217.5,82.5,82.5,91.75
2012-01-04 20:45:00,82.5,92.75,82.5,0.0,82.5,217.5,175.25,82.5,91.75
2012-01-04 21:00:00,82.5,92.75,175.25,92.75,82.5,0.0,175.25,175.25,82.475
2012-01-04 21:15:00,82.5,92.75,175.25,92.75,82.5,0.0,175.25,175.25,86.94999999999999
2012-01-04 21:30:00,82.5,92.75,175.25,92.75,82.5,214.24999999999983,175.25,175.25,91.42499999999998
2012-01-04 21:45:00,89.5,0.0,175.25,92.75,82.5,124.74999999999994,89.5,175.25,82.475
2012-01-04 22:00:00,89.5,0.0,89.5,0.0,89.5,210.5,89.5,89.5,91.05
2012-01-04 22:15:00,89.5,0.0,89.5,0.0,89.5,210.5,89.5,89.5,91.05
2012-01-04 22:30:00,89.5,90.16666666666669,89.5,0.0,89.5,210.5,179.66666666666669,89.5,91.05
2012-01-04 22:45:00,89.5,90.16666666666669,179.66666666666669,90.16666666666666,89.5,0.0,179.66666666666669,179.66666666666669,82.03333333333333
2012-01-04 23:00:00,89.5,90.16666666666669,179.66666666666669,90.16666666666666,89.5,0.0,179.66666666666669,179.66666666666669,86.06666666666666
2012-01-04 23:15:00,0.0,90.16666666666669,179.66666666666669,90.16666666666666,89.5,201.0,90.16666666666669,179.66666666666669,90.1
2012-01-04 23:30:00,0.0,90.16666666666669,90.16666666666669,90.16666666666669,0.0,209.8333333333333,90.16666666666669,90.16666666666669,90.98333333333332
2012-01-04 23:45:00,84.0,90.16666666666669,90.16666666666669,90.16666666666669,0.0,209.8333333333333,174.16666666666669,90.16666666666669,90.98333333333332
2012-01-05 00:00:00,84.0,85.5,174.16666666666669,90.16666666666669,84.0,0.0,169.5,174.16666666666669,82.58333333333333
2012-01-05 00:15:00,84.0,85.5,169.5,85.5,84.0,176.33333333333326,169.5,169.5,87.63333333333333
2012-01-05 00:30:00,0.0,85.5,169.5,85.5,84.0,130.49999999999997,85.5,169.5,83.05
2012-01-05 00:45:00,0.0,85.5,85.5,85.5,0.0,214.50000000000003,85.5,85.5,91.45
2012-01-05 01:00:00,0.0,85.5,85.5,85.5,0.0,214.50000000000003,85.5,85.5,91.45
2012-01-05 01:15:00,83.2,85.5,85.5,85.5,0.0,214.50000000000003,168.7,85.5,91.45
2012-01-05 01:30:00,83.2,85.5,168.7,85.50000000000001,83.2,0.0,168.7,168.7,83.13
2012-01-05 01:45:00,83.2,85.5,168.7,85.50000000000001,83.2,182.5999999999999,168.7,168.7,88.25999999999999
2012-01-05 02:00:00,83.2,87.75,168.7,85.50000000000001,83.2,0.0,170.95,168.7,83.13
2012-01-05 02:15:00,83.2,87.75,170.95,87.75,83.2,180.35,170.95,170.95,88.035
2012-01-05 02:30:00,0.0,87.75,170.95,87.75,83.2,129.05,87.75,170.95,82.905
2012-01-05 02:45:00,0.0,87.75,87.75,87.75,0.0,212.25,87.75,87.75,91.225
2012-01-05 03:00:00,0.0,94.8,87.75,87.75,0.0,212.25,94.8,87.75,91.225
2012-01-05 03:15:00,96.75,94.8,94.8,94.8,0.0,205.2,191.55,94.8,90.52
2012-01-05 03:30:00,96.75,94.8,191.55,94.8,96.75,0.0,191.55,191.55,80.845
2012-01-05 03:45:00,96.75,94.8,191.55,94.8,96.75,0.0,191.55,191.55,83.69
2012-01-05 04:00:00,96.75,94.8,191.55,94.8,96.75,0.0,191.55,191.55,86.535
2012-01-05 04:15:00,0.0,0.0,191.55,94.8,96.75,193.79999999999995,0.0,191.55,89.38
2012-01-05 04:30:00,0.0,89.14285714285714,0.0,0.0,0.0,300.0,89.14285714285714,0.0,100.0
2012-01-05 04:45:00,0.0,89.14285714285714,89.14285714285714,89.14285714285714,0.0,210.8571428571429,89.14285714285714,89.14285714285714,91.08571428571427
2012-01-05 05:00:00,86.5,89.14285714285714,89.14285714285714,89.14285714285714,0.0,210.8571428571429,175.64285714285714,89.14285714285714,91.08571428571427
2012-01-05 05:15:00,86.5,89.14285714285714,175.64285714285714,89.14285714285714,86.5,0.0,175.64285714285714,175.64285714285714,82.43571428571428
2012-01-05 05:30:00,86.5,89.14285714285714,175.64285714285714,89.14285714285714,86.5,0.0,175.64285714285714,175.64285714285714,86.87142857142857
2012-01-05 05:45:00,86.5,89.14285714285714,175.64285714285714,89.14285714285714,86.5,213.0714285714285,175.64285714285714,175.64285714285714,91.30714285714284
2012-01-05 06:00:00,86.5,89.14285714285714,175.64285714285714,89.14285714285714,86.5,0.0,175.64285714285714,175.64285714285714,82.43571428571428
2012-01-05 06:15:00,86.5,0.0,175.64285714285714,89.14285714285714,86.5,168.7142857142857,86.5,175.64285714285714,86.87142857142857
2012-01-05 06:30:00,86.5,0.0,86.5,0.0,86.5,213.5,86.5,86.5,91.35
2012-01-05 06:45:00,86.5,0.0,86.5,0.0,86.5,213.5,86.5,86.5,91.35
2012-01-05 07:00:00,89.0,84.0,86.5,0.0,86.5,213.5,173.0,86.5,91.35
2012-01-05 07:15:00,89.0,84.0,173.0,84.0,89.0,0.0,173.0,173.0,82.7
2012-01-05 07:30:00,89.0,84.0,173.0,84.0,89.0,174.00000000000006,173.0,173.0,87.4
2012-01-05 07:45:00,89.0,84.0,173.0,84.0,89.0,0.0,173.0,173.0,82.7
2012-01-05 08:00:00,0.0,84.0,173.0,84.0,89.0,174.00000000000006,84.0,173.0,87.4
2012-01-05 08:15:00,0.0,84.0,84.0,84.0,0.0,216.0,84.0,84.0,91.6
2012-01-05 08:30:00,88.0,84.0,84.0,84.0,0.0,216.0,172.0,84.0,91.6
2012-01-05 08:45:00,88.0,84.0,172.0,83.99999999999999,88.0,0.0,172.0,172.0,82.8
2012-01-05 09:00:00,88.0,0.0,172.0,83.99999999999999,88.0,175.99999999999994,88.0,172.0,87.6
2012-01-05 09:15:00,80.0,80.0,88.0,0.0,88.0,212.00000000000003,160.0,88.0,91.2
2012-01-05 09:30:00,80.0,80.0,160.0,80.0,80.0,0.0,160.0,160.0,84.0
2012-01-05 09:45:00,80.0,80.0,160.0,80.0,80.0,200.0,160.0,160.0,90.0
2012-01-05 10:00:00,80.0,80.0,160.0,80.0,80.0,0.0,160.0,160.0,84.0
2012-01-05 10:15:00,80.0,80.0,160.0,80.0,80.0,200.0,160.0,160.0,90.0
2012-01-05 10:30:00,80.0,0.0,160.0,80.0,80.0,140.0,80.0,160.0,84.0
2012-01-05 10:45:00,80.0,80.375,80.0,0.0,80.0,220.0,160.375,80.0,92.0
2012-01-05 11:00:00,80.0,80.375,160.375,80.37499999999999,80.0,0.0,160.375,160.375,83.9625
2012-01-05 11:15:00,80.0,80.375,160.375,80.37499999999999,80.0,199.2500000000001,160.375,160.375,89.92500000000001
2012-01-05 11:30:00,0.0,80.375,160.375,80.37499999999999,80.0,139.62500000000006,80.375,160.375,83.9625
2012-01-05 11:45:00,0.0,80.375,80.375,80.375,0.0,219.62500000000009,80.375,80.375,91.9625
2012-01-05 12:00:00,0.0,80.375,80.375,80.375,0.0,219.62500000000009,80.375,80.375,91.9625
2012-01-05 12:15:00,82.0,80.375,80.375,80.375,0.0,219.62500000000009,162.375,80.375,91.9625
2012-01-05 12:30:00,82.0,80.375,162.375,80.375,82.0,0.0,162.375,162.375,83.7625
2012-01-05 12:45:00,82.0,99.25,162.375,80.375,82.0,195.25000000000009,181.25,162.375,89.525
2012-01-05 13:00:00,82.0,99.25,181.25,99.25,82.0,0.0,181.25,181.25,81.875
2012-01-05 13:15:00,0.0,99.25,181.25,99.25,82.0,157.5,99.25,181.25,85.75
2012-01-05 13:30:00,0.0,99.25,99.25,99.25,0.0,200.75000000000003,99.25,99.25,90.075
2012-01-05 13:45:00,0.0,83.625,99.25,99.25,0.0,200.75000000000003,83.625,99.25,90.075
2012-01-05 14:00:00,83.875,83.625,83.625,83.625,0.0,216.37500000000003,167.5,83.625,91.6375
2012-01-05 14:15:00,83.875,83.625,167.5,83.625,83.875,0.0,167.5,167.5,83.25
2012-01-05 14:30:00,83.875,83.625,167.5,83.625,83.875,185.0,167.5,167.5,88.5
2012-01-05 14:45:00,83.875,83.625,167.5,83.625,83.875,0.0,167.5,167.5,83.25
2012-01-05 15:00:00,83.875,83.625,167.5,83.625,83.875,185.0,167.5,167.5,88.5
2012-01-05 15:15:00,83.875,83.625,167.5,83.625,83.875,0.0,167.5,167.5,83.25
2012-01-05 15:30:00,83.875,83.625,167.5,83.625,83.875,185.0,167.5,167.5,88.5
2012-01-05 15:45:00,83.875,0.0,167.5,83.625,83.875,132.5,83.875,167.5,83.25
2012-01-05 16:00:00,0.0,0.0,83.875,0.0,83.875,216.125,0.0,83.875,91.6125
2012-01-05 16:15:00,0.0,86.85714285714286,0.0,0.0,0.0,300.0,86.85714285714286,0.0,100.0
2012-01-05 16:30:00,84.5,86.85714285714286,86.85714285714286,86.85714285714286,0.0,213.1428571428572,171.35714285714286,86.85714285714286,91.31428571428572
2012-01-05 16:45:00,84.5,86.85714285714286,171.35714285714286,86.85714285714286,84.5,0.0,171.35714285714286,171.35714285714286,82.86428571428571
2012-01-05 17:00:00,84.5,86.85714285714286,171.35714285714286,86.85714285714286,84.5,177.28571428571428,171.35714285714286,171.35714285714286,87.72857142857143
2012-01-05 17:15:00,84.5,86.85714285714286,171.35714285714286,86.85714285714286,84.5,0.0,171.35714285714286,171.35714285714286,82.86428571428571
2012-01-05 17:30:00,0.0,86.85714285714286,171.35714285714286,86.85714285714286,84.5,177.28571428571428,86.85714285714286,171.35714285714286,87.72857142857143
2012-01-05 17:45:00,0.0,86.85714285714286,86.85714285714286,86.85714285714286,0.0,213.1428571428572,86.85714285714286,86.85714285714286,91.31428571428572
2012-01-05 18:00:00,88.0,0.0,86.85714285714286,86.85714285714286,0.0,213.1428571428572,88.0,86.85714285714286,91.31428571428572
2012-01-05 18:15:00,88.0,0.0,88.0,0.0,88.0,212.00000000000003,88.0,88.0,91.2
2012-01-05 18:30:00,88.0,80.0,88.0,0.0,88.0,212.00000000000003,168.0,88.0,91.2
2012-01-05 18:45:00,88.0,80.0,168.0,79.99999999999999,88.0,0.0,168.0,168.0,83.2
2012-01-05 19:00:00,88.0,80.0,168.0,79.99999999999999,88.0,184.00000000000009,168.0,168.0,88.4
2012-01-05 19:15:00,88.0,80.0,168.0,79.99999999999999,88.0,0.0,168.0,168.0,83.2
2012-01-05 19:30:00,88.0,80.0,168.0,79.99999999999999,88.0,184.00000000000009,168.0,168.0,88.4
2012-01-05 19:45:00,88.0,80.0,168.0,79.99999999999999,88.0,0.0,168.0,168.0,83.2
2012-01-05 20:00:00,88.0,0.0,168.0,79.99999999999999,88.0,184.00000000000009,88.0,168.0,88.4
2012-01-05 20:15:00,0.0,0.0,88.0,0.0,88.0,212.00000000000003,0.0,88.0,91.2
2012-01-05 20:30:00,0.0,0.0,0.0,0.0,0.0,300.0,0.0,0.0,100.0
2012-01-05 20:45:00,0.0,83.77777777777777,0.0,0.0,0.0,300.0,83.77777777777777,0.0,100.0
2012-01-05 21:00:00,88.28571428571429,83.77777777777777,83.77777777777777,83.77777777777777,0.0,216.2222222222222,172.06349206349205,83.77777777777777,91.62222222222222
2012-01-05 21:15:00,88.28571428571429,83.77777777777777,172.06349206349205,83.77777777777776,88.28571428571429,0.0,172.06349206349205,172.06349206349205,82.7936507936508
2012-01-05 21:30:00,88.28571428571429,83.77777777777777,172.06349206349205,83.77777777777776,88.28571428571429,175.87301587301596,172.06349206349205,172.06349206349205,87.5873015873016
2012-01-05 21:45:00,88.28571428571429,83.77777777777777,172.06349206349205,83.77777777777776,88.28571428571429,0.0,172.06349206349205,172.06349206349205,82.7936507936508
2012-01-05 22:00:00,88.28571428571429,83.77777777777777,172.06349206349205,83.77777777777776,88.28571428571429,175.87301587301596,172.06349206349205,172.06349206349205,87.5873015873016
2012-01-05 22:15:00,88.28571428571429,83.77777777777777,172.06349206349205,83.77777777777776,88.28571428571429,0.0,172.06349206349205,172.06349206349205,82.7936507936508
2012-01-05 22:30:00,88.28571428571429,83.77777777777777,172.06349206349205,83.77777777777776,88.28571428571429,175.87301587301596,172.06349206349205,172.06349206349205,87.5873015873016
2012-01-05 22:45:00,82.57142857142857,83.77777777777777,172.06349206349205,83.77777777777776,88.28571428571429,0.0,166.34920634920633,172.06349206349205,82.7936507936508
2012-01-05 23:00:00,82.57142857142857,0.0,166.34920634920633,83.77777777777777,82.57142857142857,181.58730158730165,82.57142857142857,166.34920634920633,88.15873015873017
2012-01-05 23:15:00,82.57142857142857,0.0,82.57142857142857,0.0,82.57142857142857,217.42857142857147,82.57142857142857,82.57142857142857,91.74285714285716
2012-01-05 23:30:00,82.57142857142857,88.5,82.57142857142857,0.0,82.57142857142857,217.42857142857147,171.07142857142856,82.57142857142857,91.74285714285716
2012-01-05 23:45:00,82.57142857142857,88.5,171.07142857142856,88.5,82.57142857142857,0.0,171.07142857142856,171.07142857142856,82.89285714285714
2012-01-06 00:00:00,82.57142857142857,88.5,171.07142857142856,88.5,82.57142857142857,177.85714285714278,171.07142857142856,171.07142857142856,87.78571428571428
2012-01-06 00:15:00,82.57142857142857,88.5,171.07142857142856,88.5,82.57142857142857,0.0,171.07142857142856,171.07142857142856,82.89285714285714
2012-01-06 00:30:00,86.125,88.5,171.07142857142856,88.5,82.57142857142857,177.85714285714278,174.625,171.07142857142856,87.78571428571428
2012-01-06 00:45:00,86.125,88.5,174.625,88.5,86.125,0.0,174.625,174.625,82.5375
2012-01-06 01:00:00,86.125,88.5,174.625,88.5,86.125,0.0,174.625,174.625,87.07499999999999
2012-01-06 01:15:00,86.125,88.5,174.625,88.5,86.125,216.12499999999983,174.625,174.625,91.61249999999998
2012-01-06 01:30:00,86.125,92.5,174.625,88.5,86.125,0.0,178.625,174.625,82.5375
2012-01-06 01:45:00,86.125,92.5,178.625,92.5,86.125,0.0,178.625,178.625,86.675
2012-01-06 02:00:00,86.125,92.5,178.625,92.5,86.125,208.125,178.625,178.625,90.8125
2012-01-06 02:15:00,86.125,92.5,178.625,92.5,86.125,0.0,178.625,178.625,82.1375
2012-01-06 02:30:00,0.0,92.5,178.625,92.5,86.125,162.75000000000006,92.5,178.625,86.275
2012-01-06 02:45:00,0.0,92.5,92.5,92.5,0.0,207.5,92.5,92.5,90.75
2012-01-06 03:00:00,80.0,0.0,92.5,92.5,0.0,207.5,80.0,92.5,90.75
2012-01-06 03:15:00,80.0,90.85714285714286,80.0,0.0,80.0,220.0,170.85714285714286,80.0,92.0
2012-01-06 03:30:00,80.0,90.85714285714286,170.85714285714286,90.85714285714286,79.99999999999999,0.0,170.85714285714286,170.85714285714286,82.91428571428571
2012-01-06 03:45:00,0.0,90.85714285714286,170.85714285714286,90.85714285714286,79.99999999999999,178.28571428571422,90.85714285714286,170.85714285714286,87.82857142857142
2012-01-06 04:00:00,0.0,90.85714285714286,90.85714285714286,90.85714285714286,0.0,209.1428571428571,90.85714285714286,90.85714285714286,90.91428571428573
2012-01-06 04:15:00,0.0,90.85714285714286,90.85714285714286,90.85714285714286,0.0,209.1428571428571,90.85714285714286,90.85714285714286,90.91428571428573
2012-01-06 04:30:00,83.5,90.85714285714286,90.85714285714286,90.85714285714286,0.0,209.1428571428571,174.35714285714286,90.85714285714286,90.91428571428573
2012-01-06 04:45:00,83.5,90.85714285714286,174.35714285714286,90.85714285714286,83.5,0.0,174.35714285714286,174.35714285714286,82.56428571428572
2012-01-06 05:00:00,83.5,0.0,174.35714285714286,90.85714285714286,83.5,171.2857142857143,83.5,174.35714285714286,87.12857142857143
2012-01-06 05:15:00,83.5,0.0,83.5,0.0,83.5,216.50000000000009,83.5,83.5,91.65
2012-01-06 05:30:00,116.0,116.5,83.5,0.0,83.5,0.0,232.5,83.5,91.65
2012-01-06 05:45:00,116.0,116.5,220.0,100.21505376344086,99.78494623655914,0.0,232.5,220.0,91.65
2012-01-06 06:00:00,0.0,0.0,220.0,100.21505376344086,99.78494623655914,216.50000000000009,0.0,220.0,91.65
2012-01-06 06:15:00,0.0,0.0,0.0,0.0,0.0,300.0,0.0,0.0,100.0
2012-01-06 06:30:00,0.0,0.0,0.0,0.0,0.0,300.0,0.0,0.0,100.0
2012-01-06 06:45:00,87.75,95.25,0.0,0.0,0.0,300.0,183.0,0.0,100.0
2012-01-06 07:00:00,87.75,95.25,183.0,95.25,87.75,0.0,183.0,183.0,81.7
2012-01-06 07:15:00,87.75,95.25,183.0,95.25,87.75,0.0,183.0,183.0,85.4
2012-01-06 07:30:00,87.75,95.25,183.0,95.25,87.75,191.00000000000009,183.0,183.0,89.10000000000001
2012-01-06 07:45:00,87.75,0.0,183.0,95.25,87.75,117.00000000000004,87.75,183.0,81.7
2012-01-06 08:00:00,87.75,108.0,87.75,0.0,87.75,212.25,195.75,87.75,91.225
2012-01-06 08:15:00,87.75,108.0,195.75,108.0,87.75,0.0,195.75,195.75,80.425
2012-01-06 08:30:00,87.75,0.0,195.75,108.0,87.75,128.49999999999994,87.75,195.75,82.85
2012-01-06 08:45:00,0.0,0.0,87.75,0.0,87.75,212.25,0.0,87.75,91.225
2012-01-06 09:00:00,0.0,0.0,0.0,0.0,0.0,300.0,0.0,0.0,100.0
2012-01-06 09:15:00,85.88888888888889,83.33333333333333,0.0,0.0,0.0,300.0,169.22222222222223,0.0,100.0
2012-01-06 09:30:00,85.88888888888889,83.33333333333333,169.22222222222223,83.33333333333334,85.88888888888889,0.0,169.22222222222223,169.22222222222223,83.07777777777778
2012-01-06 09:45:00,85.88888888888889,83.33333333333333,169.22222222222223,83.33333333333334,85.88888888888889,181.55555555555569,169.22222222222223,169.22222222222223,88.15555555555557
2012-01-06 10:00:00,85.88888888888889,83.33333333333333,169.22222222222223,83.33333333333334,85.88888888888889,0.0,169.22222222222223,169.22222222222223,83.07777777777778
2012-01-06 10:15:00,85.88888888888889,83.33333333333333,169.22222222222223,83.33333333333334,85.88888888888889,181.55555555555569,169.22222222222223,169.22222222222223,88.15555555555557
2012-01-06 10:30:00,85.88888888888889,83.33333333333333,169.22222222222223,83.33333333333334,85.88888888888889,0.0,169.22222222222223,169.22222222222223,83.07777777777778
2012-01-06 10:45:00,85.88888888888889,0.0,169.22222222222223,83.33333333333334,85.88888888888889,181.55555555555569,85.88888888888889,169.22222222222223,88.15555555555557
2012-01-06 11:00:00,85.88888888888889,0.0,85.88888888888889,0.0,85.88888888888889,214.11111111111111,85.88888888888889,85.88888888888889,91.41111111111113
2012-01-06 11:15:00,85.88888888888889,0.0,85.88888888888889,0.0,85.88888888888889,214.11111111111111,85.88888888888889,85.88888888888889,91.41111111111113
2012-01-06 11:30:00,0.0,111.5,85.88888888888889,0.0,85.88888888888889,214.11111111111111,111.5,85.88888888888889,91.41111111111113
2012-01-06 11:45:00,0.0,111.5,111.5,111.5,0.0,188.5,111.5,111.5,88.85
2012-01-06 12:00:00,0.0,0.0,111.5,111.5,0.0,188.5,0.0,111.5,88.85
2012-01-06 12:15:00,99.33333333333331,90.5,0.0,0.0,0.0,300.0,189.8333333333333,0.0,100.0
2012-01-06 12:30:00,99.33333333333331,90.5,189.8333333333333,90.5,99.33333333333331,0.0,189.8333333333333,189.8333333333333,81.01666666666667
2012-01-06 12:45:00,99.33333333333331,90.5,189.8333333333333,90.5,99.33333333333331,0.0,189.8333333333333,189.8333333333333,84.03333333333333
2012-01-06 13:00:00,0.0,90.5,189.8333333333333,90.5,99.33333333333331,170.49999999999997,90.5,189.8333333333333,87.05
2012-01-06 13:15:00,0.0,0.0,90.5,90.5,0.0,209.50000000000003,0.0,90.5,90.95
2012-01-06 13:30:00,0.0,0.0,0.0,0.0,0.0,300.0,0.0,0.0,100.0
2012-01-06 13:45:00,82.88888888888889,0.0,0.0,0.0,0.0,300.0,82.88888888888889,0.0,100.0
2012-01-06 14:00:00,82.88888888888889,87.88888888888889,82.88888888888889,0.0,82.88888888888889,217.1111111111111,170.77777777777777,82.88888888888889,91.71111111111112
2012-01-06 14:15:00,82.88888888888889,87.88888888888889,170.77777777777777,87.88888888888889,82.88888888888889,0.0,170.77777777777777,170.77777777777777,82.92222222222222
2012-01-06 14:30:00,82.88888888888889,87.88888888888889,170.77777777777777,87.88888888888889,82.88888888888889,178.44444444444434,170.77777777777777,170.77777777777777,87.84444444444443
2012-01-06 14:45:00,82.88888888888889,87.88888888888889,170.77777777777777,87.88888888888889,82.88888888888889,0.0,170.77777777777777,170.77777777777777,82.92222222222222
2012-01-06 15:00:00,82.88888888888889,87.88888888888889,170.77777777777777,87.88888888888889,82.88888888888889,178.44444444444434,170.77777777777777,170.77777777777777,87.84444444444443
2012-01-06 15:15:00,82.88888888888889,87.88888888888889,170.77777777777777,87.88888888888889,82.88888888888889,0.0,170.77777777777777,170.77777777777777,82.92222222222222
2012-01-06 15:30:00,82.88888888888889,87.88888888888889,170.77777777777777,87.88888888888889,82.88888888888889,178.44444444444434,170.77777777777777,170.77777777777777,87.84444444444443
2012-01-06 15:45:00,82.88888888888889,87.88888888888889,170.77777777777777,87.88888888888889,82.88888888888889,0.0,170.77777777777777,170.77777777777777,82.92222222222222
2012-01-06 16:00:00,82.625,87.88888888888889,170.77777777777777,87.88888888888889,82.88888888888889,178.44444444444434,170.51388888888889,170.77777777777777,87.84444444444443
2012-01-06 16:15:00,82.625,0.0,170.51388888888889,87.88888888888887,82.62499999999999,129.48611111111106,82.625,170.51388888888889,82.9486111111111
2012-01-06 16:30:00,82.625,85.0,82.625,0.0,82.625,217.375,167.625,82.625,91.7375
2012-01-06 16:45:00,82.625,85.0,167.625,85.0,82.625,0.0,167.625,167.625,83.2375
2012-01-06 17:00:00,82.625,85.0,167.625,85.0,82.625,184.75,167.625,167.625,88.475
2012-01-06 17:15:00,82.625,85.0,167.625,85.0,82.625,0.0,167.625,167.625,83.2375
2012-01-06 17:30:00,82.625,85.0,167.625,85.0,82.625,184.75,167.625,167.625,88.475
2012-01-06 17:45:00,82.625,0.0,167.625,85.0,82.625,132.37499999999997,82.625,167.625,83.2375
2012-01-06 18:00:00,0.0,0.0,82.625,0.0,82.625,217.375,0.0,82.625,91.7375
2012-01-06 18:15:00,0.0,80.28571428571429,0.0,0.0,0.0,300.0,80.28571428571429,0.0,100.0
2012-01-06 18:30:00,102.0,80.28571428571429,80.28571428571429,80.28571428571429,0.0,219.7142857142857,182.28571428571428,80.28571428571429,91.97142857142858
2012-01-06 18:45:00,102.0,80.28571428571429,182.28571428571428,80.28571428571429,102.0,0.0,182.28571428571428,182.28571428571428,81.77142857142857
2012-01-06 19:00:00,0.0,80.28571428571429,182.28571428571428,80.28571428571429,101.99999999999999,155.42857142857144,80.28571428571429,182.28571428571428,85.54285714285714
