date,H2demand-0.time-based_0-tot_dem,CSVprod-0.time-based_0-production,H2_controller-0.time-based_0-dump,H2Buffer1-0.time-based_0-soc,H2Buffer1-0.time-based_0-h2_out
2025-04-21 00:00:00,0.06,0.75,0.69,50.0,0.06
2025-04-21 00:15:00,0.05,0.74,0.0,50.57983193277311,0.05
2025-04-21 00:30:00,0.03,0.74,0.0,51.1764705882353,0.03
2025-04-21 00:45:00,0.08,0.77,0.0,51.75630252100841,0.08
2025-04-21 01:00:00,0.03,0.76,0.0,52.36974789915967,0.03
2025-04-21 01:15:00,0.13,0.73,0.0,52.87394957983194,0.13
2025-04-21 01:30:00,0.07,0.76,0.0,53.45378151260505,0.07
2025-04-21 01:45:00,0.0,0.73,0.0,54.06722689075631,0.0
2025-04-21 02:00:00,0.15,0.71,0.0,54.537815126050425,0.15
2025-04-21 02:15:00,0.03,0.77,0.0,55.15966386554622,0.03
2025-04-21 02:30:00,0.04,0.74,0.0,55.747899159663866,0.04
2025-04-21 02:45:00,0.03,0.72,0.0,56.32773109243698,0.03
2025-04-21 03:00:00,0.03,0.74,0.0,56.92436974789916,0.03
2025-04-21 03:15:00,0.11,0.72,0.0,57.43697478991597,0.11
2025-04-21 03:30:00,0.04,0.76,0.0,58.04201680672269,0.04
2025-04-21 03:45:00,0.11,0.75,0.0,58.57983193277311,0.11
2025-04-21 04:00:00,0.06,0.73,0.0,59.142857142857146,0.06
2025-04-21 04:15:00,0.08,0.72,0.0,59.68067226890757,0.08
2025-04-21 04:30:00,0.0,0.73,0.0,60.294117647058826,0.0
2025-04-21 04:45:00,0.02,0.75,0.0,60.90756302521009,0.02
2025-04-21 05:00:00,0.06,0.73,0.0,61.47058823529412,0.06
2025-04-21 05:15:00,0.16,0.76,0.0,61.97478991596639,0.16
2025-04-21 05:30:00,0.58,0.77,0.0,62.13445378151261,0.58
2025-04-21 05:45:00,0.72,0.77,0.0,62.1764705882353,0.72
2025-04-21 06:00:00,1.08,0.83,0.0,61.966386554621856,1.08
2025-04-21 06:15:00,0.91,0.84,0.0,61.90756302521009,0.91
2025-04-21 06:30:00,0.85,0.85,0.0,61.90756302521009,0.85
2025-04-21 06:45:00,0.54,0.8,0.0,62.12605042016807,0.54
2025-04-21 07:00:00,0.94,0.83,0.0,62.03361344537815,0.94
2025-04-21 07:15:00,1.31,0.86,0.0,61.65546218487395,1.31
2025-04-21 07:30:00,1.19,0.85,0.0,61.36974789915966,1.19
2025-04-21 07:45:00,0.71,0.81,0.0,61.45378151260504,0.71
2025-04-21 08:00:00,0.75,0.8,0.0,61.49579831932773,0.75
2025-04-21 08:15:00,0.93,0.81,0.0,61.39495798319328,0.93
2025-04-21 08:30:00,0.82,0.81,0.0,61.386554621848745,0.82
2025-04-21 08:45:00,0.8,0.84,0.0,61.420168067226896,0.8
2025-04-21 09:00:00,1.14,0.76,0.0,61.10084033613446,1.14
2025-04-21 09:15:00,1.1,0.75,0.0,60.806722689075634,1.1
2025-04-21 09:30:00,0.51,0.77,0.0,61.02521008403362,0.51
2025-04-21 09:45:00,0.81,0.77,0.0,60.991596638655466,0.81
2025-04-21 10:00:00,1.55,0.85,0.0,60.40336134453782,1.55
2025-04-21 10:15:00,0.94,0.83,0.0,60.3109243697479,0.94
2025-04-21 10:30:00,1.46,0.84,0.0,59.78991596638656,1.46
2025-04-21 10:45:00,1.3,0.85,0.0,59.41176470588236,1.3
2025-04-21 11:00:00,2.19,0.85,0.0,58.285714285714285,2.19
2025-04-21 11:15:00,2.04,0.85,0.0,57.285714285714285,2.04
2025-04-21 11:30:00,1.89,0.84,0.0,56.40336134453781,1.89
2025-04-21 11:45:00,1.45,0.83,0.0,55.88235294117647,1.45
2025-04-21 12:00:00,1.84,0.86,0.0,55.05882352941177,1.84
2025-04-21 12:15:00,1.84,0.89,0.0,54.26050420168068,1.84
2025-04-21 12:30:00,2.1,0.82,0.0,53.18487394957983,2.1
2025-04-21 12:45:00,1.46,0.87,0.0,52.6890756302521,1.46
2025-04-21 13:00:00,1.1,0.81,0.0,52.4453781512605,1.1
2025-04-21 13:15:00,1.59,0.9,0.0,51.86554621848739,1.59
2025-04-21 13:30:00,1.32,0.86,0.0,51.47899159663865,1.32
2025-04-21 13:45:00,1.82,0.87,0.0,50.68067226890756,1.82
2025-04-21 14:00:00,1.89,0.89,0.0,49.84033613445378,1.89
2025-04-21 14:15:00,1.74,0.84,0.0,49.08403361344538,1.74
2025-04-21 14:30:00,1.32,0.85,0.0,48.6890756302521,1.32
2025-04-21 14:45:00,2.05,0.84,0.0,47.67226890756302,2.05
2025-04-21 15:00:00,2.24,0.84,0.0,46.495798319327726,2.24
2025-04-21 15:15:00,1.62,0.86,0.0,45.85714285714285,1.62
2025-04-21 15:30:00,1.29,0.88,0.0,45.5126050420168,1.29
2025-04-21 15:45:00,2.34,0.86,0.0,44.2689075630252,2.34
2025-04-21 16:00:00,1.88,0.88,0.0,43.42857142857142,1.88
2025-04-21 16:15:00,0.17,0.75,0.0,43.915966386554615,0.17
2025-04-21 16:30:00,0.53,0.76,0.0,44.10924369747899,0.53
2025-04-21 16:45:00,0.4,0.76,0.0,44.41176470588235,0.4
2025-04-21 17:00:00,2.36,0.85,0.0,43.14285714285714,2.36
2025-04-21 17:15:00,1.63,0.84,0.0,42.47899159663865,1.63
2025-04-21 17:30:00,2.69,0.85,0.0,40.93277310924369,2.69
2025-04-21 17:45:00,1.58,0.81,0.0,40.28571428571428,1.58
2025-04-21 18:00:00,2.43,0.88,0.0,38.98319327731092,2.43
2025-04-21 18:15:00,1.52,0.83,0.0,38.40336134453781,1.52
2025-04-21 18:30:00,1.53,0.86,0.0,37.84033613445377,1.53
2025-04-21 18:45:00,1.95,0.8,0.0,36.87394957983192,1.95
2025-04-21 19:00:00,1.62,0.82,0.0,36.2016806722689,1.62
2025-04-21 19:15:00,3.06,0.82,0.0,34.31932773109243,3.06
2025-04-21 19:30:00,1.77,0.82,0.0,33.521008403361336,1.77
2025-04-21 19:45:00,1.8,0.82,0.0,32.69747899159663,1.8
2025-04-21 20:00:00,1.51,0.83,0.0,32.12605042016806,1.51
2025-04-21 20:15:00,0.26,0.77,0.0,32.554621848739494,0.26
2025-04-21 20:30:00,0.41,0.77,0.0,32.857142857142854,0.41
2025-04-21 20:45:00,0.66,0.75,0.0,32.9327731092437,0.66
2025-04-21 21:00:00,0.03,0.76,0.0,33.54621848739496,0.03
2025-04-21 21:15:00,0.07,0.72,0.0,34.09243697478992,0.07
2025-04-21 21:30:00,0.05,0.7,0.0,34.63865546218488,0.05
2025-04-21 21:45:00,0.0,0.75,0.0,35.268907563025216,0.0
2025-04-21 22:00:00,0.0,0.78,0.0,35.92436974789916,0.0
2025-04-21 22:15:00,0.03,0.75,0.0,36.52941176470589,0.03
2025-04-21 22:30:00,0.17,0.72,0.0,36.991596638655466,0.17
2025-04-21 22:45:00,0.17,0.74,0.0,37.47058823529412,0.17
2025-04-21 23:00:00,0.03,0.75,0.0,38.07563025210085,0.03
2025-04-21 23:15:00,0.41,0.76,0.0,38.36974789915967,0.41
2025-04-21 23:30:00,1.06,0.76,0.0,38.117647058823536,1.06
2025-04-21 23:45:00,0.64,0.78,0.0,38.235294117647065,0.64
2025-04-22 00:00:00,0.05,0.71,0.0,38.78991596638656,0.05
2025-04-22 00:15:00,0.09,0.75,0.0,39.34453781512605,0.09
2025-04-22 00:30:00,0.09,0.71,0.0,39.8655462184874,0.09
2025-04-22 00:45:00,0.05,0.73,0.0,40.436974789915965,0.05
2025-04-22 01:00:00,0.06,0.74,0.0,41.00840336134453,0.06
2025-04-22 01:15:00,0.0,0.75,0.0,41.63865546218487,0.0
2025-04-22 01:30:00,0.0,0.74,0.0,42.26050420168067,0.0
2025-04-22 01:45:00,0.02,0.75,0.0,42.87394957983193,0.02
2025-04-22 02:00:00,0.07,0.73,0.0,43.42857142857142,0.07
2025-04-22 02:15:00,0.06,0.73,0.0,43.99159663865546,0.06
2025-04-22 02:30:00,0.09,0.75,0.0,44.54621848739495,0.09
2025-04-22 02:45:00,0.16,0.73,0.0,45.02521008403361,0.16
2025-04-22 03:00:00,0.07,0.77,0.0,45.613445378151255,0.07
2025-04-22 03:15:00,0.04,0.73,0.0,46.193277310924366,0.04
2025-04-22 03:30:00,0.04,0.76,0.0,46.798319327731086,0.04
2025-04-22 03:45:00,0.02,0.75,0.0,47.41176470588235,0.02
2025-04-22 04:00:00,0.01,0.75,0.0,48.033613445378144,0.01
2025-04-22 04:15:00,0.11,0.72,0.0,48.54621848739495,0.11
2025-04-22 04:30:00,0.16,0.75,0.0,49.042016806722685,0.16
2025-04-22 04:45:00,0.05,0.73,0.0,49.613445378151255,0.05
2025-04-22 05:00:00,0.1,0.76,0.0,50.16806722689075,0.1
2025-04-22 05:15:00,0.73,0.76,0.0,50.193277310924366,0.73
2025-04-22 05:30:00,0.4,0.77,0.0,50.50420168067227,0.4
2025-04-22 05:45:00,0.26,0.76,0.0,50.92436974789916,0.26
2025-04-22 06:00:00,1.18,0.83,0.0,50.63025210084033,1.18
2025-04-22 06:15:00,1.39,0.82,0.0,50.15126050420167,1.39
2025-04-22 06:30:00,0.91,0.82,0.0,50.07563025210083,0.91
2025-04-22 06:45:00,0.82,0.82,0.0,50.07563025210083,0.82
2025-04-22 07:00:00,1.28,0.84,0.0,49.70588235294117,1.28
2025-04-22 07:15:00,1.06,0.8,0.0,49.487394957983184,1.06
2025-04-22 07:30:00,1.08,0.82,0.0,49.2689075630252,1.08
2025-04-22 07:45:00,1.16,0.82,0.0,48.98319327731092,1.16
2025-04-22 08:00:00,1.69,0.84,0.0,48.2689075630252,1.69
2025-04-22 08:15:00,1.25,0.79,0.0,47.882352941176464,1.25
2025-04-22 08:30:00,0.88,0.81,0.0,47.823529411764696,0.88
2025-04-22 08:45:00,0.75,0.83,0.0,47.890756302521,0.75
2025-04-22 09:00:00,1.22,0.81,0.0,47.54621848739495,1.22
2025-04-22 09:15:00,0.82,0.77,0.0,47.50420168067225,0.82
2025-04-22 09:30:00,0.42,0.76,0.0,47.78991596638654,0.42
2025-04-22 09:45:00,0.67,0.77,0.0,47.87394957983192,0.67
2025-04-22 10:00:00,0.52,0.86,0.0,48.1596638655462,0.52
2025-04-22 10:15:00,1.65,0.87,0.0,47.50420168067225,1.65
2025-04-22 10:30:00,1.08,0.88,0.0,47.3361344537815,1.08
2025-04-22 10:45:00,1.62,0.87,0.0,46.70588235294116,1.62
2025-04-22 11:00:00,0.55,0.87,0.0,46.97478991596637,0.55
2025-04-22 11:15:00,2.11,0.87,0.0,45.93277310924368,2.11
2025-04-22 11:30:00,0.96,0.85,0.0,45.84033613445376,0.96
2025-04-22 11:45:00,1.56,0.87,0.0,45.260504201680654,1.56
2025-04-22 12:00:00,1.32,0.88,0.0,44.89075630252099,1.32
2025-04-22 12:15:00,1.19,0.84,0.0,44.596638655462165,1.19
2025-04-22 12:30:00,1.43,0.86,0.0,44.11764705882351,1.43
2025-04-22 12:45:00,1.48,0.85,0.0,43.58823529411762,1.48
2025-04-22 13:00:00,0.97,0.85,0.0,43.48739495798317,0.97
2025-04-22 13:15:00,1.71,0.86,0.0,42.773109243697455,1.71
2025-04-22 13:30:00,1.02,0.86,0.0,42.63865546218485,1.02
2025-04-22 13:45:00,1.65,0.88,0.0,41.99159663865544,1.65
2025-04-22 14:00:00,2.11,0.86,0.0,40.94117647058821,2.11
2025-04-22 14:15:00,2.06,0.85,0.0,39.924369747899135,2.06
2025-04-22 14:30:00,1.11,0.88,0.0,39.73109243697476,1.11
2025-04-22 14:45:00,1.25,0.8,0.0,39.35294117647056,1.25
2025-04-22 15:00:00,1.17,0.89,0.0,39.1176470588235,1.17
2025-04-22 15:15:00,1.85,0.87,0.0,38.2941176470588,1.85
2025-04-22 15:30:00,1.48,0.87,0.0,37.78151260504199,1.48
2025-04-22 15:45:00,1.49,0.87,0.0,37.26050420168065,1.49
2025-04-22 16:00:00,1.95,0.89,0.0,36.36974789915964,1.95
2025-04-22 16:15:00,0.31,0.76,0.0,36.747899159663845,0.31
2025-04-22 16:30:00,0.39,0.76,0.0,37.05882352941175,0.39
2025-04-22 16:45:00,0.47,0.75,0.0,37.294117647058805,0.47
2025-04-22 17:00:00,1.51,0.82,0.0,36.714285714285694,1.51
2025-04-22 17:15:00,2.06,0.82,0.0,35.672268907563,2.06
2025-04-22 17:30:00,1.96,0.82,0.0,34.714285714285694,1.96
2025-04-22 17:45:00,2.07,0.83,0.0,33.67226890756301,2.07
2025-04-22 18:00:00,1.93,0.82,0.0,32.73949579831931,1.93
2025-04-22 18:15:00,1.43,0.79,0.0,32.20168067226889,1.43
2025-04-22 18:30:00,2.53,0.85,0.0,30.78991596638654,2.53
2025-04-22 18:45:00,2.11,0.81,0.0,29.697478991596626,2.11
2025-04-22 19:00:00,2.18,0.85,0.0,28.579831932773097,2.18
2025-04-22 19:15:00,1.76,0.84,0.0,27.806722689075617,1.76
2025-04-22 19:30:00,1.39,0.81,0.0,27.319327731092425,1.39
2025-04-22 19:45:00,1.55,0.84,0.0,26.72268907563024,1.55
2025-04-22 20:00:00,1.99,0.83,0.0,25.74789915966385,1.99
2025-04-22 20:15:00,0.43,0.76,0.0,26.0252100840336,0.43
2025-04-22 20:30:00,0.24,0.76,0.0,26.462184873949564,0.24
2025-04-22 20:45:00,0.38,0.78,0.0,26.798319327731075,0.38
2025-04-22 21:00:00,0.07,0.74,0.0,27.36134453781511,0.07
2025-04-22 21:15:00,0.0,0.77,0.0,28.008403361344524,0.0
2025-04-22 21:30:00,0.13,0.73,0.0,28.512605042016794,0.13
2025-04-22 21:45:00,0.05,0.76,0.0,29.10924369747898,0.05
2025-04-22 22:00:00,0.0,0.73,0.0,29.72268907563024,0.0
2025-04-22 22:15:00,0.11,0.72,0.0,30.23529411764705,0.11
2025-04-22 22:30:00,0.0,0.75,0.0,30.86554621848739,0.0
2025-04-22 22:45:00,0.03,0.75,0.0,31.470588235294112,0.03
2025-04-22 23:00:00,0.05,0.75,0.0,32.05882352941176,0.05
2025-04-22 23:15:00,0.67,0.76,0.0,32.134453781512605,0.67
2025-04-22 23:30:00,0.17,0.77,0.0,32.63865546218487,0.17
2025-04-22 23:45:00,0.59,0.76,0.0,32.78151260504202,0.59
2025-04-23 00:00:00,0.15,0.75,0.0,33.285714285714285,0.15
2025-04-23 00:15:00,0.13,0.76,0.0,33.81512605042017,0.13
2025-04-23 00:30:00,0.0,0.75,0.0,34.445378151260506,0.0
2025-04-23 00:45:00,0.02,0.73,0.0,35.04201680672269,0.02
2025-04-23 01:00:00,0.05,0.76,0.0,35.63865546218488,0.05
2025-04-23 01:15:00,0.12,0.76,0.0,36.1764705882353,0.12
2025-04-23 01:30:00,0.04,0.77,0.0,36.78991596638656,0.04
2025-04-23 01:45:00,0.0,0.77,0.0,37.43697478991597,0.0
2025-04-23 02:00:00,0.02,0.77,0.0,38.06722689075631,0.02
2025-04-23 02:15:00,0.09,0.76,0.0,38.630252100840345,0.09
2025-04-23 02:30:00,0.09,0.76,0.0,39.19327731092438,0.09
2025-04-23 02:45:00,0.03,0.76,0.0,39.80672268907564,0.03
2025-04-23 03:00:00,0.06,0.76,0.0,40.39495798319329,0.06
2025-04-23 03:15:00,0.0,0.75,0.0,41.02521008403362,0.0
2025-04-23 03:30:00,0.01,0.72,0.0,41.62184873949581,0.01
2025-04-23 03:45:00,0.0,0.73,0.0,42.23529411764707,0.0
2025-04-23 04:00:00,0.05,0.77,0.0,42.84033613445379,0.05
2025-04-23 04:15:00,0.02,0.72,0.0,43.42857142857144,0.02
2025-04-23 04:30:00,0.01,0.7,0.0,44.00840336134455,0.01
2025-04-23 04:45:00,0.04,0.76,0.0,44.61344537815127,0.04
2025-04-23 05:00:00,0.04,0.74,0.0,45.201680672268914,0.04
2025-04-23 05:15:00,0.53,0.76,0.0,45.39495798319329,0.53
2025-04-23 05:30:00,0.52,0.76,0.0,45.59663865546219,0.52
2025-04-23 05:45:00,0.84,0.75,0.0,45.52100840336135,0.84
2025-04-23 06:00:00,1.04,0.82,0.0,45.33613445378152,1.04
2025-04-23 06:15:00,0.7,0.82,0.0,45.43697478991597,0.7
2025-04-23 06:30:00,1.38,0.83,0.0,44.97478991596639,1.38
2025-04-23 06:45:00,1.48,0.81,0.0,44.41176470588236,1.48
2025-04-23 07:00:00,1.06,0.85,0.0,44.23529411764706,1.06
2025-04-23 07:15:00,1.22,0.86,0.0,43.9327731092437,1.22
2025-04-23 07:30:00,0.73,0.84,0.0,44.02521008403362,0.73
2025-04-23 07:45:00,1.45,0.82,0.0,43.49579831932773,1.45
2025-04-23 08:00:00,0.82,0.84,0.0,43.51260504201681,0.82
2025-04-23 08:15:00,0.73,0.82,0.0,43.58823529411765,0.73
2025-04-23 08:30:00,1.32,0.8,0.0,43.15126050420169,1.32
2025-04-23 08:45:00,1.33,0.8,0.0,42.70588235294118,1.33
2025-04-23 09:00:00,1.02,0.76,0.0,42.4873949579832,1.02
2025-04-23 09:15:00,0.3,0.77,0.0,42.88235294117648,0.3
2025-04-23 09:30:00,0.47,0.77,0.0,43.13445378151261,0.47
2025-04-23 09:45:00,0.89,0.77,0.0,43.03361344537816,0.89
2025-04-23 10:00:00,0.72,0.89,0.0,43.1764705882353,0.72
2025-04-23 10:15:00,1.18,0.87,0.0,42.91596638655463,1.18
2025-04-23 10:30:00,0.53,0.86,0.0,43.19327731092438,0.53
2025-04-23 10:45:00,1.41,0.85,0.0,42.72268907563026,1.41
2025-04-23 11:00:00,2.35,0.88,0.0,41.487394957983206,2.35
2025-04-23 11:15:00,1.74,0.87,0.0,40.756302521008415,1.74
2025-04-23 11:30:00,1.29,0.84,0.0,40.37815126050421,1.29
2025-04-23 11:45:00,2.54,0.86,0.0,38.966386554621856,2.54
2025-04-23 12:00:00,1.68,0.82,0.0,38.243697478991606,1.68
2025-04-23 12:15:00,1.21,0.85,0.0,37.941176470588246,1.21
2025-04-23 12:30:00,1.83,0.87,0.0,37.13445378151262,1.83
2025-04-23 12:45:00,1.51,0.83,0.0,36.56302521008405,1.51
2025-04-23 13:00:00,1.61,0.87,0.0,35.94117647058825,1.61
2025-04-23 13:15:00,0.91,0.87,0.0,35.9075630252101,0.91
2025-04-23 13:30:00,1.08,0.89,0.0,35.74789915966388,1.08
2025-04-23 13:45:00,1.85,0.87,0.0,34.92436974789918,1.85
2025-04-23 14:00:00,1.53,0.85,0.0,34.35294117647061,1.53
2025-04-23 14:15:00,1.22,0.88,0.0,34.067226890756324,1.22
2025-04-23 14:30:00,2.04,0.87,0.0,33.0840336134454,2.04
2025-04-23 14:45:00,1.16,0.83,0.0,32.80672268907565,1.16
2025-04-23 15:00:00,1.57,0.87,0.0,32.218487394958004,1.57
2025-04-23 15:15:00,1.34,0.85,0.0,31.80672268907565,1.34
2025-04-23 15:30:00,2.06,0.88,0.0,30.81512605042019,2.06
2025-04-23 15:45:00,1.75,0.86,0.0,30.067226890756324,1.75
2025-04-23 16:00:00,2.29,0.84,0.0,28.84873949579834,2.29
2025-04-23 16:15:00,0.27,0.76,0.0,29.260504201680693,0.27
2025-04-23 16:30:00,0.38,0.76,0.0,29.57983193277313,0.38
2025-04-23 16:45:00,0.36,0.78,0.0,29.932773109243715,0.36
2025-04-23 17:00:00,2.14,0.82,0.0,28.823529411764724,2.14
2025-04-23 17:15:00,2.22,0.81,0.0,27.638655462184893,2.22
2025-04-23 17:30:00,1.73,0.84,0.0,26.890756302521027,1.73
2025-04-23 17:45:00,2.54,0.89,0.0,25.50420168067229,2.54
2025-04-23 18:00:00,2.04,0.79,0.0,24.45378151260506,2.04
2025-04-23 18:15:00,2.55,0.83,0.0,23.00840336134456,2.55
2025-04-23 18:30:00,2.27,0.81,0.0,21.78151260504204,2.27
2025-04-23 18:45:00,1.41,0.84,0.0,21.302521008403385,1.41
2025-04-23 19:00:00,2.19,0.82,0.0,20.151260504201705,2.19
2025-04-23 19:15:00,2.02,0.77,0.0,19.10084033613448,2.02
2025-04-23 19:30:00,1.38,0.84,0.0,18.64705882352944,1.38
2025-04-23 19:45:00,2.45,0.84,0.0,17.29411764705885,2.45
2025-04-23 20:00:00,3.2,0.84,0.0,15.310924369747926,3.2
2025-04-23 20:15:00,0.63,0.77,0.0,15.428571428571455,0.63
2025-04-23 20:30:00,0.35,0.76,0.0,15.773109243697506,0.35
2025-04-23 20:45:00,0.58,0.77,0.0,15.932773109243724,0.58
2025-04-23 21:00:00,0.0,0.74,0.0,16.554621848739522,0.0
2025-04-23 21:15:00,0.01,0.71,0.0,17.14285714285717,0.01
2025-04-23 21:30:00,0.07,0.7,0.0,17.67226890756305,0.07
2025-04-23 21:45:00,0.06,0.72,0.0,18.22689075630255,0.06
2025-04-23 22:00:00,0.06,0.74,0.0,18.79831932773112,0.06
2025-04-23 22:15:00,0.04,0.72,0.0,19.36974789915969,0.04
2025-04-23 22:30:00,0.04,0.76,0.0,19.97478991596642,0.04
2025-04-23 22:45:00,0.08,0.71,0.0,20.504201680672303,0.08
2025-04-23 23:00:00,0.05,0.74,0.0,21.084033613445413,0.05
2025-04-23 23:15:00,0.27,0.76,0.0,21.495798319327765,0.27
2025-04-23 23:30:00,0.49,0.76,0.0,21.722689075630285,0.49
2025-04-23 23:45:00,0.35,0.77,0.0,22.075630252100872,0.35
2025-04-24 00:00:00,0.08,0.76,0.0,22.647058823529445,0.08
2025-04-24 00:15:00,0.02,0.71,0.0,23.22689075630256,0.02
2025-04-24 00:30:00,0.0,0.76,0.0,23.86554621848743,0.0
2025-04-24 00:45:00,0.03,0.77,0.0,24.48739495798323,0.03
2025-04-24 01:00:00,0.0,0.75,0.0,25.117647058823568,0.0
2025-04-24 01:15:00,0.05,0.77,0.0,25.72268907563029,0.05
2025-04-24 01:30:00,0.12,0.73,0.0,26.2352941176471,0.12
2025-04-24 01:45:00,0.0,0.75,0.0,26.86554621848744,0.0
2025-04-24 02:00:00,0.02,0.73,0.0,27.462184873949624,0.02
2025-04-24 02:15:00,0.13,0.76,0.0,27.99159663865551,0.13
2025-04-24 02:30:00,0.07,0.76,0.0,28.57142857142862,0.07
2025-04-24 02:45:00,0.09,0.71,0.0,29.092436974789965,0.09
2025-04-24 03:00:00,0.06,0.74,0.0,29.66386554621854,0.06
2025-04-24 03:15:00,0.08,0.74,0.0,30.21848739495804,0.08
2025-04-24 03:30:00,0.0,0.76,0.0,30.85714285714291,0.0
2025-04-24 03:45:00,0.12,0.75,0.0,31.386554621848795,0.12
2025-04-24 04:00:00,0.15,0.75,0.0,31.890756302521066,0.15
2025-04-24 04:15:00,0.03,0.78,0.0,32.5210084033614,0.03
2025-04-24 04:30:00,0.05,0.71,0.0,33.07563025210089,0.05
2025-04-24 04:45:00,0.09,0.74,0.0,33.62184873949585,0.09
2025-04-24 05:00:00,0.1,0.76,0.0,34.17647058823535,0.1
2025-04-24 05:15:00,0.56,0.76,0.0,34.3445378151261,0.56
2025-04-24 05:30:00,0.5,0.75,0.0,34.55462184873955,0.5
2025-04-24 05:45:00,0.63,0.78,0.0,34.68067226890762,0.63
2025-04-24 06:00:00,1.28,0.82,0.0,34.29411764705888,1.28
2025-04-24 06:15:00,1.01,0.81,0.0,34.12605042016813,1.01
2025-04-24 06:30:00,0.77,0.84,0.0,34.184873949579895,0.77
2025-04-24 06:45:00,1.15,0.81,0.0,33.89915966386561,1.15
2025-04-24 07:00:00,1.31,0.85,0.0,33.51260504201687,1.31
2025-04-24 07:15:00,1.01,0.86,0.0,33.3865546218488,1.01
2025-04-24 07:30:00,1.04,0.83,0.0,33.210084033613505,1.04
2025-04-24 07:45:00,0.94,0.83,0.0,33.117647058823586,0.94
2025-04-24 08:00:00,1.43,0.8,0.0,32.5882352941177,1.43
2025-04-24 08:15:00,1.38,0.83,0.0,32.12605042016812,1.38
2025-04-24 08:30:00,0.93,0.85,0.0,32.05882352941182,0.93
2025-04-24 08:45:00,0.49,0.8,0.0,32.31932773109249,0.49
2025-04-24 09:00:00,0.8,0.83,0.0,32.34453781512611,0.8
2025-04-24 09:15:00,0.52,0.76,0.0,32.546218487395016,0.52
2025-04-24 09:30:00,0.24,0.78,0.0,33.00000000000006,0.24
2025-04-24 09:45:00,0.86,0.77,0.0,32.92436974789921,0.86
2025-04-24 10:00:00,1.61,0.83,0.0,32.268907563025266,1.61
2025-04-24 10:15:00,1.4,0.87,0.0,31.823529411764763,1.4
2025-04-24 10:30:00,1.64,0.87,0.0,31.17647058823535,1.64
2025-04-24 10:45:00,1.75,0.88,0.0,30.44537815126056,1.75
2025-04-24 11:00:00,1.23,0.86,0.0,30.13445378151266,1.23
2025-04-24 11:15:00,0.66,0.84,0.0,30.28571428571434,0.66
2025-04-24 11:30:00,1.89,0.87,0.0,29.428571428571484,1.89
2025-04-24 11:45:00,1.77,0.88,0.0,28.680672268907617,1.77
2025-04-24 12:00:00,1.61,0.86,0.0,28.05042016806728,1.61
2025-04-24 12:15:00,1.63,0.86,0.0,27.403361344537867,1.63
2025-04-24 12:30:00,1.62,0.85,0.0,26.75630252100845,1.62
2025-04-24 12:45:00,1.76,0.86,0.0,26.00000000000005,1.76
2025-04-24 13:00:00,1.3,0.87,0.0,25.638655462184925,1.3
2025-04-24 13:15:00,1.33,0.88,0.0,25.260504201680725,1.33
2025-04-24 13:30:00,1.38,0.87,0.0,24.831932773109298,1.38
2025-04-24 13:45:00,1.52,0.87,0.0,24.28571428571433,1.52
2025-04-24 14:00:00,1.09,0.87,0.0,24.100840336134507,1.09
2025-04-24 14:15:00,1.19,0.84,0.0,23.806722689075684,1.19
2025-04-24 14:30:00,1.44,0.84,0.0,23.302521008403417,1.44
2025-04-24 14:45:00,1.58,0.87,0.0,22.70588235294123,1.58
2025-04-24 15:00:00,1.87,0.86,0.0,21.85714285714291,1.87
2025-04-24 15:15:00,1.97,0.86,0.0,20.924369747899213,1.97
2025-04-24 15:30:00,1.51,0.86,0.0,20.378151260504254,1.51
2025-04-24 15:45:00,0.4,0.87,0.0,20.77310924369753,0.4
2025-04-24 16:00:00,0.98,0.87,0.0,20.68067226890761,0.98
2025-04-24 16:15:00,0.42,0.77,0.0,20.97478991596644,0.42
2025-04-24 16:30:00,0.38,0.77,0.0,21.30252100840341,0.38
2025-04-24 16:45:00,0.3,0.75,0.0,21.68067226890761,0.3
2025-04-24 17:00:00,1.89,0.8,0.0,20.764705882352988,1.89
2025-04-24 17:15:00,1.48,0.82,0.0,20.21008403361349,1.48
2025-04-24 17:30:00,2.07,0.82,0.0,19.159663865546264,2.07
2025-04-24 17:45:00,2.29,0.8,0.0,17.90756302521013,2.29
2025-04-24 18:00:00,2.17,0.8,0.0,16.75630252100845,2.17
2025-04-24 18:15:00,1.93,0.82,0.0,15.823529411764753,1.93
2025-04-24 18:30:00,1.69,0.8,0.0,15.075630252100888,1.69
2025-04-24 18:45:00,1.14,0.8,0.0,14.789915966386602,1.14
2025-04-24 19:00:00,1.41,0.81,0.0,14.285714285714333,1.41
2025-04-24 19:15:00,2.5,0.82,0.0,12.87394957983198,2.5
2025-04-24 19:30:00,1.9,0.79,0.0,11.941176470588282,1.9
2025-04-24 19:45:00,2.63,0.81,0.0,10.4117647058824,2.63
2025-04-24 20:00:00,2.69,0.81,0.0,8.83193277310929,2.69
2025-04-24 20:15:00,0.26,0.76,0.0,9.252100840336182,0.26
2025-04-24 20:30:00,0.47,0.77,0.0,9.504201680672317,0.47
2025-04-24 20:45:00,0.35,0.78,0.0,9.865546218487443,0.35
2025-04-24 21:00:00,0.0,0.74,0.0,10.48739495798324,0.0
2025-04-24 21:15:00,0.0,0.77,0.0,11.134453781512653,0.0
2025-04-24 21:30:00,0.07,0.75,0.0,11.705882352941224,0.07
2025-04-24 21:45:00,0.1,0.76,0.0,12.26050420168072,0.1
2025-04-24 22:00:00,0.09,0.76,0.0,12.823529411764753,0.09
2025-04-24 22:15:00,0.04,0.79,0.0,13.453781512605088,0.04
2025-04-24 22:30:00,0.09,0.75,0.0,14.008403361344584,0.09
2025-04-24 22:45:00,0.04,0.78,0.0,14.630252100840382,0.04
2025-04-24 23:00:00,0.03,0.76,0.0,15.243697478991642,0.03
2025-04-24 23:15:00,0.39,0.78,0.0,15.571428571428616,0.39
2025-04-24 23:30:00,0.34,0.76,0.0,15.924369747899206,0.34
2025-04-24 23:45:00,0.53,0.76,0.0,16.117647058823575,0.53
2025-04-25 00:00:00,0.0,0.77,0.0,16.764705882352988,0.0
2025-04-25 00:15:00,0.09,0.76,0.0,17.327731092437023,0.09
2025-04-25 00:30:00,0.05,0.72,0.0,17.89075630252106,0.05
2025-04-25 00:45:00,0.04,0.75,0.0,18.487394957983245,0.04
2025-04-25 01:00:00,0.1,0.74,0.0,19.025210084033667,0.1
2025-04-25 01:15:00,0.14,0.76,0.0,19.546218487395013,0.14
2025-04-25 01:30:00,0.05,0.75,0.0,20.13445378151266,0.05
2025-04-25 01:45:00,0.05,0.76,0.0,20.731092436974848,0.05
2025-04-25 02:00:00,0.04,0.73,0.0,21.31092436974796,0.04
2025-04-25 02:15:00,0.02,0.71,0.0,21.89075630252107,0.02
2025-04-25 02:30:00,0.16,0.74,0.0,22.37815126050426,0.16
2025-04-25 02:45:00,0.14,0.75,0.0,22.89075630252107,0.14
2025-04-25 03:00:00,0.01,0.73,0.0,23.4957983193278,0.01
2025-04-25 03:15:00,0.0,0.73,0.0,24.10924369747905,0.0
2025-04-25 03:30:00,0.07,0.74,0.0,24.67226890756309,0.07
2025-04-25 03:45:00,0.02,0.75,0.0,25.285714285714352,0.02
2025-04-25 04:00:00,0.09,0.73,0.0,25.82352941176477,0.09
2025-04-25 04:15:00,0.0,0.73,0.0,26.43697478991604,0.0
2025-04-25 04:30:00,0.02,0.74,0.0,27.04201680672276,0.02
2025-04-25 04:45:00,0.08,0.73,0.0,27.58823529411772,0.08
2025-04-25 05:00:00,0.08,0.74,0.0,28.142857142857217,0.08
2025-04-25 05:15:00,0.28,0.77,0.0,28.55462184873957,0.28
2025-04-25 05:30:00,0.62,0.77,0.0,28.680672268907635,0.62
2025-04-25 05:45:00,0.46,0.75,0.0,28.92436974789923,0.46
2025-04-25 06:00:00,0.9,0.79,0.0,28.831932773109315,0.9
2025-04-25 06:15:00,0.98,0.83,0.0,28.70588235294125,0.98
2025-04-25 06:30:00,1.44,0.82,0.0,28.184873949579902,1.44
2025-04-25 06:45:00,0.02,0.81,0.0,28.84873949579839,0.02
2025-04-25 07:00:00,1.1,0.87,0.0,28.655462184874025,1.1
2025-04-25 07:15:00,0.76,0.83,0.0,28.714285714285783,0.76
2025-04-25 07:30:00,0.86,0.83,0.0,28.689075630252173,0.86
2025-04-25 07:45:00,1.5,0.82,0.0,28.1176470588236,1.5
2025-04-25 08:00:00,0.67,0.8,0.0,28.22689075630259,0.67
2025-04-25 08:15:00,0.67,0.87,0.0,28.394957983193347,0.67
2025-04-25 08:30:00,0.74,0.81,0.0,28.45378151260511,0.74
2025-04-25 08:45:00,1.07,0.85,0.0,28.26890756302528,1.07
2025-04-25 09:00:00,0.77,0.8,0.0,28.294117647058894,0.77
2025-04-25 09:15:00,0.34,0.75,0.0,28.638655462184943,0.34
2025-04-25 09:30:00,0.4,0.75,0.0,28.932773109243765,0.4
2025-04-25 09:45:00,0.59,0.76,0.0,29.075630252100908,0.59
2025-04-25 10:00:00,1.4,0.82,0.0,28.58823529411772,1.4
2025-04-25 10:15:00,2.31,0.85,0.0,27.3613445378152,2.31
2025-04-25 10:30:00,1.31,0.87,0.0,26.991596638655533,1.31
2025-04-25 10:45:00,1.55,0.85,0.0,26.403361344537885,1.55
2025-04-25 11:00:00,1.66,0.87,0.0,25.7394957983194,1.66
2025-04-25 11:15:00,1.75,0.88,0.0,25.008403361344605,1.75
2025-04-25 11:30:00,1.8,0.86,0.0,24.21848739495805,1.8
2025-04-25 11:45:00,0.8,0.89,0.0,24.29411764705889,0.8
2025-04-25 12:00:00,1.81,0.85,0.0,23.48739495798326,1.81
2025-04-25 12:15:00,1.56,0.85,0.0,22.89075630252108,1.56
2025-04-25 12:30:00,1.91,0.86,0.0,22.0084033613446,1.91
2025-04-25 12:45:00,0.85,0.87,0.0,22.02521008403368,0.85
2025-04-25 13:00:00,2.01,0.84,0.0,21.04201680672276,2.01
2025-04-25 13:15:00,1.79,0.87,0.0,20.26890756302528,1.79
2025-04-25 13:30:00,1.42,0.88,0.0,19.81512605042024,1.42
2025-04-25 13:45:00,2.24,0.83,0.0,18.6302521008404,2.24
2025-04-25 14:00:00,2.04,0.86,0.0,17.63865546218494,2.04
2025-04-25 14:15:00,2.1,0.86,0.0,16.59663865546225,2.1
2025-04-25 14:30:00,2.2,0.82,0.0,15.436974789916032,2.2
2025-04-25 14:45:00,1.55,0.82,0.0,14.823529411764772,1.55
2025-04-25 15:00:00,1.17,0.84,0.0,14.546218487395024,1.17
2025-04-25 15:15:00,1.73,0.88,0.0,13.83193277310931,1.73
2025-04-25 15:30:00,1.56,0.86,0.0,13.243697478991663,1.56
2025-04-25 15:45:00,1.64,0.88,0.0,12.60504201680679,1.64
2025-04-25 16:00:00,1.89,0.85,0.0,11.731092436974857,1.89
2025-04-25 16:15:00,0.74,0.77,0.0,11.75630252100847,0.74
2025-04-25 16:30:00,0.67,0.75,0.0,11.823529411764772,0.67
2025-04-25 16:45:00,0.55,0.76,0.0,12.000000000000066,0.55
2025-04-25 17:00:00,2.2,0.83,0.0,10.848739495798386,2.2
2025-04-25 17:15:00,2.06,0.8,0.0,9.78991596638662,2.06
2025-04-25 17:30:00,1.69,0.81,0.0,9.050420168067294,1.69
2025-04-25 17:45:00,2.2,0.82,0.0,7.890756302521075,2.2
2025-04-25 18:00:00,2.23,0.82,0.0,6.705882352941243,2.23
2025-04-25 18:15:00,1.72,0.84,0.0,5.966386554621916,1.72
2025-04-25 18:30:00,2.26,0.81,0.0,4.747899159663932,2.26
2025-04-25 18:45:00,2.64,0.81,0.0,3.210084033613512,2.64
2025-04-25 19:00:00,1.43,0.8,0.0,2.68067226890763,1.43
2025-04-25 19:15:00,1.92,0.8,0.0,1.7394957983193948,1.92
2025-04-25 19:30:00,0.84,0.82,0.0,1.7226890756303193,0.84
2025-04-25 19:45:00,1.69,0.81,0.0,0.9831932773109916,1.69
2025-04-25 20:00:00,1.89,0.83,0.0,0.0924369747899831,1.89
2025-04-25 20:15:00,0.38,0.76,0.0,0.4117647058824201,0.38
2025-04-25 20:30:00,0.7,0.76,0.0,0.462184873949647,0.7
2025-04-25 20:45:00,0.05,0.75,0.0,1.0504201680672942,0.05
2025-04-25 21:00:00,0.22,0.75,0.0,1.4957983193277984,0.22
2025-04-25 21:15:00,0.04,0.77,0.0,2.1092436974790587,0.04
2025-04-25 21:30:00,0.07,0.76,0.0,2.689075630252168,0.07
2025-04-25 21:45:00,0.0,0.75,0.0,3.319327731092504,0.0
2025-04-25 22:00:00,0.13,0.77,0.0,3.857142857142924,0.13
2025-04-25 22:15:00,0.09,0.72,0.0,4.386554621848807,0.09
2025-04-25 22:30:00,0.13,0.76,0.0,4.915966386554689,0.13
2025-04-25 22:45:00,0.01,0.71,0.0,5.504201680672336,0.01
2025-04-25 23:00:00,0.0,0.74,0.0,6.126050420168134,0.0
2025-04-25 23:15:00,0.82,0.77,0.0,6.084033613445445,0.82
2025-04-25 23:30:00,0.55,0.75,0.0,6.252100840336202,0.55
2025-04-25 23:45:00,0.4,0.77,0.0,6.563025210084101,0.4
2025-04-26 00:00:00,0.0,0.76,0.0,7.201680672268974,0.0
2025-04-26 00:15:00,0.04,0.76,0.0,7.806722689075697,0.04
2025-04-26 00:30:00,0.02,0.78,0.0,8.44537815126057,0.02
2025-04-26 00:45:00,0.1,0.77,0.0,9.008403361344604,0.1
2025-04-26 01:00:00,0.05,0.77,0.0,9.613445378151326,0.05
2025-04-26 01:15:00,0.08,0.76,0.0,10.184873949579895,0.08
2025-04-26 01:30:00,0.08,0.77,0.0,10.764705882353006,0.08
2025-04-26 01:45:00,0.06,0.76,0.0,11.352941176470653,0.06
2025-04-26 02:00:00,0.0,0.75,0.0,11.983193277310988,0.0
2025-04-26 02:15:00,0.0,0.76,0.0,12.621848739495862,0.0
2025-04-26 02:30:00,0.07,0.76,0.0,13.20168067226897,0.07
2025-04-26 02:45:00,0.04,0.76,0.0,13.806722689075691,0.04
2025-04-26 03:00:00,0.0,0.76,0.0,14.445378151260568,0.0
2025-04-26 03:15:00,0.05,0.76,0.0,15.042016806722753,0.05
2025-04-26 03:30:00,0.11,0.78,0.0,15.605042016806784,0.11
2025-04-26 03:45:00,0.04,0.76,0.0,16.21008403361351,0.04
2025-04-26 04:00:00,0.13,0.77,0.0,16.74789915966393,0.13
2025-04-26 04:15:00,0.06,0.76,0.0,17.33613445378158,0.06
2025-04-26 04:30:00,0.06,0.76,0.0,17.924369747899227,0.06
2025-04-26 04:45:00,0.04,0.77,0.0,18.53781512605049,0.04
2025-04-26 05:00:00,0.09,0.75,0.0,19.092436974789987,0.09
2025-04-26 05:15:00,0.04,0.77,0.0,19.70588235294125,0.04
2025-04-26 05:30:00,0.01,0.76,0.0,20.336134453781582,0.01
2025-04-26 05:45:00,0.01,0.78,0.0,20.983193277311,0.01
2025-04-26 06:00:00,0.05,0.77,0.0,21.588235294117723,0.05
2025-04-26 06:15:00,0.09,0.75,0.0,22.14285714285722,0.09
2025-04-26 06:30:00,0.07,0.76,0.0,22.72268907563033,0.07
2025-04-26 06:45:00,0.1,0.77,0.0,23.285714285714366,0.1
2025-04-26 07:00:00,0.05,0.76,0.0,23.88235294117656,0.05
2025-04-26 07:15:00,0.0,0.77,0.0,24.52941176470597,0.0
2025-04-26 07:30:00,0.07,0.75,0.0,25.10084033613454,0.07
2025-04-26 07:45:00,0.11,0.77,0.0,25.65546218487404,0.11
2025-04-26 08:00:00,0.55,0.81,0.0,25.87394957983202,0.55
2025-04-26 08:15:00,0.55,0.81,0.0,26.09243697479,0.55
2025-04-26 08:30:00,0.81,0.82,0.0,26.10084033613454,0.81
2025-04-26 08:45:00,0.56,0.81,0.0,26.310924369747983,0.56
2025-04-26 09:00:00,0.55,0.8,0.0,26.521008403361428,0.55
2025-04-26 09:15:00,0.27,0.79,0.0,26.9579831932774,0.27
2025-04-26 09:30:00,0.32,0.8,0.0,27.361344537815206,0.32
2025-04-26 09:45:00,0.49,0.8,0.0,27.62184873949588,0.49
2025-04-26 10:00:00,1.01,0.81,0.0,27.45378151260512,1.01
2025-04-26 10:15:00,0.01,0.78,0.0,28.10084033613453,0.01
2025-04-26 10:30:00,0.04,0.77,0.0,28.7142857142858,0.04
2025-04-26 10:45:00,0.1,0.77,0.0,29.277310924369832,0.1
2025-04-26 11:00:00,0.69,0.82,0.0,29.386554621848823,0.69
2025-04-26 11:15:00,0.95,0.83,0.0,29.28571428571437,0.95
2025-04-26 11:30:00,1.21,0.81,0.0,28.94957983193286,1.21
2025-04-26 11:45:00,0.62,0.84,0.0,29.13445378151269,0.62
2025-04-26 12:00:00,0.84,0.83,0.0,29.126050420168152,0.84
2025-04-26 12:15:00,0.78,0.83,0.0,29.16806722689084,0.78
2025-04-26 12:30:00,0.92,0.83,0.0,29.09243697479,0.92
2025-04-26 12:45:00,0.68,0.82,0.0,29.21008403361353,0.68
2025-04-26 13:00:00,0.94,0.83,0.0,29.11764705882361,0.94
2025-04-26 13:15:00,0.97,0.83,0.0,29.000000000000085,0.97
2025-04-26 13:30:00,1.28,0.81,0.0,28.60504201680681,1.28
2025-04-26 13:45:00,0.31,0.82,0.0,29.03361344537824,0.31
2025-04-26 14:00:00,0.92,0.83,0.0,28.9579831932774,0.92
2025-04-26 14:15:00,0.63,0.82,0.0,29.11764705882361,0.63
2025-04-26 14:30:00,1.05,0.85,0.0,28.94957983193286,1.05
2025-04-26 14:45:00,1.33,0.83,0.0,28.52941176470597,1.33
2025-04-26 15:00:00,0.72,0.81,0.0,28.60504201680681,0.72
2025-04-26 15:15:00,0.55,0.82,0.0,28.83193277310933,0.55
2025-04-26 15:30:00,0.75,0.81,0.0,28.88235294117656,0.75
2025-04-26 15:45:00,1.13,0.82,0.0,28.621848739495885,1.13
2025-04-26 16:00:00,0.84,0.81,0.0,28.59663865546227,0.84
2025-04-26 16:15:00,0.02,0.77,0.0,29.22689075630261,0.02
2025-04-26 16:30:00,0.07,0.77,0.0,29.815126050420258,0.07
2025-04-26 16:45:00,0.06,0.76,0.0,30.403361344537903,0.06
2025-04-26 17:00:00,0.76,0.8,0.0,30.436974789916057,0.76
2025-04-26 17:15:00,0.38,0.81,0.0,30.798319327731186,0.38
2025-04-26 17:30:00,0.5,0.79,0.0,31.042016806722778,0.5
2025-04-26 17:45:00,0.45,0.8,0.0,31.3361344537816,0.45
2025-04-26 18:00:00,0.21,0.8,0.0,31.831932773109333,0.21
2025-04-26 18:15:00,0.58,0.8,0.0,32.01680672268917,0.58
2025-04-26 18:30:00,0.52,0.8,0.0,32.252100840336226,0.52
2025-04-26 18:45:00,0.95,0.79,0.0,32.11764705882362,0.95
2025-04-26 19:00:00,0.67,0.8,0.0,32.226890756302616,0.67
2025-04-26 19:15:00,0.08,0.77,0.0,32.80672268907573,0.08
2025-04-26 19:30:00,0.1,0.75,0.0,33.35294117647069,0.1
2025-04-26 19:45:00,0.0,0.75,0.0,33.983193277311024,0.0
2025-04-26 20:00:00,0.0,0.76,0.0,34.621848739495896,0.0
2025-04-26 20:15:00,0.11,0.75,0.0,35.159663865546314,0.11
2025-04-26 20:30:00,0.05,0.78,0.0,35.773109243697576,0.05
2025-04-26 20:45:00,0.03,0.77,0.0,36.39495798319337,0.03
2025-04-26 21:00:00,0.05,0.77,0.0,37.00000000000009,0.05
2025-04-26 21:15:00,0.01,0.76,0.0,37.63025210084043,0.01
2025-04-26 21:30:00,0.09,0.76,0.0,38.19327731092447,0.09
2025-04-26 21:45:00,0.01,0.76,0.0,38.8235294117648,0.01
2025-04-26 22:00:00,0.08,0.77,0.0,39.40336134453791,0.08
2025-04-26 22:15:00,0.13,0.76,0.0,39.9327731092438,0.13
2025-04-26 22:30:00,0.04,0.76,0.0,40.53781512605052,0.04
2025-04-26 22:45:00,0.03,0.76,0.0,41.15126050420178,0.03
2025-04-26 23:00:00,0.02,0.77,0.0,41.78151260504212,0.02
2025-04-26 23:15:00,0.07,0.77,0.0,42.36974789915976,0.07
2025-04-26 23:30:00,0.01,0.76,0.0,43.0000000000001,0.01
2025-04-26 23:45:00,0.02,0.77,0.0,43.63025210084044,0.02
2025-04-27 00:00:00,0.06,0.77,0.0,44.22689075630262,0.06
2025-04-27 00:15:00,0.0,0.77,0.0,44.87394957983204,0.0
2025-04-27 00:30:00,0.03,0.77,0.0,45.49579831932783,0.03
2025-04-27 00:45:00,0.02,0.76,0.0,46.11764705882363,0.02
2025-04-27 01:00:00,0.04,0.76,0.0,46.72268907563035,0.04
2025-04-27 01:15:00,0.07,0.76,0.0,47.30252100840346,0.07
2025-04-27 01:30:00,0.06,0.77,0.0,47.899159663865646,0.06
2025-04-27 01:45:00,0.0,0.76,0.0,48.53781512605052,0.0
2025-04-27 02:00:00,0.0,0.77,0.0,49.18487394957993,0.0
2025-04-27 02:15:00,0.12,0.78,0.0,49.73949579831943,0.12
2025-04-27 02:30:00,0.0,0.77,0.0,50.38655462184884,0.0
2025-04-27 02:45:00,0.07,0.76,0.0,50.96638655462195,0.07
2025-04-27 03:00:00,0.08,0.76,0.0,51.53781512605052,0.08
2025-04-27 03:15:00,0.04,0.77,0.0,52.15126050420178,0.04
2025-04-27 03:30:00,0.08,0.76,0.0,52.72268907563035,0.08
2025-04-27 03:45:00,0.07,0.77,0.0,53.310924369748,0.07
2025-04-27 04:00:00,0.03,0.78,0.0,53.94117647058833,0.03
2025-04-27 04:15:00,0.06,0.77,0.0,54.53781512605052,0.06
2025-04-27 04:30:00,0.0,0.76,0.0,55.17647058823539,0.0
2025-04-27 04:45:00,0.1,0.76,0.0,55.73109243697488,0.1
2025-04-27 05:00:00,0.04,0.77,0.0,56.34453781512615,0.04
2025-04-27 05:15:00,0.11,0.76,0.0,56.89075630252111,0.11
2025-04-27 05:30:00,0.09,0.76,0.0,57.45378151260514,0.09
2025-04-27 05:45:00,0.08,0.77,0.0,58.03361344537825,0.08
2025-04-27 06:00:00,0.0,0.76,0.0,58.67226890756312,0.0
2025-04-27 06:15:00,0.07,0.76,0.0,59.25210084033623,0.07
2025-04-27 06:30:00,0.11,0.77,0.0,59.80672268907573,0.11
2025-04-27 06:45:00,0.0,0.76,0.0,60.4453781512606,0.0
2025-04-27 07:00:00,0.02,0.77,0.0,61.075630252100936,0.02
2025-04-27 07:15:00,0.07,0.76,0.0,61.65546218487405,0.07
2025-04-27 07:30:00,0.0,0.77,0.0,62.30252100840346,0.0
2025-04-27 07:45:00,0.02,0.76,0.0,62.924369747899256,0.02
2025-04-27 08:00:00,0.54,0.8,0.0,63.14285714285724,0.54
2025-04-27 08:15:00,0.6,0.81,0.0,63.319327731092535,0.6
2025-04-27 08:30:00,0.42,0.8,0.0,63.63865546218497,0.42
2025-04-27 08:45:00,0.53,0.81,0.0,63.87394957983203,0.53
2025-04-27 09:00:00,0.89,0.79,0.0,63.78991596638665,0.89
2025-04-27 09:15:00,0.41,0.79,0.0,64.10924369747909,0.41
2025-04-27 09:30:00,0.6,0.8,0.0,64.27731092436984,0.6
2025-04-27 09:45:00,0.65,0.8,0.0,64.40336134453791,0.65
2025-04-27 10:00:00,0.92,0.81,0.0,64.310924369748,0.92
2025-04-27 10:15:00,0.03,0.76,0.0,64.92436974789925,0.03
2025-04-27 10:30:00,0.0,0.77,0.0,65.57142857142865,0.0
2025-04-27 10:45:00,0.04,0.77,0.0,66.18487394957991,0.04
2025-04-27 11:00:00,1.09,0.86,0.0,65.99159663865554,1.09
2025-04-27 11:15:00,0.92,0.82,0.0,65.90756302521015,0.92
2025-04-27 11:30:00,0.6,0.83,0.0,66.10084033613452,0.6
2025-04-27 11:45:00,0.99,0.83,0.0,65.96638655462192,0.99
2025-04-27 12:00:00,1.01,0.82,0.0,65.8067226890757,1.01
2025-04-27 12:15:00,0.45,0.82,0.0,66.1176470588236,0.45
2025-04-27 12:30:00,0.58,0.81,0.0,66.31092436974797,0.58
2025-04-27 12:45:00,0.76,0.83,0.0,66.36974789915973,0.76
2025-04-27 13:00:00,0.47,0.84,0.0,66.68067226890763,0.47
2025-04-27 13:15:00,0.58,0.82,0.0,66.88235294117653,0.58
2025-04-27 13:30:00,0.55,0.84,0.0,67.12605042016813,0.55
2025-04-27 13:45:00,0.85,0.82,0.0,67.10084033613451,0.85
2025-04-27 14:00:00,0.82,0.81,0.0,67.09243697478998,0.82
2025-04-27 14:15:00,0.48,0.83,0.0,67.3865546218488,0.48
2025-04-27 14:30:00,1.32,0.84,0.0,66.98319327731099,1.32
2025-04-27 14:45:00,1.39,0.83,0.0,66.51260504201687,1.39
2025-04-27 15:00:00,0.72,0.83,0.0,66.60504201680679,0.72
2025-04-27 15:15:00,0.74,0.82,0.0,66.6722689075631,0.74
2025-04-27 15:30:00,1.0,0.83,0.0,66.52941176470596,1.0
2025-04-27 15:45:00,0.87,0.8,0.0,66.47058823529419,0.87
2025-04-27 16:00:00,0.36,0.84,0.0,66.873949579832,0.36
2025-04-27 16:15:00,0.07,0.76,0.0,67.4537815126051,0.07
2025-04-27 16:30:00,0.12,0.77,0.0,68.00000000000006,0.12
2025-04-27 16:45:00,0.0,0.77,0.0,68.64705882352946,0.0
2025-04-27 17:00:00,0.39,0.81,0.0,69.00000000000006,0.39
2025-04-27 17:15:00,0.04,0.8,0.0,69.63865546218493,0.04
2025-04-27 17:30:00,0.67,0.81,0.0,69.75630252100846,0.67
2025-04-27 17:45:00,0.31,0.8,0.0,70.16806722689081,0.31
2025-04-27 18:00:00,0.39,0.79,0.0,70.50420168067232,0.39
2025-04-27 18:15:00,0.58,0.8,0.0,70.68907563025216,0.58
2025-04-27 18:30:00,0.75,0.8,0.0,70.73109243697485,0.75
2025-04-27 18:45:00,0.46,0.8,0.0,71.01680672268914,0.46
2025-04-27 19:00:00,0.48,0.8,0.0,71.28571428571435,0.48
2025-04-27 19:15:00,0.09,0.76,0.0,71.84873949579838,0.09
2025-04-27 19:30:00,0.05,0.77,0.0,72.4537815126051,0.05
2025-04-27 19:45:00,0.11,0.75,0.0,72.99159663865552,0.11
2025-04-27 20:00:00,0.06,0.76,0.0,73.57983193277317,0.06
2025-04-27 20:15:00,0.0,0.78,0.0,74.23529411764713,0.0
2025-04-27 20:30:00,0.02,0.76,0.0,74.85714285714293,0.02
2025-04-27 20:45:00,0.01,0.77,0.0,75.4957983193278,0.01
2025-04-27 21:00:00,0.0,0.75,0.0,76.12605042016814,0.0
2025-04-27 21:15:00,0.08,0.77,0.0,76.70588235294125,0.08
2025-04-27 21:30:00,0.0,0.76,0.0,77.34453781512612,0.0
2025-04-27 21:45:00,0.14,0.76,0.0,77.86554621848747,0.14
2025-04-27 22:00:00,0.11,0.76,0.0,78.41176470588242,0.11
2025-04-27 22:15:00,0.07,0.77,0.0,79.00000000000007,0.07
2025-04-27 22:30:00,0.07,0.76,0.0,79.57983193277317,0.07
2025-04-27 22:45:00,0.0,0.77,0.0,80.22689075630258,0.0
2025-04-27 23:00:00,0.11,0.76,0.0,80.77310924369753,0.11
2025-04-27 23:15:00,0.0,0.75,0.0,81.40336134453787,0.0
2025-04-27 23:30:00,0.01,0.76,0.0,82.03361344537821,0.01
