Column1;Column2;Column3;Column4;Column5;Column6
Time;Player;Sell;Buy;Total Costs;Total Revenue
2012-04-15 00:00:00;prosumer_s1_0;0.0;0.0;0.0;0.0
2012-04-15 00:00:00;prosumer_s1_1;0.0;0.0;0.0;0.0
2012-04-15 00:00:00;prosumer_s1_2;0;0.0;0.0;0.0
2012-04-15 00:00:00;prosumer_s1_3;0.0;0.0;0.0;0.0
2012-04-15 00:00:00;prosumer_s1_4;0.0;0.0;0.0;0.0
2012-04-15 00:00:00;prosumer_s1_5;0.0;0.0;0.0;0.0
2012-04-15 00:15:00;prosumer_s1_0;0.0;0.0;0.0;0.0
2012-04-15 00:15:00;prosumer_s1_1;0.0;0.0;0.0;0.0
2012-04-15 00:15:00;prosumer_s1_2;0;-2.0;-0.19754918085878426;0.0
2012-04-15 00:15:00;prosumer_s1_3;0.0;0.0;0.0;0.0
2012-04-15 00:15:00;prosumer_s1_4;0.0;0.0;0.0;0.0
2012-04-15 00:15:00;prosumer_s1_5;0.0;0.0;0.0;0.0
2012-04-15 00:30:00;prosumer_s1_0;0.0;-1.9098799716644932;-0.24862573789048614;0.0
2012-04-15 00:30:00;prosumer_s1_1;0.0;-1.387059461578826;-0.1805656309555756;0.0
2012-04-15 00:30:00;prosumer_s1_2;0;-3.4642936487789813;-0.6485265079556018;0.0
2012-04-15 00:30:00;prosumer_s1_3;0.0;-0.5868934541076727;-0.07640104103686017;0.0
2012-04-15 00:30:00;prosumer_s1_4;0.0;-0.5;-0.06508936204870627;0.0
2012-04-15 00:30:00;prosumer_s1_5;0.0;-3.29323344300246;-0.4287089277649892;0.0
2012-04-15 00:45:00;prosumer_s1_0;0.968177661693121;0.0;-0.24862573789048614;0.09953870063356975
2012-04-15 00:45:00;prosumer_s1_1;0.0;-1.3439770148993784;-0.04239086093400607;0.0
2012-04-15 00:45:00;prosumer_s1_2;0;0.0;-0.6485265079556018;0.0
2012-04-15 00:45:00;prosumer_s1_3;0.0;-0.8902508282871309;0.015125973262038142;0.0
2012-04-15 00:45:00;prosumer_s1_4;2.2872973633987788;0.0;-0.06508936204870627;0.23515788116527464
2012-04-15 00:45:00;prosumer_s1_5;0.0;-3.864686893581294;-0.031379050240298634;0.0
2012-04-15 01:00:00;prosumer_s1_0;1.046631286413966;0.0;-0.24862573789048614;0.2932336889208036
2012-04-15 01:00:00;prosumer_s1_1;0.0;-1.2022079233802296;0.18009594283410843;0.0
2012-04-15 01:00:00;prosumer_s1_2;0;0.0;-0.6485265079556018;0.0
2012-04-15 01:00:00;prosumer_s1_3;0.0;-1.2368363705215504;0.24402129620066626;0.0
2012-04-15 01:00:00;prosumer_s1_4;2.466427639130343;0.0;-0.06508936204870627;0.691607711085328
2012-04-15 01:00:00;prosumer_s1_5;0.0;-3.5878165824599;0.6326008058342967;0.0
2012-04-15 01:15:00;prosumer_s1_0;1.344169125639589;0.0;-0.24862573789048614;0.3338864109975913
2012-04-15 01:15:00;prosumer_s1_1;0.0;-1.298902795708699;0.21937964110651362;0.0
2012-04-15 01:15:00;prosumer_s1_2;0;0.0;-0.6485265079556018;0.0
2012-04-15 01:15:00;prosumer_s1_3;0.0;-0.7591156561057744;0.2669798043252465;0.0
2012-04-15 01:15:00;prosumer_s1_4;2.3792511764078617;0.0;-0.06508936204870627;0.7635652013895008
2012-04-15 01:15:00;prosumer_s1_5;0.0;-3.1590958249719225;0.7281437268379433;0.0
2012-04-15 01:30:00;prosumer_s1_0;0.0;-1.9741397021206133;-0.26573441338270154;0.3338864109975913
2012-04-15 01:30:00;prosumer_s1_1;0.0;-1.1912618157114676;0.2090556950304676;0.0
2012-04-15 01:30:00;prosumer_s1_2;0;-4.71856394406065;-0.6894194494335953;0.0
2012-04-15 01:30:00;prosumer_s1_3;0.0;-0.559667956281553;0.2621295004500309;0.0
2012-04-15 01:30:00;prosumer_s1_4;0.0;-0.5;-0.0694225598142538;0.7635652013895008
2012-04-15 01:30:00;prosumer_s1_5;0.0;-3.681293229795285;0.696240183642595;0.0
2012-04-15 01:45:00;prosumer_s1_0;0.0;-2.219724839237005;-0.6814333724631051;0.3338864109975913
2012-04-15 01:45:00;prosumer_s1_1;0.0;-0.5478387503088712;0.10645919558074864;0.0
2012-04-15 01:45:00;prosumer_s1_2;0;-4.563367231046871;-1.5440240266837497;0.0
2012-04-15 01:45:00;prosumer_s1_3;0.0;-0.5;0.16849200274484386;0.0
2012-04-15 01:45:00;prosumer_s1_4;0.0;-0.5;-0.16306005751944086;0.7635652013895008
2012-04-15 01:45:00;prosumer_s1_5;0.0;-4.0;-0.0528597979989015;0.0
2012-04-15 02:00:00;prosumer_s1_0;0.0;-1.9395039061717037;-1.2632845443146161;0.3338864109975913
2012-04-15 02:00:00;prosumer_s1_1;0.0;-0.9464524535237988;-0.177476540476391;0.0
2012-04-15 02:00:00;prosumer_s1_2;0;-4.9574165159354;-3.0312489814643695;0.0
2012-04-15 02:00:00;prosumer_s1_3;0.0;-0.6503982468692975;-0.026627471315945395;0.0
2012-04-15 02:00:00;prosumer_s1_4;0.0;-0.5;-0.3130600575194409;0.7635652013895008
2012-04-15 02:00:00;prosumer_s1_5;0.0;-4.0;-1.2528597979989016;0.0
2012-04-15 02:15:00;prosumer_s1_0;0.0;-2.2633471202518445;-1.9422886803901696;0.3338864109975913
2012-04-15 02:15:00;prosumer_s1_1;0.0;-1.4217528853706152;-0.6040024060875755;0.0
2012-04-15 02:15:00;prosumer_s1_2;0;-4.667945700148849;-4.431632691509024;0.0
2012-04-15 02:15:00;prosumer_s1_3;0.0;-0.5;-0.1766274713159454;0.0
2012-04-15 02:15:00;prosumer_s1_4;0.0;-0.6637215286837389;-0.5121765161245626;0.7635652013895008
2012-04-15 02:15:00;prosumer_s1_5;0.0;-4.0;-2.4528597979989017;0.0
2012-04-15 02:30:00;prosumer_s1_0;0.0;-2.3825926350244555;-2.4751898384791566;0.3338864109975913
2012-04-15 02:30:00;prosumer_s1_1;0.0;-1.3517531798115066;-0.9063414733636013;0.0
2012-04-15 02:30:00;prosumer_s1_2;0;-5.083977767009211;-5.568737541037807;0.0
2012-04-15 02:30:00;prosumer_s1_3;0.0;-0.5;-0.28845967256077065;0.0
2012-04-15 02:30:00;prosumer_s1_4;0.0;-0.9380476074381744;-0.7219843737490681;0.7635652013895008
2012-04-15 02:30:00;prosumer_s1_5;0.0;-3.645178398712861;-3.268156446515195;0.0
2012-04-15 02:45:00;prosumer_s1_0;0.0;-3.060863381859562;-3.0136395059554593;0.3338864109975913
2012-04-15 02:45:00;prosumer_s1_1;0.0;-1.9945192296575536;-1.257205945900676;0.0
2012-04-15 02:45:00;prosumer_s1_2;0;-5.731529652198047;-6.576995620652484;0.0
2012-04-15 02:45:00;prosumer_s1_3;0.0;-0.5;-0.3764168271772533;0.0
2012-04-15 02:45:00;prosumer_s1_4;0.0;-0.9781082141859332;-0.8940476046026757;0.7635652013895008
2012-04-15 02:45:00;prosumer_s1_5;0.0;-3.852978554541332;-3.9459505074267622;0.0
2012-04-15 03:00:00;prosumer_s1_0;0.0;-3.0688424158393217;-3.9342922307072556;0.3338864109975913
2012-04-15 03:00:00;prosumer_s1_1;0.0;-1.8457075276073265;-1.8109182041828737;0.0
2012-04-15 03:00:00;prosumer_s1_2;0;-5.950809747581984;-8.362238544927079;0.0
2012-04-15 03:00:00;prosumer_s1_3;0.0;-0.5;-0.5264168271772532;0.0
2012-04-15 03:00:00;prosumer_s1_4;0.0;-0.9872864526154482;-1.19023354038731;0.7635652013895008
2012-04-15 03:00:00;prosumer_s1_5;0.0;-4.0;-5.145950507426762;0.0
2012-04-15 03:15:00;prosumer_s1_0;0.0;-2.647748057628424;-4.728616647995783;0.3338864109975913
2012-04-15 03:15:00;prosumer_s1_1;0.0;-1.165404898644914;-2.160539673776348;0.0
2012-04-15 03:15:00;prosumer_s1_2;0;-5.51272811475426;-10.016056979353356;0.0
2012-04-15 03:15:00;prosumer_s1_3;0.0;-0.5656960566441644;-0.6961256441705026;0.0
2012-04-15 03:15:00;prosumer_s1_4;0.0;-1.328926314163212;-1.5889114346362736;0.7635652013895008
2012-04-15 03:15:00;prosumer_s1_5;0.0;-4.0;-6.345950507426762;0.0
2012-04-15 03:30:00;prosumer_s1_0;0.0;-2.1070898496912447;-5.117184801603947;0.3338864109975913
2012-04-15 03:30:00;prosumer_s1_1;0.0;-1.249629195582107;-2.3909836243716893;0.0
2012-04-15 03:30:00;prosumer_s1_2;0;-5.82627047671529;-11.090478728331338;0.0
2012-04-15 03:30:00;prosumer_s1_3;0.0;-0.864658649158831;-0.8555772284748965;0.0
2012-04-15 03:30:00;prosumer_s1_4;0.0;-1.3546777623227777;-1.8387273771870543;0.7635652013895008
2012-04-15 03:30:00;prosumer_s1_5;0.0;-4.0;-7.08358996530769;0.0
2012-04-15 03:45:00;prosumer_s1_0;0.0;-2.6205894102069154;-5.476357516580573;0.3338864109975913
2012-04-15 03:45:00;prosumer_s1_1;0.0;-0.981753535133859;-2.525540789747736;0.0
2012-04-15 03:45:00;prosumer_s1_2;0;-5.527408547311384;-11.84805422909095;0.0
2012-04-15 03:45:00;prosumer_s1_3;0.0;-0.8509021501875584;-0.9722001661514184;0.0
2012-04-15 03:45:00;prosumer_s1_4;0.0;-1.030565183699676;-1.9799745689631105;0.7635652013895008
2012-04-15 03:45:00;prosumer_s1_5;0.0;-4.0;-7.631821921947195;0.0
2012-04-15 04:00:00;prosumer_s1_0;0.4090872288400979;0.0;-5.476357516580573;0.37977993484436134
2012-04-15 04:00:00;prosumer_s1_1;0.0;-0.8315252904720342;-2.432255976492451;0.0
2012-04-15 04:00:00;prosumer_s1_2;0;0.0;-11.84805422909095;0.0
2012-04-15 04:00:00;prosumer_s1_3;0.0;-0.5;-0.9161075768314171;0.0
2012-04-15 04:00:00;prosumer_s1_4;1.890054320143008;0.0;-1.9799745689631105;0.9756012829340528
2012-04-15 04:00:00;prosumer_s1_5;0.0;-4.0;-7.183081207387185;0.0
2012-04-15 04:15:00;prosumer_s1_0;0.0;-0.1405989304797232;-5.426614520705353;0.37977993484436134
2012-04-15 04:15:00;prosumer_s1_1;0.0;-0.5680162543047735;-2.2312954848405244;0.0
2012-04-15 04:15:00;prosumer_s1_2;0;0.0;-11.84805422909095;0.0
2012-04-15 04:15:00;prosumer_s1_3;0.0;-0.5;-0.7392107977965521;0.0
2012-04-15 04:15:00;prosumer_s1_4;1.7106654803211143;0.0;-1.9799745689631105;1.5808237098839233
2012-04-15 04:15:00;prosumer_s1_5;0.0;-4.0;-5.767906975108265;0.0
2012-04-15 04:30:00;prosumer_s1_0;0.4552963150023026;0.0;-5.426614520705353;0.5908626707783283
2012-04-15 04:30:00;prosumer_s1_1;0.0;-0.9789489255319632;-1.7774389287208927;0.0
2012-04-15 04:30:00;prosumer_s1_2;0;0.0;-11.84805422909095;0.0
2012-04-15 04:30:00;prosumer_s1_3;0.0;-1.1571096858798164;-0.2027560314759208;0.0
2012-04-15 04:30:00;prosumer_s1_4;1.4915343248875474;0.0;-1.9799745689631105;2.27232314807967
2012-04-15 04:30:00;prosumer_s1_5;0.0;-4.0;-3.9134422761537;0.0
2012-04-15 04:45:00;prosumer_s1_0;0.0857649314533515;0.0;-5.426614520705353;0.6264945236812142
2012-04-15 04:45:00;prosumer_s1_1;0.0;-1.395606463557547;-1.197621008072907;0.0
2012-04-15 04:45:00;prosumer_s1_2;0;0.0;-11.84805422909095;0.0
2012-04-15 04:45:00;prosumer_s1_3;0.0;-1.56694245901994;0.44824505091231637;0.0
2012-04-15 04:45:00;prosumer_s1_4;1.950963778305553;0.0;-1.9799745689631105;3.082869523963532
2012-04-15 04:45:00;prosumer_s1_5;0.0;-3.368707845108438;-2.5138807027268153;0.0
2012-04-15 05:00:00;prosumer_s1_0;0.2643298367686024;0.0;-5.426614520705353;0.7941340176086991
2012-04-15 05:00:00;prosumer_s1_1;0.0;-1.5886973637060722;-0.19006005577389518;0.0
2012-04-15 05:00:00;prosumer_s1_2;0;0.0;-11.84805422909095;0.0
2012-04-15 05:00:00;prosumer_s1_3;0.0;-1.689763194860711;1.519902531228164;0.0
2012-04-15 05:00:00;prosumer_s1_4;1.492956753354648;0.0;-1.9799745689631105;4.029711233728938
2012-04-15 05:00:00;prosumer_s1_5;0.0;-3.939485790007312;-0.015436288563014156;0.0
2012-04-15 05:15:00;prosumer_s1_0;0.3317443508207445;0.0;-5.426614520705353;1.025452103594025
2012-04-15 05:15:00;prosumer_s1_1;0.0;-1.641143942784606;0.9542737504601537;0.0
2012-04-15 05:15:00;prosumer_s1_2;0;0.0;-11.84805422909095;0.0
2012-04-15 05:15:00;prosumer_s1_3;0.0;-2.086639208524109;2.974870450541862;0.0
2012-04-15 05:15:00;prosumer_s1_4;0.8104992804869935;0.0;-1.9799745689631105;4.5948546696032695
2012-04-15 05:15:00;prosumer_s1_5;0.0;-3.306225957780544;2.2899228185225637;0.0
2012-04-15 05:30:00;prosumer_s1_0;0.0;-0.4156786942345154;-5.221792632240489;1.025452103594025
2012-04-15 05:30:00;prosumer_s1_1;0.0;-1.939845991946344;1.9101151849920082;0.0
2012-04-15 05:30:00;prosumer_s1_2;0;0.0;-11.84805422909095;0.0
2012-04-15 05:30:00;prosumer_s1_3;0.0;-2.1404289423405465;4.029547305949092;0.0
2012-04-15 05:30:00;prosumer_s1_4;0.2228831015873504;0.0;-1.9799745689631105;4.7046782867556844
2012-04-15 05:30:00;prosumer_s1_5;0.0;-3.325693528105274;3.9286279971372666;0.0
2012-04-15 05:45:00;prosumer_s1_0;0.0;-0.3060525119164827;-5.109392233734418;1.025452103594025
2012-04-15 05:45:00;prosumer_s1_1;0.0;-1.28510265104569;2.382080107593791;0.0
2012-04-15 05:45:00;prosumer_s1_2;0;-0.9264583374937287;-11.507804493248285;0.0
2012-04-15 05:45:00;prosumer_s1_3;0.0;-2.305546244521425;4.876278852230603;0.0
2012-04-15 05:45:00;prosumer_s1_4;0.6707193459558949;0.0;-1.9799745689631105;4.9510056940986
2012-04-15 05:45:00;prosumer_s1_5;0.0;-3.525618715048224;5.22344157690629;0.0
2012-04-15 06:00:00;prosumer_s1_0;0.0;-0.4281750595159797;-4.96991413401569;1.025452103594025
2012-04-15 06:00:00;prosumer_s1_1;0.0;-1.917516048879304;3.006711292278351;0.0
2012-04-15 06:00:00;prosumer_s1_2;0;-0.3750481845602795;-11.385632482238208;0.0
2012-04-15 06:00:00;prosumer_s1_3;0.0;-1.6913872670500982;5.427248547110263;0.0
2012-04-15 06:00:00;prosumer_s1_4;1.1241942763203854;0.0;-1.9799745689631105;5.317212174114249
2012-04-15 06:00:00;prosumer_s1_5;0.0;-3.4050914761998623;6.332650714415779;0.0
2012-04-15 06:15:00;prosumer_s1_0;0.0;-1.0036219471450227;-4.84898683474666;1.025452103594025
2012-04-15 06:15:00;prosumer_s1_1;0.0;-1.9243740586675573;3.2385808307634667;0.0
2012-04-15 06:15:00;prosumer_s1_2;0;-0.4933380326254797;-11.326189744779343;0.0
2012-04-15 06:15:00;prosumer_s1_3;0.0;-2.292341478941106;5.703454806687671;0.0
2012-04-15 06:15:00;prosumer_s1_4;0.9821528792996724;0.0;-1.9799745689631105;5.435552646341735
2012-04-15 06:15:00;prosumer_s1_5;0.0;-2.8876724219760006;6.680588927760527;0.0
2012-04-15 06:30:00;prosumer_s1_0;0.0;-3.3193289155164027;-5.203835459589653;1.025452103594025
2012-04-15 06:30:00;prosumer_s1_1;0.0;-2.194203004688454;3.00401235663594;0.0
2012-04-15 06:30:00;prosumer_s1_2;0;-5.234226794316751;-11.885748085441913;0.0
2012-04-15 06:30:00;prosumer_s1_3;0.0;-2.340628734202782;5.453232876671243;0.0
2012-04-15 06:30:00;prosumer_s1_4;0.0;-1.7373836467193498;-2.1657073521715358;5.435552646341735
2012-04-15 06:30:00;prosumer_s1_5;0.0;-3.553761130834586;6.300678625891288;0.0
2012-04-15 06:45:00;prosumer_s1_0;0.0;-1.076360392282083;-5.053471516296026;1.025452103594025
2012-04-15 06:45:00;prosumer_s1_1;0.0;-1.77002547929623;3.2512789902890886;0.0
2012-04-15 06:45:00;prosumer_s1_2;0;0.0;-11.885748085441913;0.0
2012-04-15 06:45:00;prosumer_s1_3;0.0;-2.4096309718296856;5.78985025631913;0.0
2012-04-15 06:45:00;prosumer_s1_4;0.0;-0.1850644186000942;-2.1398544724636026;5.435552646341735
2012-04-15 06:45:00;prosumer_s1_5;0.0;-3.838622953524346;6.836921401311145;0.0
2012-04-15 07:00:00;prosumer_s1_0;0.0;-1.7373620710641875;-4.96046662853049;1.025452103594025
2012-04-15 07:00:00;prosumer_s1_1;0.0;-1.666040658190678;3.340465882882486;0.0
2012-04-15 07:00:00;prosumer_s1_2;0;0.0;-11.885748085441913;0.0
2012-04-15 07:00:00;prosumer_s1_3;0.0;-2.149915752093736;5.904940067797723;0.0
2012-04-15 07:00:00;prosumer_s1_4;0.0;-0.0327223815635484;-2.1381027699973028;5.435552646341735
2012-04-15 07:00:00;prosumer_s1_5;0.0;-3.898874127197688;7.045636876715681;0.0
2012-04-15 07:15:00;prosumer_s1_0;0.0;-2.570296614666388;-4.243852101553292;1.025452103594025
2012-04-15 07:15:00;prosumer_s1_1;0.0;-0.9767458365574728;3.6127886380258376;0.0
2012-04-15 07:15:00;prosumer_s1_2;0;-2.10534830327955;-11.298764011359573;0.0
2012-04-15 07:15:00;prosumer_s1_3;0.0;-2.5420678799143563;6.613684249661418;0.0
2012-04-15 07:15:00;prosumer_s1_4;0.1824450171613321;0.0;-2.1381027699973028;5.486419440830115
2012-04-15 07:15:00;prosumer_s1_5;0.0;-3.800980012346901;8.105373514913486;0.0
2012-04-15 07:30:00;prosumer_s1_0;0.0;-2.830797314885054;-3.5377136398112903;1.025452103594025
2012-04-15 07:30:00;prosumer_s1_1;0.0;-0.9107453794622312;3.839972809040289;0.0
2012-04-15 07:30:00;prosumer_s1_2;0;-1.8078342593339465;-10.847802264201635;0.0
2012-04-15 07:30:00;prosumer_s1_3;0.0;-2.5123822379763734;7.2403945123509965;0.0
2012-04-15 07:30:00;prosumer_s1_4;0.0;-0.4449822578679105;-2.027102563298969;5.486419440830115
2012-04-15 07:30:00;prosumer_s1_5;0.0;-3.8511546905854246;9.066038708016833;0.0
2012-04-15 07:45:00;prosumer_s1_0;0.0;-2.9975123064689337;-2.882611560644458;1.025452103594025
2012-04-15 07:45:00;prosumer_s1_1;0.0;-0.9405383142281832;4.045526128657106;0.0
2012-04-15 07:45:00;prosumer_s1_2;0;-2.1937998273818087;-10.368350411713116;0.0
2012-04-15 07:45:00;prosumer_s1_3;0.0;-2.297899228975559;7.742597141967908;0.0
2012-04-15 07:45:00;prosumer_s1_4;0.0;-0.0188764808027255;-2.0229771350915415;5.486419440830115
2012-04-15 07:45:00;prosumer_s1_5;0.0;-3.745134078679712;9.884532469128958;0.0
2012-04-15 08:00:00;prosumer_s1_0;0.0;-2.973874165210709;-1.7317647411177097;1.025452103594025
2012-04-15 08:00:00;prosumer_s1_1;0.0;-0.202933945817484;4.124058666734929;0.0
2012-04-15 08:00:00;prosumer_s1_2;0;-1.8580930540216447;-9.649294943051737;0.0
2012-04-15 08:00:00;prosumer_s1_3;0.0;-2.7449414159497327;8.804850257882505;0.0
2012-04-15 08:00:00;prosumer_s1_4;0.0;-0.1123507210789642;-1.9794990109873558;5.486419440830115
2012-04-15 08:00:00;prosumer_s1_5;0.0;-3.19627759388036;11.121446238471714;0.0
2012-04-15 08:15:00;prosumer_s1_0;0.0;-2.822354236921018;-1.137503621454526;1.025452103594025
2012-04-15 08:15:00;prosumer_s1_1;0.0;-0.4257679424960766;4.213706284640055;0.0
2012-04-15 08:15:00;prosumer_s1_2;0;-1.7061880358448698;-9.290048325715986;0.0
2012-04-15 08:15:00;prosumer_s1_3;0.0;-2.1094951235209063;9.249015245263797;0.0
2012-04-15 08:15:00;prosumer_s1_4;0.0;-0.4674056275320775;-1.8810843655397658;5.486419440830115
2012-04-15 08:15:00;prosumer_s1_5;0.0;-2.751916465235926;11.700876325048906;0.0
2012-04-15 08:30:00;prosumer_s1_0;0.0;-2.5376304423008085;-0.15376664306886534;1.025452103594025
2012-04-15 08:30:00;prosumer_s1_1;0.0;-0.511450943682432;4.411975188395194;0.0
2012-04-15 08:30:00;prosumer_s1_2;0;-1.548317587051231;-8.68982804175448;0.0
2012-04-15 08:30:00;prosumer_s1_3;0.0;-1.540992980039595;9.846396074492503;0.0
2012-04-15 08:30:00;prosumer_s1_4;0.0;-0.0974428339561979;-1.8433097087404513;5.486419440830115
2012-04-15 08:30:00;prosumer_s1_5;0.0;-2.9655489748639834;12.850500060308924;0.0
2012-04-15 08:45:00;prosumer_s1_0;0.0;-2.596973270824603;0.8498521216420096;1.025452103594025
2012-04-15 08:45:00;prosumer_s1_1;0.0;-0.2441926290629311;4.506345164199304;0.0
2012-04-15 08:45:00;prosumer_s1_2;0;-1.2121249202210151;-8.221393757592129;0.0
2012-04-15 08:45:00;prosumer_s1_3;0.0;-1.3803702297171196;10.379849953419981;0.0
2012-04-15 08:45:00;prosumer_s1_4;0.0;-0.4125384642006799;-1.683881289323049;5.486419440830115
2012-04-15 08:45:00;prosumer_s1_5;0.0;-2.2911825413177365;13.735943825817643;0.0
2012-04-15 09:00:00;prosumer_s1_0;0.0;-2.6018621427716986;1.5888291781164003;1.025452103594025
2012-04-15 09:00:00;prosumer_s1_1;0.0;-0.1547363797335633;4.550293163036477;0.0
2012-04-15 09:00:00;prosumer_s1_2;0;-1.3684625024287862;-7.832725051700152;0.0
2012-04-15 09:00:00;prosumer_s1_3;0.0;-0.9245115765417876;10.642428370730578;0.0
2012-04-15 09:00:00;prosumer_s1_4;0.0;-0.4909852532300629;-1.544432380312914;5.486419440830115
2012-04-15 09:00:00;prosumer_s1_5;0.0;-2.362761074262516;14.407011748713352;0.0
2012-04-15 09:15:00;prosumer_s1_0;0.0;-2.380802138609323;2.227540553559857;1.025452103594025
2012-04-15 09:15:00;prosumer_s1_1;0.0;-0.3361956769834929;4.640486295755057;0.0
2012-04-15 09:15:00;prosumer_s1_2;0;-1.573024292628765;-7.410720848470664;0.0
2012-04-15 09:15:00;prosumer_s1_3;0.0;-0.8630705709708558;10.873969237797995;0.0
2012-04-15 09:15:00;prosumer_s1_4;0.0;-0.1340500990793218;-1.5084699952945197;5.486419440830115
2012-04-15 09:15:00;prosumer_s1_5;0.0;-2.8933586727723197;15.18322959040982;0.0
2012-04-15 09:30:00;prosumer_s1_0;0.0;-2.636637201213204;2.299535998679633;1.025452103594025
2012-04-15 09:30:00;prosumer_s1_1;0.0;-0.4100843738002047;4.651683970966051;0.0
2012-04-15 09:30:00;prosumer_s1_2;0;-1.7927943226387144;-7.361767194472613;0.0
2012-04-15 09:30:00;prosumer_s1_3;0.0;-0.5593045446030291;10.889241486717065;0.0
2012-04-15 09:30:00;prosumer_s1_4;0.0;-0.479325888701301;-1.4953816262543638;5.486419440830115
2012-04-15 09:30:00;prosumer_s1_5;0.0;-3.156605483139365;15.269423176968324;0.0
2012-04-15 09:45:00;prosumer_s1_0;0.0;-2.570078753507111;2.4369779214665144;1.025452103594025
2012-04-15 09:45:00;prosumer_s1_1;0.0;-0.2644690333354964;4.665827168877639;0.0
2012-04-15 09:45:00;prosumer_s1_2;0;-1.1438930786728556;-7.300594413684918;0.0
2012-04-15 09:45:00;prosumer_s1_3;0.0;-0.3979113203521776;10.910520872375283;0.0
2012-04-15 09:45:00;prosumer_s1_4;0.0;-0.973737428202011;-1.4433083797676516;5.486419440830115
2012-04-15 09:45:00;prosumer_s1_5;0.0;-3.2989438759195613;15.445843136416519;0.0
2012-04-15 10:00:00;prosumer_s1_0;0.0;-2.346996602453941;2.4974425212527143;1.025452103594025
2012-04-15 10:00:00;prosumer_s1_1;0.0347516370783067;0.0;4.665827168877639;0.0008952905281831606
2012-04-15 10:00:00;prosumer_s1_2;0;-0.7556554263865063;-7.281126808625346;0.0
2012-04-15 10:00:00;prosumer_s1_3;0.0;-0.3833741200446523;10.92039756444746;0.0
2012-04-15 10:00:00;prosumer_s1_4;0.0;-0.8384555658115775;-1.421707632594732;5.486419440830115
2012-04-15 10:00:00;prosumer_s1_5;0.0;-2.906057546611745;15.520710567552902;0.0
2012-04-15 10:15:00;prosumer_s1_0;0.0;-1.9844767953864948;2.9394819577840394;1.025452103594025
2012-04-15 10:15:00;prosumer_s1_1;0.4845736739305387;0.0;4.665827168877639;0.10883340009950315
2012-04-15 10:15:00;prosumer_s1_2;0;-0.6621577642477399;-7.1336320907816395;0.0
2012-04-15 10:15:00;prosumer_s1_3;0.0;-0.0349818877301231;10.928189731116769;0.0
2012-04-15 10:15:00;prosumer_s1_4;0.1501844512405183;0.0;-1.421707632594732;5.519872817738559
2012-04-15 10:15:00;prosumer_s1_5;0.0;-2.7831696653283924;16.140657726165674;0.0
2012-04-15 10:30:00;prosumer_s1_0;0.0;-1.7785446126786637;3.579031124002027;1.025452103594025
2012-04-15 10:30:00;prosumer_s1_1;0.1812451693124911;0.0;4.665827168877639;0.17400758582895864
2012-04-15 10:30:00;prosumer_s1_2;0;-0.2216430321232412;-7.053931185118692;0.0
2012-04-15 10:30:00;prosumer_s1_3;0.0;-0.4876616673621443;11.103548623176387;0.0
2012-04-15 10:30:00;prosumer_s1_4;0.3007221769576755;0.0;-1.421707632594732;5.628009895754767
2012-04-15 10:30:00;prosumer_s1_5;0.0;-2.848182648815887;17.16483942242535;0.0
2012-04-15 10:45:00;prosumer_s1_0;0.0;-1.6246311220371166;3.977856721646913;1.025452103594025
2012-04-15 10:45:00;prosumer_s1_1;0.4099035839579592;0.0;4.665827168877639;0.2746335307781278
2012-04-15 10:45:00;prosumer_s1_2;0;-0.9139307351878438;-6.8295731959584955;0.0
2012-04-15 10:45:00;prosumer_s1_3;0.0;-0.1196070078008979;11.132910572311582;0.0
2012-04-15 10:45:00;prosumer_s1_4;0.0;-0.5775524379536765;-1.2799260963963421;5.628009895754767
2012-04-15 10:45:00;prosumer_s1_5;0.0;-3.0900964160420408;17.923417497898246;0.0
2012-04-15 11:00:00;prosumer_s1_0;0.0;-1.895709006270085;4.79042868460088;1.025452103594025
2012-04-15 11:00:00;prosumer_s1_1;0.0549788812244338;0.0;4.665827168877639;0.2981995407985425
2012-04-15 11:00:00;prosumer_s1_2;0;-0.3496727386546623;-6.679690348590925;0.0
2012-04-15 11:00:00;prosumer_s1_3;0.0016035311337438;0.0;11.132910572311582;0.0006873335710778184
2012-04-15 11:00:00;prosumer_s1_4;0.0;-0.4003906988824002;-1.1083036295180948;5.628009895754767
2012-04-15 11:00:00;prosumer_s1_5;0.0;-2.705756470358637;19.083206178082147;0.0
2012-04-15 11:15:00;prosumer_s1_0;0.0;-1.572660746990846;5.737153585388069;1.025452103594025
2012-04-15 11:15:00;prosumer_s1_1;0.0;-0.2880037063077174;4.83920231084785;0.2981995407985425
2012-04-15 11:15:00;prosumer_s1_2;0;-0.5803986316127361;-6.330296597915856;0.0
2012-04-15 11:15:00;prosumer_s1_3;0.432766146003137;0.0;11.132910572311582;0.26120791146610084
2012-04-15 11:15:00;prosumer_s1_4;0.0;-0.1448712972162922;-1.021092662533361;5.628009895754767
2012-04-15 11:15:00;prosumer_s1_5;0.0;-2.659305632167509;20.68407964401806;0.0
2012-04-15 11:30:00;prosumer_s1_0;0.0;-1.2152396073397675;6.193619506905097;1.025452103594025
2012-04-15 11:30:00;prosumer_s1_1;0.0;-0.2940413759693949;4.949649556671099;0.2981995407985425
2012-04-15 11:30:00;prosumer_s1_2;0;0.0;-6.330296597915856;0.0
2012-04-15 11:30:00;prosumer_s1_3;0.9673673470814914;0.0;11.132910572311582;0.6245685399907587
2012-04-15 11:30:00;prosumer_s1_4;0.0;-0.1139573606090216;-0.9782882219029941;5.628009895754767
2012-04-15 11:30:00;prosumer_s1_5;0.0;-2.5326326529185086;21.635382161477352;0.0
2012-04-15 11:45:00;prosumer_s1_0;0.0;-1.1477623588127652;6.58179026765629;1.025452103594025
2012-04-15 11:45:00;prosumer_s1_1;0.1219089138777154;0.0;4.949649556671099;0.3394288732286574
2012-04-15 11:45:00;prosumer_s1_2;0;0.0;-6.330296597915856;0.0
2012-04-15 11:45:00;prosumer_s1_3;1.1018237020297514;0.0;11.132910572311582;0.9972029458384881
2012-04-15 11:45:00;prosumer_s1_4;0.1464062777830952;0.0;-0.9782882219029941;5.677524183960384
2012-04-15 11:45:00;prosumer_s1_5;0.0;-1.925573330985073;22.286606919835727;0.0
2012-04-15 12:00:00;prosumer_s1_0;0.0;-2.232564604103861;7.169824731013846;1.025452103594025
2012-04-15 12:00:00;prosumer_s1_1;0.0;-0.1760661246904158;4.996023555863535;0.3394288732286574
2012-04-15 12:00:00;prosumer_s1_2;0;0.0;-6.330296597915856;0.0
2012-04-15 12:00:00;prosumer_s1_3;0.0624408404395766;0.0;11.132910572311582;1.0136492184489148
2012-04-15 12:00:00;prosumer_s1_4;0.1160787863257386;0.0;-0.9782882219029941;5.708098137654168
2012-04-15 12:00:00;prosumer_s1_5;0.0;-2.213126247478894;22.869521520777877;0.0
2012-04-15 12:15:00;prosumer_s1_0;0.0;-1.5926522154698874;7.292714971455988;1.025452103594025
2012-04-15 12:15:00;prosumer_s1_1;1.0699945342418196;0.0;4.996023555863535;0.4219904546634092
2012-04-15 12:15:00;prosumer_s1_2;0;0.0;-6.330296597915856;0.0
2012-04-15 12:15:00;prosumer_s1_3;1.246452174508625;0.0;11.132910572311582;1.1098264038614898
2012-04-15 12:15:00;prosumer_s1_4;1.359160961522097;0.0;-0.9782882219029941;5.812972017675579
2012-04-15 12:15:00;prosumer_s1_5;0.0;-2.011882612178621;23.024759893318016;0.0
2012-04-15 12:30:00;prosumer_s1_0;0.0;-1.813035522917651;7.540915272173877;1.025452103594025
2012-04-15 12:30:00;prosumer_s1_1;0.0362812988364573;0.0;4.996023555863535;0.42695727917832704
2012-04-15 12:30:00;prosumer_s1_2;0;0.0;-6.330296597915856;0.0
2012-04-15 12:30:00;prosumer_s1_3;0.5500832032075534;0.0;11.132910572311582;1.1851315011583483
2012-04-15 12:30:00;prosumer_s1_4;0.3951278812484662;0.0;-0.9782882219029941;5.867064095689621
2012-04-15 12:30:00;prosumer_s1_5;0.0;-2.917373588981521;23.424141479028144;0.0
2012-04-15 12:45:00;prosumer_s1_0;0.0;-2.317538636613604;8.128214958821744;1.025452103594025
2012-04-15 12:45:00;prosumer_s1_1;0.0;-0.0216797313841408;5.001517530914204;0.42695727917832704
2012-04-15 12:45:00;prosumer_s1_2;0;0.0;-6.330296597915856;0.0
2012-04-15 12:45:00;prosumer_s1_3;0.4844428140494432;0.0;11.132910572311582;1.3078967092093259
2012-04-15 12:45:00;prosumer_s1_4;0.0;-0.4320299195223662;-0.8688052418355114;5.867064095689621
2012-04-15 12:45:00;prosumer_s1_5;0.0;-2.670102901241213;24.100786335101787;0.0
2012-04-15 13:00:00;prosumer_s1_0;0.0;-1.965270085623088;8.256525800762674;1.025452103594025
2012-04-15 13:00:00;prosumer_s1_1;0.860763128701177;0.0;5.001517530914204;0.48315578469841763
2012-04-15 13:00:00;prosumer_s1_2;0;0.0;-6.330296597915856;0.0
2012-04-15 13:00:00;prosumer_s1_3;0.4213354421722795;0.0;11.132910572311582;1.335405348210229
2012-04-15 13:00:00;prosumer_s1_4;0.4313355649134531;0.0;-0.8688052418355114;5.895225634349364
2012-04-15 13:00:00;prosumer_s1_5;0.0;-1.6001874822559594;24.205261238889122;0.0
2012-04-15 13:15:00;prosumer_s1_0;0.0;-2.24641583943116;8.281092334513652;1.025452103594025
2012-04-15 13:15:00;prosumer_s1_1;0.0918675457481801;0.0;5.001517530914204;0.48416043714238083
2012-04-15 13:15:00;prosumer_s1_2;0;0.0;-6.330296597915856;0.0
2012-04-15 13:15:00;prosumer_s1_3;0.0;-0.1397553117230676;11.134438919611338;1.335405348210229
2012-04-15 13:15:00;prosumer_s1_4;0.0;-0.3566769323377636;-0.8649046657521938;5.895225634349364
2012-04-15 13:15:00;prosumer_s1_5;0.0;-1.699052214411089;24.223841869793404;0.0
2012-04-15 13:30:00;prosumer_s1_0;0.0;-1.2212652634168473;8.439551632594178;1.025452103594025
2012-04-15 13:30:00;prosumer_s1_1;1.0695048193818055;0.0;5.001517530914204;0.6229288014360073
2012-04-15 13:30:00;prosumer_s1_2;0;0.0;-6.330296597915856;0.0
2012-04-15 13:30:00;prosumer_s1_3;0.7768517570395466;0.0;11.134438919611338;1.436201946476443
2012-04-15 13:30:00;prosumer_s1_4;0.7465348282556243;0.0;-0.8649046657521938;5.9920886078749405
2012-04-15 13:30:00;prosumer_s1_5;0.0;-0.3787585736164673;24.272985835085045;0.0
2012-04-15 13:45:00;prosumer_s1_0;0.0;-0.8747074357326232;8.754806255748031;1.025452103594025
2012-04-15 13:45:00;prosumer_s1_1;1.0879207744945474;0.0;5.001517530914204;1.0150279648520186
2012-04-15 13:45:00;prosumer_s1_2;0;0.0;-6.330296597915856;0.0
2012-04-15 13:45:00;prosumer_s1_3;0.0;-0.0983748201930267;11.16989433658948;1.436201946476443
2012-04-15 13:45:00;prosumer_s1_4;0.3027374257096045;0.0;-0.8649046657521938;6.101198659027887
2012-04-15 13:45:00;prosumer_s1_5;0.0;-0.6386239199727457;24.503153243070344;0.0
2012-04-15 14:00:00;prosumer_s1_0;0.0;-0.682957663147912;8.937279893765064;1.025452103594025
2012-04-15 14:00:00;prosumer_s1_1;0.462531212914181;0.0;5.001517530914204;1.1386077380518147
2012-04-15 14:00:00;prosumer_s1_2;0;0.0;-6.330296597915856;0.0
2012-04-15 14:00:00;prosumer_s1_3;0.2047509399956273;0.0;11.16989433658948;1.4909076052960555
2012-04-15 14:00:00;prosumer_s1_4;0.5661903897335128;0.0;-0.8649046657521938;6.252474244323692
2012-04-15 14:00:00;prosumer_s1_5;0.0;-0.3980770466880328;24.609512056858936;0.0
2012-04-15 14:15:00;prosumer_s1_0;0.0;-0.5064505761990938;9.15969745794541;1.025452103594025
2012-04-15 14:15:00;prosumer_s1_1;0.5939642567512212;0.0;5.001517530914204;1.3994586273691219
2012-04-15 14:15:00;prosumer_s1_2;0;0.0;-6.330296597915856;0.0
2012-04-15 14:15:00;prosumer_s1_3;0.5726532002511404;0.0;11.16989433658948;1.7423993320422961
2012-04-15 14:15:00;prosumer_s1_4;0.390836775639928;0.0;-0.8649046657521938;6.424117772271344
2012-04-15 14:15:00;prosumer_s1_5;0.386532765989493;0.0;24.609512056858936;0.169753338879563
2012-04-15 14:30:00;prosumer_s1_0;0.0;-0.1344696643475158;9.200746423646414;1.025452103594025
2012-04-15 14:30:00;prosumer_s1_1;0.9853947771206022;0.0;5.001517530914204;1.700265776730618
2012-04-15 14:30:00;prosumer_s1_2;0;0.0;-6.330296597915856;0.0
2012-04-15 14:30:00;prosumer_s1_3;0.1589029291101296;0.0;11.16989433658948;1.7909069335037964
2012-04-15 14:30:00;prosumer_s1_4;0.4749418503480502;0.0;-0.8649046657521938;6.569101191539239
2012-04-15 14:30:00;prosumer_s1_5;1.1597616991629875;0.0;24.609512056858936;0.5237887151206184
2012-04-15 14:45:00;prosumer_s1_0;0.0;-0.443275473378165;9.375469702316273;1.025452103594025
2012-04-15 14:45:00;prosumer_s1_1;0.4466149935611725;0.0;5.001517530914204;1.8763053743727685
2012-04-15 14:45:00;prosumer_s1_2;0;0.0;-6.330296597915856;0.0
2012-04-15 14:45:00;prosumer_s1_3;0.5868762933582101;0.0;11.16989433658948;2.022232500352114
2012-04-15 14:45:00;prosumer_s1_4;0.8102125507110154;0.0;-0.8649046657521938;6.888457893593739
2012-04-15 14:45:00;prosumer_s1_5;1.160471695318945;0.0;24.609512056858936;0.9812049981927854
2012-04-15 15:00:00;prosumer_s1_0;0.0;-0.6310889611275814;9.607934482593151;1.025452103594025
2012-04-15 15:00:00;prosumer_s1_1;0.0;-0.3206905052897302;5.119645485039498;1.8763053743727685
2012-04-15 15:00:00;prosumer_s1_2;0;0.0;-6.330296597915856;0.0
2012-04-15 15:00:00;prosumer_s1_3;0.6346822338740599;0.0;11.16989433658948;2.256020880645688
2012-04-15 15:00:00;prosumer_s1_4;0.1045946806086193;0.0;-0.8649046657521938;6.926985868163869
2012-04-15 15:00:00;prosumer_s1_5;0.6296374806458085;0.0;24.609512056858936;1.2131351183629984
2012-04-15 15:15:00;prosumer_s1_0;0.0;-0.4521613183454778;9.834066450937675;1.025452103594025
2012-04-15 15:15:00;prosumer_s1_1;0.1141899374528203;0.0;5.119645485039498;1.9334133008443
2012-04-15 15:15:00;prosumer_s1_2;0;0.0;-6.330296597915856;0.0
2012-04-15 15:15:00;prosumer_s1_3;0.8784853663890497;0.0;11.16989433658948;2.6953632502900384
2012-04-15 15:15:00;prosumer_s1_4;0.0;-0.1133112300271694;-0.8082361927051358;6.926985868163869
2012-04-15 15:15:00;prosumer_s1_5;0.1814576826778824;0.0;24.609512056858936;1.3038845506791736
2012-04-15 15:30:00;prosumer_s1_0;0.0;-0.6920766457597645;10.032523596550456;1.025452103594025
2012-04-15 15:30:00;prosumer_s1_1;0.0233166115122784;0.0;5.119645485039498;1.9400994795998465
2012-04-15 15:30:00;prosumer_s1_2;0;0.0;-6.330296597915856;0.0
2012-04-15 15:30:00;prosumer_s1_3;0.6895537722127056;0.0;11.16989433658948;2.893096946721347
2012-04-15 15:30:00;prosumer_s1_4;0.0;-0.6651862028215496;-0.6174900435296393;6.926985868163869
2012-04-15 15:30:00;prosumer_s1_5;0.0371024642908264;0.0;24.609512056858936;1.3145239057325062
2012-04-15 15:45:00;prosumer_s1_0;0.0021917676916387;0.0;10.032523596550456;1.0257339423788947
2012-04-15 15:45:00;prosumer_s1_1;0.7370646332488084;0.0;5.119645485039498;2.0348784114171936
2012-04-15 15:45:00;prosumer_s1_2;0;0.0;-6.330296597915856;0.0
2012-04-15 15:45:00;prosumer_s1_3;0.2720656001494324;0.0;11.16989433658948;2.9280817849610408
2012-04-15 15:45:00;prosumer_s1_4;0.0;-0.2855010950180932;-0.5807775388212993;6.926985868163869
2012-04-15 15:45:00;prosumer_s1_5;0.0;-0.3680734435904056;24.656842516414518;1.3145239057325062
2012-04-15 16:00:00;prosumer_s1_0;0.3925510582435771;0.0;10.032523596550456;1.0374367402060511
2012-04-15 16:00:00;prosumer_s1_1;0.0465969938078172;0.0;5.119645485039498;2.0362675687928635
2012-04-15 16:00:00;prosumer_s1_2;0;-1.7312667650729665;-6.27868378345249;0.0
2012-04-15 16:00:00;prosumer_s1_3;0.0;-0.4850145102479746;11.184353670318105;2.9280817849610408
2012-04-15 16:00:00;prosumer_s1_4;0.0;-0.7688088821676993;-0.557857679794584;6.926985868163869
2012-04-15 16:00:00;prosumer_s1_5;0.0;-0.8646976300549725;24.68262102683666;1.3145239057325062
2012-04-15 16:15:00;prosumer_s1_0;0.7066754660303383;0.0;10.032523596550456;1.0851401752700807
2012-04-15 16:15:00;prosumer_s1_1;0.0;-0.1042982186044814;5.1266860341142255;2.0362675687928635
2012-04-15 16:15:00;prosumer_s1_2;0;-2.170913718070872;-6.132138379575176;0.0
2012-04-15 16:15:00;prosumer_s1_3;0.0;-0.8101917211806893;11.239044868779915;2.9280817849610408
2012-04-15 16:15:00;prosumer_s1_4;0.0049307440194756;0.0;-0.557857679794584;6.9273187132086695
2012-04-15 16:15:00;prosumer_s1_5;0.0;-0.1147686240440812;24.690368370373616;1.3145239057325062
2012-04-15 16:30:00;prosumer_s1_0;0.8734658030269529;0.0;10.032523596550456;1.123460284390236
2012-04-15 16:30:00;prosumer_s1_1;0.0;-0.6528537454073102;5.155327598187843;2.0362675687928635
2012-04-15 16:30:00;prosumer_s1_2;0;-1.4318777139922263;-6.069319995550579;0.0
2012-04-15 16:30:00;prosumer_s1_3;0.0;-0.1588690486615014;11.246014665719219;2.9280817849610408
2012-04-15 16:30:00;prosumer_s1_4;0.2346378494513861;0.0;-0.557857679794584;6.93761258843943
2012-04-15 16:30:00;prosumer_s1_5;0.4277145184826768;0.0;24.690368370373616;1.3332883118074
2012-04-15 16:45:00;prosumer_s1_0;0.1192949769375144;0.0;10.032523596550456;1.127680389281797
2012-04-15 16:45:00;prosumer_s1_1;0.0;-1.2778993367608946;5.200533770152754;2.0362675687928635
2012-04-15 16:45:00;prosumer_s1_2;0;-1.262567733249048;-6.024656184853819;0.0
2012-04-15 16:45:00;prosumer_s1_3;0.0;-0.0228889418555592;11.246824370687248;2.9280817849610408
2012-04-15 16:45:00;prosumer_s1_4;0.282748212022577;0.0;-0.557857679794584;6.947614913292233
2012-04-15 16:45:00;prosumer_s1_5;0.0793479672105973;0.0;24.690368370373616;1.3360952761336202
2012-04-15 17:00:00;prosumer_s1_0;0.0;-2.16454543200091;9.60506941901398;1.127680389281797
2012-04-15 17:00:00;prosumer_s1_1;0.0;-2.018605990548443;4.801899696363662;2.0362675687928635
2012-04-15 17:00:00;prosumer_s1_2;0;-4.481370261499401;-6.9096366574488846;0.0
2012-04-15 17:00:00;prosumer_s1_3;0.0;-0.9266622112022104;11.063827226119386;2.9280817849610408
2012-04-15 17:00:00;prosumer_s1_4;0.0;-1.0616498533071406;-0.7675121680617238;6.947614913292233
2012-04-15 17:00:00;prosumer_s1_5;0.0;-1.0524063081505055;24.482539296317718;1.3360952761336202
2012-04-15 17:15:00;prosumer_s1_0;0.0;-2.541247633344959;8.842695129010492;1.127680389281797
2012-04-15 17:15:00;prosumer_s1_1;0.0;-1.378987075518133;4.388203573708222;2.0362675687928635
2012-04-15 17:15:00;prosumer_s1_2;0;-5.13589473369149;-8.450405077556331;0.0
2012-04-15 17:15:00;prosumer_s1_3;0.0;-0.6566893442816042;10.866820422834905;2.9280817849610408
2012-04-15 17:15:00;prosumer_s1_4;0.0;-1.177635874613289;-1.1208029304457106;6.947614913292233
2012-04-15 17:15:00;prosumer_s1_5;0.0;-1.6021122041005054;24.001905635087567;1.3360952761336202
2012-04-15 17:30:00;prosumer_s1_0;0.0;-2.7989502137734528;8.491150051021323;1.127680389281797
2012-04-15 17:30:00;prosumer_s1_1;0.0;-0.7520520258139912;4.293746663840482;2.0362675687928635
2012-04-15 17:30:00;prosumer_s1_2;0;-4.603341445707608;-9.028579715882728;0.0
2012-04-15 17:30:00;prosumer_s1_3;0.0;-1.050761545305391;10.734845924833955;2.9280817849610408
2012-04-15 17:30:00;prosumer_s1_4;0.0;-0.5;-1.1836023822293182;6.947614913292233
2012-04-15 17:30:00;prosumer_s1_5;0.0;-1.3719245288184605;23.829593418491;1.3360952761336202
2012-04-15 17:45:00;prosumer_s1_0;0.0;-2.8896853652516112;7.959670470215963;1.127680389281797
2012-04-15 17:45:00;prosumer_s1_1;0.0;-1.41018329196406;4.034381532299069;2.0362675687928635
2012-04-15 17:45:00;prosumer_s1_2;0;-3.9929075566486496;-9.762967223921134;0.0
2012-04-15 17:45:00;prosumer_s1_3;0.0;-1.4599053726867488;10.46633575939472;2.9280817849610408
2012-04-15 17:45:00;prosumer_s1_4;0.0;-0.5;-1.2755638786601042;6.947614913292233
2012-04-15 17:45:00;prosumer_s1_5;0.0;-1.778605706897714;23.502466933757702;1.3360952761336202
2012-04-15 18:00:00;prosumer_s1_0;0.0;-3.544461655603349;7.454919678639934;1.127680389281797
2012-04-15 18:00:00;prosumer_s1_1;0.0;-1.5015077659562277;3.8205585862316913;2.0362675687928635
2012-04-15 18:00:00;prosumer_s1_2;0;-3.33242700007163;-10.23752311691447;0.0
2012-04-15 18:00:00;prosumer_s1_3;0.0;-1.902491975642047;10.195410461287945;2.9280817849610408
2012-04-15 18:00:00;prosumer_s1_4;0.0;-0.5;-1.3467666226336612;6.947614913292233
2012-04-15 18:00:00;prosumer_s1_5;0.0;-2.4649198755103403;23.151448816135115;1.3360952761336202
2012-04-15 18:15:00;prosumer_s1_0;0.0;-2.975426706503677;7.299694641174581;1.127680389281797
2012-04-15 18:15:00;prosumer_s1_1;0.0;-1.8797238602372128;3.7224952711474826;2.0362675687928635
2012-04-15 18:15:00;prosumer_s1_2;0;-3.498099741639307;-10.420015484233293;0.0
2012-04-15 18:15:00;prosumer_s1_3;0.0;-2.291815611164881;10.075848731426088;2.9280817849610408
2012-04-15 18:15:00;prosumer_s1_4;0.0;-1.1263105995350733;-1.4055251209116764;6.947614913292233
2012-04-15 18:15:00;prosumer_s1_5;0.0;-2.7457238247105638;23.00820714843461;1.3360952761336202
2012-04-15 18:30:00;prosumer_s1_0;0.0;-1.548911236479638;7.499483284934145;1.127680389281797
2012-04-15 18:30:00;prosumer_s1_1;0.0;-0.865513341445385;3.8341348103093225;2.0362675687928635
2012-04-15 18:30:00;prosumer_s1_2;0;0.0;-10.420015484233293;0.0
2012-04-15 18:30:00;prosumer_s1_3;0.0;-2.191851745049326;10.35856802298518;2.9280817849610408
2012-04-15 18:30:00;prosumer_s1_4;0.8656841037566645;0.0;-1.4055251209116764;7.059276478487439
2012-04-15 18:30:00;prosumer_s1_5;0.0;-2.3685435636852024;23.31371729977783;1.3360952761336202
2012-04-15 18:45:00;prosumer_s1_0;0.0;-1.271114631585634;7.859221815587028;1.127680389281797
2012-04-15 18:45:00;prosumer_s1_1;0.0;-1.143639045910068;4.157796437474879;2.0362675687928635
2012-04-15 18:45:00;prosumer_s1_2;0;0.0;-10.420015484233293;0.0
2012-04-15 18:45:00;prosumer_s1_3;0.0;-2.8683751910084854;11.170347740513401;2.9280817849610408
2012-04-15 18:45:00;prosumer_s1_4;0.8301472242984911;0.0;-1.4055251209116764;7.29421669180414
2012-04-15 18:45:00;prosumer_s1_5;0.0;-2.49700027361877;24.020394091272973;1.3360952761336202
2012-04-15 19:00:00;prosumer_s1_0;0.0;-1.5883442997231147;8.286260586984556;1.127680389281797
2012-04-15 19:00:00;prosumer_s1_1;0.0;-0.5964489504072135;4.318156396601903;2.0362675687928635
2012-04-15 19:00:00;prosumer_s1_2;0;0.0;-10.420015484233293;0.0
2012-04-15 19:00:00;prosumer_s1_3;0.0;-2.753743710448811;11.910713246316346;2.9280817849610408
2012-04-15 19:00:00;prosumer_s1_4;0.4831720336418066;0.0;-1.4055251209116764;7.424121267062798
2012-04-15 19:00:00;prosumer_s1_5;0.0;-2.992040033465687;24.824827424830527;1.3360952761336202
2012-04-15 19:15:00;prosumer_s1_0;0.0;-1.4024424089771972;8.377260952063285;1.127680389281797
2012-04-15 19:15:00;prosumer_s1_1;0.0;-1.040393822509958;4.385664493239617;2.0362675687928635
2012-04-15 19:15:00;prosumer_s1_2;0;0.0;-10.420015484233293;0.0
2012-04-15 19:15:00;prosumer_s1_3;0.0;-2.3452085065721144;12.062886931964835;2.9280817849610408
2012-04-15 19:15:00;prosumer_s1_4;0.0;-0.4990610906529481;-1.3731425138575097;7.424121267062798
2012-04-15 19:15:00;prosumer_s1_5;0.0;-3.1100684657408117;25.0266306247271;1.3360952761336202
2012-04-15 19:30:00;prosumer_s1_0;0.0;-1.491005347454622;8.461626552244192;1.127680389281797
2012-04-15 19:30:00;prosumer_s1_1;0.0;-0.6958638147788367;4.425038576289161;2.0362675687928635
2012-04-15 19:30:00;prosumer_s1_2;0;0.0;-10.420015484233293;0.0
2012-04-15 19:30:00;prosumer_s1_3;0.0;-2.8592586134730804;12.224672447630416;2.9280817849610408
2012-04-15 19:30:00;prosumer_s1_4;0.0;-0.4929617362150106;-1.3452492451894928;7.424121267062798
2012-04-15 19:30:00;prosumer_s1_5;0.0;-2.626760893268356;25.175260714934787;1.3360952761336202
2012-04-15 19:45:00;prosumer_s1_0;0.0;-1.379333994968155;8.510084061659724;1.127680389281797
2012-04-15 19:45:00;prosumer_s1_1;0.0;-0.5;4.442604122267258;2.0362675687928635
2012-04-15 19:45:00;prosumer_s1_2;0;0.0;-10.420015484233293;0.0
2012-04-15 19:45:00;prosumer_s1_3;0.0;-2.854467753416839;12.324953016761695;2.9280817849610408
2012-04-15 19:45:00;prosumer_s1_4;0.0;-0.5933074177160441;-1.3244057077394182;7.424121267062798
2012-04-15 19:45:00;prosumer_s1_5;0.0;-3.0125287132159286;25.28109413817945;1.3360952761336202
2012-04-15 20:00:00;prosumer_s1_0;0.0;-1.3762531975237144;8.51576840067603;1.127680389281797
2012-04-15 20:00:00;prosumer_s1_1;0.0;-1.056358247763444;4.446967199071557;2.0362675687928635
2012-04-15 20:00:00;prosumer_s1_2;0;0.0;-10.420015484233293;0.0
2012-04-15 20:00:00;prosumer_s1_3;0.0;-2.77596745507246;12.336418596017937;2.9280817849610408
2012-04-15 20:00:00;prosumer_s1_4;0.0;-0.3519653052619854;-1.3229519853279559;7.424121267062798
2012-04-15 20:00:00;prosumer_s1_5;0.0;-3.0337107079426757;25.29362427447441;1.3360952761336202
2012-04-15 20:15:00;prosumer_s1_0;0.0;-1.170376573493395;8.291894810998176;1.127680389281797
2012-04-15 20:15:00;prosumer_s1_1;0.0;-1.3527402287360497;4.188210472589207;2.0362675687928635
2012-04-15 20:15:00;prosumer_s1_2;0;-4.28190184491416;-11.239072152300281;0.0
2012-04-15 20:15:00;prosumer_s1_3;0.0;-3.084114342008277;11.74647877292198;2.9280817849610408
2012-04-15 20:15:00;prosumer_s1_4;0.0;-0.627441703310642;-1.4429711566058516;7.424121267062798
2012-04-15 20:15:00;prosumer_s1_5;0.0;-3.080109215420792;24.704450565539112;1.3360952761336202
2012-04-15 20:30:00;prosumer_s1_0;0.0;-0.8767907843839187;8.226497684794895;1.127680389281797
2012-04-15 20:30:00;prosumer_s1_1;0.0;-1.9869850482529412;4.040007372968428;2.0362675687928635
2012-04-15 20:30:00;prosumer_s1_2;0;-3.999371189407663;-11.537372940887193;0.0
2012-04-15 20:30:00;prosumer_s1_3;0.0;-3.704578529157607;11.470165661611716;2.9280817849610408
2012-04-15 20:30:00;prosumer_s1_4;0.0;-0.5;-1.4802646178100733;7.424121267062798
2012-04-15 20:30:00;prosumer_s1_5;0.0;-2.5814222535891966;24.511910224207227;1.3360952761336202
2012-04-15 20:45:00;prosumer_s1_0;0.0;-1.219838288290466;8.12109220933097;1.127680389281797
2012-04-15 20:45:00;prosumer_s1_1;0.0;-2.580573061326508;3.817021643540537;2.0362675687928635
2012-04-15 20:45:00;prosumer_s1_2;0;-4.459259474256642;-11.922694806591014;0.0
2012-04-15 20:45:00;prosumer_s1_3;0.0;-3.256196679179402;11.188799711331564;2.9280817849610408
2012-04-15 20:45:00;prosumer_s1_4;0.0;-1.1704826442628782;-1.5814053024607457;7.424121267062798
2012-04-15 20:45:00;prosumer_s1_5;0.0;-2.372000882671393;24.306947088323682;1.3360952761336202
2012-04-15 21:00:00;prosumer_s1_0;0.0;-0.6126315643286939;8.203401001946315;1.127680389281797
2012-04-15 21:00:00;prosumer_s1_1;0.0;-2.006907227924952;4.086655336023423;2.0362675687928635
2012-04-15 21:00:00;prosumer_s1_2;0;0.0;-11.922694806591014;0.0
2012-04-15 21:00:00;prosumer_s1_3;0.0;-2.8162268541351425;11.567167796803583;2.9280817849610408
2012-04-15 21:00:00;prosumer_s1_4;0.0;-0.5384374280388593;-1.5090647030184805;7.424121267062798
2012-04-15 21:00:00;prosumer_s1_5;0.0;-1.946468738793414;24.568460697941813;1.3360952761336202
2012-04-15 21:15:00;prosumer_s1_0;0.0;-1.2146071171155364;8.215025291524123;1.127680389281797
2012-04-15 21:15:00;prosumer_s1_1;0.0;-1.7290348885253817;4.103202910915034;2.0362675687928635
2012-04-15 21:15:00;prosumer_s1_2;0;0.0;-11.922694806591014;0.0
2012-04-15 21:15:00;prosumer_s1_3;0.0;-3.445792379831098;11.600145446846737;2.9280817849610408
2012-04-15 21:15:00;prosumer_s1_4;0.0;-0.1727612541617619;-1.5074113067737995;7.424121267062798
2012-04-15 21:15:00;prosumer_s1_5;0.0;-2.133488097877162;24.588879056364927;1.3360952761336202
2012-04-15 21:30:00;prosumer_s1_0;0.0;-1.1804191243450748;8.26291937009458;1.127680389281797
2012-04-15 21:30:00;prosumer_s1_1;0.0;-1.6976570107006188;4.172083291264086;2.0362675687928635
2012-04-15 21:30:00;prosumer_s1_2;0;0.0;-11.922694806591014;0.0
2012-04-15 21:30:00;prosumer_s1_3;0.0;-4.0;11.762440609921228;2.9280817849610408
2012-04-15 21:30:00;prosumer_s1_4;0.0;-0.164650630515508;-1.5007308065413416;7.424121267062798
2012-04-15 21:30:00;prosumer_s1_5;0.0;-1.6255862684457905;24.654835253497193;1.3360952761336202
2012-04-15 21:45:00;prosumer_s1_0;0.0;-0.5683181965339575;8.420251474784262;1.127680389281797
2012-04-15 21:45:00;prosumer_s1_1;0.0;-1.0480186703854224;4.462214742573279;2.0362675687928635
2012-04-15 21:45:00;prosumer_s1_2;0;-1.6542309755779483;-11.46474071921913;0.0
2012-04-15 21:45:00;prosumer_s1_3;0.0;-4.0;12.869792833722709;2.9280817849610408
2012-04-15 21:45:00;prosumer_s1_4;0.0852627711205885;0.0;-1.5007308065413416;7.4477252468647634
2012-04-15 21:45:00;prosumer_s1_5;0.0;-1.2717597374088403;25.00690674683741;1.3360952761336202
2012-04-15 22:00:00;prosumer_s1_0;0.0;-1.1332045706515292;8.499922929185287;1.127680389281797
2012-04-15 22:00:00;prosumer_s1_1;0.0;-0.7679815464994469;4.516208706547127;2.0362675687928635
2012-04-15 22:00:00;prosumer_s1_2;0;-1.6600481183372122;-11.348028828542965;0.0
2012-04-15 22:00:00;prosumer_s1_3;0.0;-3.513757263086813;13.116832211088914;2.9280817849610408
2012-04-15 22:00:00;prosumer_s1_4;0.0;-0.2319011356810901;-1.4844266887893816;7.4477252468647634
2012-04-15 22:00:00;prosumer_s1_5;0.0;-1.5953295817223112;25.11906851472696;1.3360952761336202
2012-04-15 22:15:00;prosumer_s1_0;0.0;-0.7521512040317745;8.618619373262778;1.127680389281797
2012-04-15 22:15:00;prosumer_s1_1;0.0;-0.7860852386587964;4.640260256382397;2.0362675687928635
2012-04-15 22:15:00;prosumer_s1_2;0;-2.499900765855706;-10.953521274924618;0.0
2012-04-15 22:15:00;prosumer_s1_3;0.0;-3.23490408488836;13.627330113305632;2.9280817849610408
2012-04-15 22:15:00;prosumer_s1_4;0.0;-0.5497908921607376;-1.3976645809367771;7.4477252468647634
2012-04-15 22:15:00;prosumer_s1_5;0.0;-1.8744811252011928;25.414879041731524;1.3360952761336202
2012-04-15 22:30:00;prosumer_s1_0;0.0;-1.0367461449895667;8.727985765022014;1.127680389281797
2012-04-15 22:30:00;prosumer_s1_1;0.0;-0.5;4.693005276119286;2.0362675687928635
2012-04-15 22:30:00;prosumer_s1_2;0;-2.513586575331723;-10.688362927872115;0.0
2012-04-15 22:30:00;prosumer_s1_3;0.0;-3.1421666051250368;13.95879739251346;2.9280817849610408
2012-04-15 22:30:00;prosumer_s1_4;0.0;-0.2807804749475885;-1.3680450375510897;7.4477252468647634
2012-04-15 22:30:00;prosumer_s1_5;0.0;-2.5629105381103083;25.685240575564542;1.3360952761336202
2012-04-15 22:45:00;prosumer_s1_0;0.0;-1.0093826692945385;8.835633975625857;1.127680389281797
2012-04-15 22:45:00;prosumer_s1_1;0.0;-0.7977569495277679;4.778084117599163;2.0362675687928635
2012-04-15 22:45:00;prosumer_s1_2;0;-3.1739337828541907;-10.349870597170483;0.0
2012-04-15 22:45:00;prosumer_s1_3;0.0;-3.826879164718665;14.36692476264853;2.9280817849610408
2012-04-15 22:45:00;prosumer_s1_4;0.0;-0.955335089514237;-1.2661608700874798;7.4477252468647634
2012-04-15 22:45:00;prosumer_s1_5;0.0;-3.215303177252383;26.02814485172175;1.3360952761336202
2012-04-15 23:00:00;prosumer_s1_0;0.0;-1.0174004714899694;8.870951094890737;1.127680389281797
2012-04-15 23:00:00;prosumer_s1_1;0.0;-0.5;4.795440665121281;2.0362675687928635
2012-04-15 23:00:00;prosumer_s1_2;0;-2.5421676839764142;-10.261624088738227;0.0
2012-04-15 23:00:00;prosumer_s1_3;0.0;-4.0;14.505777142825469;2.9280817849610408
2012-04-15 23:00:00;prosumer_s1_4;0.0;-0.3002038384220516;-1.255739865711691;7.4477252468647634
2012-04-15 23:00:00;prosumer_s1_5;0.0;-3.620410679686711;26.153820511744875;1.3360952761336202
2012-04-15 23:15:00;prosumer_s1_0;0.0;-1.452054567207334;9.209942134904152;1.127680389281797
2012-04-15 23:15:00;prosumer_s1_1;0.0;-0.5;4.9121687301916515;2.0362675687928635
2012-04-15 23:15:00;prosumer_s1_2;0;-3.0834569102673983;-9.541772171011472;0.0
2012-04-15 23:15:00;prosumer_s1_3;0.0;-3.762230810013058;15.384092988427387;2.9280817849610408
2012-04-15 23:15:00;prosumer_s1_4;0.0;-0.493963165609798;-1.140421136636357;7.4477252468647634
2012-04-15 23:15:00;prosumer_s1_5;0.0;-2.924522351384548;26.836568182409216;1.3360952761336202
2012-04-15 23:30:00;prosumer_s1_0;0.0;-1.1790633736461813;9.390658394386985;1.127680389281797
2012-04-15 23:30:00;prosumer_s1_1;0.0;-0.5;4.9888042459417425;2.0362675687928635
2012-04-15 23:30:00;prosumer_s1_2;0;-2.91777720424181;-9.094561449229612;0.0
2012-04-15 23:30:00;prosumer_s1_3;0.0;-3.889701186927845;15.980271501575299;2.9280817849610408
2012-04-15 23:30:00;prosumer_s1_4;0.0;-0.2212510581694969;-1.1065097587302115;7.4477252468647634
2012-04-15 23:30:00;prosumer_s1_5;0.0;-3.025919478248254;27.300353982076818;1.3360952761336202
2012-04-15 23:45:00;prosumer_s1_0;0.0;-1.875665876654992;9.501209367000115;1.127680389281797
2012-04-15 23:45:00;prosumer_s1_1;0.0;-0.9081188782961862;5.042328397814157;2.0362675687928635
2012-04-15 23:45:00;prosumer_s1_2;0;-3.275233506308978;-8.901520538178179;0.0
2012-04-15 23:45:00;prosumer_s1_3;0.0;-4.0;16.216029850626853;2.9280817849610408
2012-04-15 23:45:00;prosumer_s1_4;0.0;-0.1958603718717471;-1.094965829250935;7.4477252468647634
2012-04-15 23:45:00;prosumer_s1_5;0.0;-2.9764133583839514;27.475782556943713;1.3360952761336202
