Time,Player,Sell,Buy,Total Costs,Total Revenue
2012-04-15 00:00:00,prosumer_s1_0,15.445045635219271,0.0,0.0,1.7993062698245257
2012-04-15 00:00:00,prosumer_s1_1,0.0,-67.6969475,15.773024562255035,0.0
2012-04-15 00:00:00,prosumer_s1_2,0,0,0.0,0.0
2012-04-15 00:00:00,prosumer_s1_3,0.0,-67.6969475,15.773024562255035,0.0
2012-04-15 00:00:00,prosumer_s1_4,15.445045635219271,0.0,0.0,1.7993062698245257
2012-04-15 00:00:00,prosumer_s1_5,0.0,-67.6969475,15.773024562255035,0.0
2012-04-15 00:15:00,prosumer_s1_0,6.542737492813075,0.0,0.0,2.6171484564261602
2012-04-15 00:15:00,prosumer_s1_1,0.0,-77.77300774999999,35.21627649975503,0.0
2012-04-15 00:15:00,prosumer_s1_2,0,0,0.0,0.0
2012-04-15 00:15:00,prosumer_s1_3,0.0,-77.77300774999999,35.21627649975503,0.0
2012-04-15 00:15:00,prosumer_s1_4,6.542737492813075,0.0,0.0,2.6171484564261602
2012-04-15 00:15:00,prosumer_s1_5,0.0,-77.77300774999999,35.21627649975503,0.0
2012-04-15 00:30:00,prosumer_s1_0,0.0,0.0,0.0,2.6171484564261602
2012-04-15 00:30:00,prosumer_s1_1,0.0,-67.42285724999999,51.751491637511165,0.0
2012-04-15 00:30:00,prosumer_s1_2,0,0,0.0,0.0
2012-04-15 00:30:00,prosumer_s1_3,0.0,-22.7997,40.807821562557876,0.0
2012-04-15 00:30:00,prosumer_s1_4,0.0,0.0,0.0,2.6171484564261602
2012-04-15 00:30:00,prosumer_s1_5,0.0,-67.42285724999999,51.751491637511165,0.0
2012-04-15 00:45:00,prosumer_s1_0,0.0,0.0,0.0,2.6171484564261602
2012-04-15 00:45:00,prosumer_s1_1,0.0,-72.922606,67.24696282996842,0.0
2012-04-15 00:45:00,prosumer_s1_2,0,0,0.0,0.0
2012-04-15 00:45:00,prosumer_s1_3,0.0,-44.57312,50.279253465552955,0.0
2012-04-15 00:45:00,prosumer_s1_4,0.0,0.0,0.0,2.6171484564261602
2012-04-15 00:45:00,prosumer_s1_5,0.0,-72.922606,67.24696282996842,0.0
2012-04-15 01:00:00,prosumer_s1_0,0.0,0.0,0.0,2.6171484564261602
2012-04-15 01:00:00,prosumer_s1_1,0.0,-76.4356795,84.62420868865325,0.0
2012-04-15 01:00:00,prosumer_s1_2,0,0,0.0,0.0
2012-04-15 01:00:00,prosumer_s1_3,0.0,-64.18859,64.87218855880765,0.0
2012-04-15 01:00:00,prosumer_s1_4,0.0,0.0,0.0,2.6171484564261602
2012-04-15 01:00:00,prosumer_s1_5,0.0,-76.4356795,84.62420868865325,0.0
2012-04-15 01:15:00,prosumer_s1_0,0.0,0.0,0.0,2.6171484564261602
2012-04-15 01:15:00,prosumer_s1_1,0.0,-63.74248374999999,100.55982962615326,0.0
2012-04-15 01:15:00,prosumer_s1_2,0,0,0.0,0.0
2012-04-15 01:15:00,prosumer_s1_3,0.0,-35.61073,73.77487105880765,0.0
2012-04-15 01:15:00,prosumer_s1_4,0.0,0.0,0.0,2.6171484564261602
2012-04-15 01:15:00,prosumer_s1_5,0.0,-63.74248374999999,100.55982962615326,0.0
2012-04-15 01:30:00,prosumer_s1_0,0.0,0.0,0.0,2.6171484564261602
2012-04-15 01:30:00,prosumer_s1_1,0.0,-73.13793874999999,116.13390059160486,0.0
2012-04-15 01:30:00,prosumer_s1_2,0,0,0.0,0.0
2012-04-15 01:30:00,prosumer_s1_3,0.0,-48.41283,84.08395090087996,0.0
2012-04-15 01:30:00,prosumer_s1_4,0.0,0.0,0.0,2.6171484564261602
2012-04-15 01:30:00,prosumer_s1_5,0.0,-73.13793874999999,116.13390059160486,0.0
2012-04-15 01:45:00,prosumer_s1_0,0.0,0.0,0.0,2.6171484564261602
2012-04-15 01:45:00,prosumer_s1_1,0.0,-76.6581375,133.16690176982056,0.0
2012-04-15 01:45:00,prosumer_s1_2,0,0,0.0,0.0
2012-04-15 01:45:00,prosumer_s1_3,0.0,-69.083,99.43379970714237,0.0
2012-04-15 01:45:00,prosumer_s1_4,0.0,0.0,0.0,2.6171484564261602
2012-04-15 01:45:00,prosumer_s1_5,0.0,-76.6581375,133.16690176982056,0.0
2012-04-15 02:00:00,prosumer_s1_0,-0.0,0.0,0.0,2.6171484564261602
2012-04-15 02:00:00,prosumer_s1_1,0.0,0.0,133.16690176982056,0.0
2012-04-15 02:00:00,prosumer_s1_2,0,0,0.0,0.0
2012-04-15 02:00:00,prosumer_s1_3,0.0,0.0,99.43379970714237,0.0
2012-04-15 02:00:00,prosumer_s1_4,0.0,0.0,0.0,2.6171484564261602
2012-04-15 02:00:00,prosumer_s1_5,0.0,-34.88129,140.3029502297583,0.0
2012-04-15 02:15:00,prosumer_s1_0,0.0,0.0,0.0,2.6171484564261602
2012-04-15 02:15:00,prosumer_s1_1,0.0,-6.4572,134.28171628185942,0.0
2012-04-15 02:15:00,prosumer_s1_2,0,0,0.0,0.0
2012-04-15 02:15:00,prosumer_s1_3,0.0,0.0,99.43379970714237,0.0
2012-04-15 02:15:00,prosumer_s1_4,0.0,0.0,0.0,2.6171484564261602
2012-04-15 02:15:00,prosumer_s1_5,0.0,-45.869702,148.222204620593,0.0
2012-04-15 02:30:00,prosumer_s1_0,0.0,0.0,0.0,2.6171484564261602
2012-04-15 02:30:00,prosumer_s1_1,0.0,-38.08535,140.03798025998123,0.0
2012-04-15 02:30:00,prosumer_s1_2,0,0,0.0,0.0
2012-04-15 02:30:00,prosumer_s1_3,0.0,-0.0,99.43379970714237,0.0
2012-04-15 02:30:00,prosumer_s1_4,0.0,0.0,0.0,2.6171484564261602
2012-04-15 02:30:00,prosumer_s1_5,0.0,-51.6792105,156.03306044360434,0.0
2012-04-15 02:45:00,prosumer_s1_0,0.0,0.0,0.0,2.6171484564261602
2012-04-15 02:45:00,prosumer_s1_1,0.0,-23.30299,143.44591320472892,0.0
2012-04-15 02:45:00,prosumer_s1_2,0,0,0.0,0.0
2012-04-15 02:45:00,prosumer_s1_3,0.0,-0.0,99.43379970714237,0.0
2012-04-15 02:45:00,prosumer_s1_4,0.0,0.0,0.0,2.6171484564261602
2012-04-15 02:45:00,prosumer_s1_5,0.0,-47.59176025000001,162.99309122310984,0.0
2012-04-15 03:00:00,prosumer_s1_0,-0.0,0.0,0.0,2.6171484564261602
2012-04-15 03:00:00,prosumer_s1_1,0.0,-10.43986,145.12910996936472,0.0
2012-04-15 03:00:00,prosumer_s1_2,0,0,0.0,0.0
2012-04-15 03:00:00,prosumer_s1_3,0.0,-0.0,99.43379970714237,0.0
2012-04-15 03:00:00,prosumer_s1_4,0.0,0.0,0.0,2.6171484564261602
2012-04-15 03:00:00,prosumer_s1_5,0.0,-45.360210249999994,170.30642292832428,0.0
2012-04-15 03:15:00,prosumer_s1_0,-0.0,0.0,0.0,2.6171484564261602
2012-04-15 03:15:00,prosumer_s1_1,0.0,-41.34209,151.05945285860594,0.0
2012-04-15 03:15:00,prosumer_s1_2,0,0,0.0,0.0
2012-04-15 03:15:00,prosumer_s1_3,0.0,0.0,99.43379970714237,0.0
2012-04-15 03:15:00,prosumer_s1_4,0.0,0.0,0.0,2.6171484564261602
2012-04-15 03:15:00,prosumer_s1_5,0.0,-50.844773,177.59988433812805,0.0
2012-04-15 03:30:00,prosumer_s1_0,0.0,0.0,0.0,2.6171484564261602
2012-04-15 03:30:00,prosumer_s1_1,0.0,-57.466514999999994,159.66028293740135,0.0
2012-04-15 03:30:00,prosumer_s1_2,0,0,0.0,0.0
2012-04-15 03:30:00,prosumer_s1_3,0.0,-16.40994,101.88982310691227,0.0
2012-04-15 03:30:00,prosumer_s1_4,0.0,0.0,0.0,2.6171484564261602
2012-04-15 03:30:00,prosumer_s1_5,0.0,-57.466514999999994,186.20071441692346,0.0
2012-04-15 03:45:00,prosumer_s1_0,-0.0,0.0,0.0,2.6171484564261602
2012-04-15 03:45:00,prosumer_s1_1,0.0,-57.0680875,167.17070950174244,0.0
2012-04-15 03:45:00,prosumer_s1_2,0,0,0.0,0.0
2012-04-15 03:45:00,prosumer_s1_3,0.0,-16.33153,104.03912864914432,0.0
2012-04-15 03:45:00,prosumer_s1_4,-0.0,0.0,0.0,2.6171484564261602
2012-04-15 03:45:00,prosumer_s1_5,0.0,-57.0680875,193.71114098126455,0.0
2012-04-15 04:00:00,prosumer_s1_0,0.0,0.0,0.0,2.6171484564261602
2012-04-15 04:00:00,prosumer_s1_1,0.0,-64.706025,176.36580083470466,0.0
2012-04-15 04:00:00,prosumer_s1_2,0,0,0.0,0.0
2012-04-15 04:00:00,prosumer_s1_3,0.0,-44.38693,110.34676190802246,0.0
2012-04-15 04:00:00,prosumer_s1_4,0.0,0.0,0.0,2.6171484564261602
2012-04-15 04:00:00,prosumer_s1_5,0.0,-64.706025,202.90623231422677,0.0
2012-04-15 04:15:00,prosumer_s1_0,0.0,0.0,0.0,2.6171484564261602
2012-04-15 04:15:00,prosumer_s1_1,0.0,-73.267899,186.64956840754598,0.0
2012-04-15 04:15:00,prosumer_s1_2,0,0,0.0,0.0
2012-04-15 04:15:00,prosumer_s1_3,0.0,-71.52038,120.385250450478,0.0
2012-04-15 04:15:00,prosumer_s1_4,0.0,0.0,0.0,2.6171484564261602
2012-04-15 04:15:00,prosumer_s1_5,0.0,-73.267899,213.1899998870681,0.0
2012-04-15 04:30:00,prosumer_s1_0,0.0,0.0,0.0,2.6171484564261602
2012-04-15 04:30:00,prosumer_s1_1,0.0,-25.77469,191.16069361642596,0.0
2012-04-15 04:30:00,prosumer_s1_2,0,0,0.0,0.0
2012-04-15 04:30:00,prosumer_s1_3,0.0,0.0,120.385250450478,0.0
2012-04-15 04:30:00,prosumer_s1_4,0.0,0.0,0.0,2.6171484564261602
2012-04-15 04:30:00,prosumer_s1_5,0.0,-44.883975,221.04566104525227,0.0
2012-04-15 04:45:00,prosumer_s1_0,-0.0,0.0,0.0,2.6171484564261602
2012-04-15 04:45:00,prosumer_s1_1,0.0,-48.02368,199.9487094880462,0.0
2012-04-15 04:45:00,prosumer_s1_2,0,0,0.0,0.0
2012-04-15 04:45:00,prosumer_s1_3,0.0,0.0,120.385250450478,0.0
2012-04-15 04:45:00,prosumer_s1_4,0.0,0.0,0.0,2.6171484564261602
2012-04-15 04:45:00,prosumer_s1_5,0.0,-50.53870175,230.29390926592347,0.0
2012-04-15 05:00:00,prosumer_s1_0,0.0,0.0,0.0,2.6171484564261602
2012-04-15 05:00:00,prosumer_s1_1,0.0,-54.88442525,208.62140445251703,0.0
2012-04-15 05:00:00,prosumer_s1_2,0,0,0.0,0.0
2012-04-15 05:00:00,prosumer_s1_3,0.0,-20.65741,123.64948096523608,0.0
2012-04-15 05:00:00,prosumer_s1_4,0.0,0.0,0.0,2.6171484564261602
2012-04-15 05:00:00,prosumer_s1_5,0.0,-54.88442525,238.9666042303943,0.0
2012-04-15 05:15:00,prosumer_s1_0,-0.0,0.0,0.0,2.6171484564261602
2012-04-15 05:15:00,prosumer_s1_1,0.0,-43.94212,216.93959262630761,0.0
2012-04-15 05:15:00,prosumer_s1_2,0,0,0.0,0.0
2012-04-15 05:15:00,prosumer_s1_3,0.0,0.0,123.64948096523608,0.0
2012-04-15 05:15:00,prosumer_s1_4,0.0,0.0,0.0,2.6171484564261602
2012-04-15 05:15:00,prosumer_s1_5,0.0,-50.263486750000006,248.48141919738566,0.0
2012-04-15 05:30:00,prosumer_s1_0,-0.0,0.0,0.0,2.6171484564261602
2012-04-15 05:30:00,prosumer_s1_1,0.0,-20.71366,221.48071254429072,0.0
2012-04-15 05:30:00,prosumer_s1_2,0,0,0.0,0.0
2012-04-15 05:30:00,prosumer_s1_3,0.0,0.0,123.64948096523608,0.0
2012-04-15 05:30:00,prosumer_s1_4,0.0,0.0,0.0,2.6171484564261602
2012-04-15 05:30:00,prosumer_s1_5,0.0,-44.83253475,258.31019482307875,0.0
2012-04-15 05:45:00,prosumer_s1_0,-0.0,0.0,0.0,2.6171484564261602
2012-04-15 05:45:00,prosumer_s1_1,0.0,-56.650393,233.96050157182157,0.0
2012-04-15 05:45:00,prosumer_s1_2,0,0,0.0,0.0
2012-04-15 05:45:00,prosumer_s1_3,0.0,-4.83273,124.7141064273581,0.0
2012-04-15 05:45:00,prosumer_s1_4,-0.0,0.0,0.0,2.6171484564261602
2012-04-15 05:45:00,prosumer_s1_5,0.0,-56.650393,270.7899838506096,0.0
2012-04-15 06:00:00,prosumer_s1_0,0.0,0.0,0.0,2.6171484564261602
2012-04-15 06:00:00,prosumer_s1_1,0.0,-58.4286395,247.24764288866928,0.0
2012-04-15 06:00:00,prosumer_s1_2,0,0,0.0,0.0
2012-04-15 06:00:00,prosumer_s1_3,0.0,-32.34884,132.07049213468056,0.0
2012-04-15 06:00:00,prosumer_s1_4,0.0,0.0,0.0,2.6171484564261602
2012-04-15 06:00:00,prosumer_s1_5,0.0,-58.4286395,284.0771251674573,0.0
2012-04-15 06:15:00,prosumer_s1_0,0.0,0.0,0.0,2.6171484564261602
2012-04-15 06:15:00,prosumer_s1_1,0.0,-40.89881,256.2623035008723,0.0
2012-04-15 06:15:00,prosumer_s1_2,0,0,0.0,0.0
2012-04-15 06:15:00,prosumer_s1_3,0.0,-0.0,132.07049213468056,0.0
2012-04-15 06:15:00,prosumer_s1_4,0.0,0.0,0.0,2.6171484564261602
2012-04-15 06:15:00,prosumer_s1_5,0.0,-40.933919050417884,293.09952429757647,0.0
2012-04-15 06:30:00,prosumer_s1_0,0.0,-0.7682884085608706,0.15399214784505819,2.6171484564261602
2012-04-15 06:30:00,prosumer_s1_1,0.0,-47.477012504230174,265.77837461079304,0.0
2012-04-15 06:30:00,prosumer_s1_2,0,0,0.0,0.0
2012-04-15 06:30:00,prosumer_s1_3,0.0,-47.477012504230174,141.5865632446013,0.0
2012-04-15 06:30:00,prosumer_s1_4,0.0,-0.7682884085608706,0.15399214784505819,2.6171484564261602
2012-04-15 06:30:00,prosumer_s1_5,0.0,-47.477012504230174,302.6155954074972,0.0
2012-04-15 06:45:00,prosumer_s1_0,0.0,-47.869293370707965,9.078641537932599,2.6171484564261602
2012-04-15 06:45:00,prosumer_s1_1,0.0,-86.48002745671903,281.9015272614783,0.0
2012-04-15 06:45:00,prosumer_s1_2,0,0,0.0,0.0
2012-04-15 06:45:00,prosumer_s1_3,0.0,-86.48002745671903,157.7097158952866,0.0
2012-04-15 06:45:00,prosumer_s1_4,0.0,-47.869293370707965,9.078641537932599,2.6171484564261602
2012-04-15 06:45:00,prosumer_s1_5,0.0,-86.48002745671903,318.73874805818247,0.0
2012-04-15 07:00:00,prosumer_s1_0,0.0,-137.30595481701224,39.10142690468039,2.6171484564261602
2012-04-15 07:00:00,prosumer_s1_1,0.0,-167.01335810255787,318.4200177404624,0.0
2012-04-15 07:00:00,prosumer_s1_2,0,0,0.0,0.0
2012-04-15 07:00:00,prosumer_s1_3,0.0,-167.01335810255787,194.2282063742707,0.0
2012-04-15 07:00:00,prosumer_s1_4,0.0,-137.30595481701224,39.10142690468039,2.6171484564261602
2012-04-15 07:00:00,prosumer_s1_5,0.0,-167.01335810255787,355.2572385371666,0.0
2012-04-15 07:15:00,prosumer_s1_0,0.0,-6.598973324221063,40.305490984274456,2.6171484564261602
2012-04-15 07:15:00,prosumer_s1_1,0.0,-29.214531933597108,323.75056944526875,0.0
2012-04-15 07:15:00,prosumer_s1_2,0,0,0.0,0.0
2012-04-15 07:15:00,prosumer_s1_3,0.0,-29.214531933597108,199.55875807907705,0.0
2012-04-15 07:15:00,prosumer_s1_4,0.0,-6.598973324221063,40.305490984274456,2.6171484564261602
2012-04-15 07:15:00,prosumer_s1_5,0.0,-29.214531933597108,360.5877902419729,0.0
2012-04-15 07:30:00,prosumer_s1_0,13.89167,0.0,40.305490984274456,3.7398287718760383
2012-04-15 07:30:00,prosumer_s1_1,0.0,0.0,323.75056944526875,0.0
2012-04-15 07:30:00,prosumer_s1_2,0,0,0.0,0.0
2012-04-15 07:30:00,prosumer_s1_3,0.0,0.0,199.55875807907705,0.0
2012-04-15 07:30:00,prosumer_s1_4,1e-05,0.0,40.305490984274456,2.61714926459416
2012-04-15 07:30:00,prosumer_s1_5,0.0,-0.0,360.5877902419729,0.0
2012-04-15 07:45:00,prosumer_s1_0,30.26584658413846,0.0,40.305490984274456,5.649825866337211
2012-04-15 07:45:00,prosumer_s1_1,9.862747102429964,0.0,323.75056944526875,0.6224117424463186
2012-04-15 07:45:00,prosumer_s1_2,0,0,0.0,0.0
2012-04-15 07:45:00,prosumer_s1_3,9.862747102429964,0.0,199.55875807907705,0.6224117424463186
2012-04-15 07:45:00,prosumer_s1_4,30.26584658413846,0.0,40.305490984274456,4.527146359055332
2012-04-15 07:45:00,prosumer_s1_5,9.862747102429964,0.0,360.5877902419729,0.6224117424463186
2012-04-15 08:00:00,prosumer_s1_0,0.0,-28.704184501195755,44.05123178847272,5.649825866337211
2012-04-15 08:00:00,prosumer_s1_1,0.0,-54.481063606524614,330.86005353455124,0.6224117424463186
2012-04-15 08:00:00,prosumer_s1_2,0,0,0.0,0.0
2012-04-15 08:00:00,prosumer_s1_3,0.0,-54.481063606524614,206.66824216835954,0.6224117424463186
2012-04-15 08:00:00,prosumer_s1_4,0.0,-28.704184501195755,44.05123178847272,4.527146359055332
2012-04-15 08:00:00,prosumer_s1_5,0.0,-54.481063606524614,367.6972743312554,0.6224117424463186
2012-04-15 08:15:00,prosumer_s1_0,79.6143066905701,0.0,44.05123178847272,9.733524743016956
2012-04-15 08:15:00,prosumer_s1_1,55.23834702978925,0.0,330.86005353455124,3.4557815862851355
2012-04-15 08:15:00,prosumer_s1_2,0,0,0.0,0.0
2012-04-15 08:15:00,prosumer_s1_3,55.23834702978925,0.0,206.66824216835954,3.4557815862851355
2012-04-15 08:15:00,prosumer_s1_4,79.6143066905701,0.0,44.05123178847272,8.610845235735077
2012-04-15 08:15:00,prosumer_s1_5,55.23834702978925,0.0,367.6972743312554,3.4557815862851355
2012-04-15 08:30:00,prosumer_s1_0,68.32698337975404,0.0,44.05123178847272,11.965384187155838
2012-04-15 08:30:00,prosumer_s1_1,48.22764710352057,0.0,330.86005353455124,5.031108409340573
2012-04-15 08:30:00,prosumer_s1_2,0,0,0.0,0.0
2012-04-15 08:30:00,prosumer_s1_3,48.22764710352057,0.0,206.66824216835954,5.031108409340573
2012-04-15 08:30:00,prosumer_s1_4,68.32698337975404,0.0,44.05123178847272,10.84270467987396
2012-04-15 08:30:00,prosumer_s1_5,48.22764710352057,0.0,367.6972743312554,5.031108409340573
2012-04-15 08:45:00,prosumer_s1_0,66.55057555707613,0.0,44.05123178847272,13.629148576082741
2012-04-15 08:45:00,prosumer_s1_1,42.77120349267486,0.0,330.86005353455124,6.100388496657445
2012-04-15 08:45:00,prosumer_s1_2,0,0,0.0,0.0
2012-04-15 08:45:00,prosumer_s1_3,42.77120349267486,0.0,206.66824216835954,6.100388496657445
2012-04-15 08:45:00,prosumer_s1_4,66.55057555707613,0.0,44.05123178847272,12.506469068800863
2012-04-15 08:45:00,prosumer_s1_5,42.77120349267486,0.0,367.6972743312554,6.100388496657445
2012-04-15 09:00:00,prosumer_s1_0,0.0,-7.477249093538504,44.45028788251638,13.629148576082741
2012-04-15 09:00:00,prosumer_s1_1,0.0,-28.497025833697705,332.38092192863536,6.100388496657445
2012-04-15 09:00:00,prosumer_s1_2,0,0,0.0,0.0
2012-04-15 09:00:00,prosumer_s1_3,0.0,-28.497025833697705,208.18911056244363,6.100388496657445
2012-04-15 09:00:00,prosumer_s1_4,0.0,-7.477249093538504,44.45028788251638,12.506469068800863
2012-04-15 09:00:00,prosumer_s1_5,0.0,-28.497025833697705,369.21814272533953,6.100388496657445
2012-04-15 09:15:00,prosumer_s1_0,54.57470682758187,0.0,44.45028788251638,14.993516246772288
2012-04-15 09:15:00,prosumer_s1_1,32.52653687460525,0.0,332.38092192863536,6.913551918522576
2012-04-15 09:15:00,prosumer_s1_2,0,0,0.0,0.0
2012-04-15 09:15:00,prosumer_s1_3,32.52653687460525,0.0,208.18911056244363,6.913551918522576
2012-04-15 09:15:00,prosumer_s1_4,54.57470682758187,0.0,44.45028788251638,13.870836739490409
2012-04-15 09:15:00,prosumer_s1_5,32.52653687460525,0.0,369.21814272533953,6.913551918522576
2012-04-15 09:30:00,prosumer_s1_0,146.80323059193958,0.0,44.45028788251638,18.66359701157078
2012-04-15 09:30:00,prosumer_s1_1,132.7067159165802,0.0,332.38092192863536,10.231219816437083
2012-04-15 09:30:00,prosumer_s1_2,0,0,0.0,0.0
2012-04-15 09:30:00,prosumer_s1_3,132.7067159165802,0.0,208.18911056244363,10.231219816437083
2012-04-15 09:30:00,prosumer_s1_4,146.80323059193958,0.0,44.45028788251638,17.5409175042889
2012-04-15 09:30:00,prosumer_s1_5,132.7067159165802,0.0,369.21814272533953,10.231219816437083
2012-04-15 09:45:00,prosumer_s1_0,132.2770074458181,0.0,44.45028788251638,22.11160859574904
2012-04-15 09:45:00,prosumer_s1_1,105.4149256332785,0.0,332.38092192863536,12.979028311255925
2012-04-15 09:45:00,prosumer_s1_2,0,0,0.0,0.0
2012-04-15 09:45:00,prosumer_s1_3,105.4149256332785,0.0,208.18911056244363,12.979028311255925
2012-04-15 09:45:00,prosumer_s1_4,132.2770074458181,0.0,44.45028788251638,20.98892908846716
2012-04-15 09:45:00,prosumer_s1_5,105.4149256332785,0.0,369.21814272533953,12.979028311255925
2012-04-15 10:00:00,prosumer_s1_0,121.29685452740632,0.0,44.45028788251638,25.224863610360302
2012-04-15 10:00:00,prosumer_s1_1,100.3548327393866,0.0,332.38092192863536,15.554776771375954
2012-04-15 10:00:00,prosumer_s1_2,0,0,0.0,0.0
2012-04-15 10:00:00,prosumer_s1_3,100.3548327393866,0.0,208.18911056244363,15.554776771375954
2012-04-15 10:00:00,prosumer_s1_4,121.29685452740632,0.0,44.45028788251638,24.10218410307842
2012-04-15 10:00:00,prosumer_s1_5,100.3548327393866,0.0,369.21814272533953,15.554776771375954
2012-04-15 10:15:00,prosumer_s1_0,88.8022018346697,0.0,44.45028788251638,27.908457032972926
2012-04-15 10:15:00,prosumer_s1_1,75.69556319881264,0.0,332.38092192863536,17.842288919999103
2012-04-15 10:15:00,prosumer_s1_2,0,0,0.0,0.0
2012-04-15 10:15:00,prosumer_s1_3,75.69556319881264,0.0,208.18911056244363,17.842288919999103
2012-04-15 10:15:00,prosumer_s1_4,88.8022018346697,0.0,44.45028788251638,26.785777525691046
2012-04-15 10:15:00,prosumer_s1_5,75.69556319881264,0.0,369.21814272533953,17.842288919999103
2012-04-15 10:30:00,prosumer_s1_0,94.34924315533354,0.0,44.45028788251638,31.891640138214953
2012-04-15 10:30:00,prosumer_s1_1,86.14311750640132,0.0,332.38092192863536,21.47903044339923
2012-04-15 10:30:00,prosumer_s1_2,0,0,0.0,0.0
2012-04-15 10:30:00,prosumer_s1_3,86.14311750640132,0.0,208.18911056244363,21.47903044339923
2012-04-15 10:30:00,prosumer_s1_4,94.34924315533354,0.0,44.45028788251638,30.768960630933073
2012-04-15 10:30:00,prosumer_s1_5,86.14311750640132,0.0,369.21814272533953,21.47903044339923
2012-04-15 10:45:00,prosumer_s1_0,114.21895408297448,0.0,44.45028788251638,36.28726872812797
2012-04-15 10:45:00,prosumer_s1_1,108.5607564998852,0.0,332.38092192863536,25.65690765164983
2012-04-15 10:45:00,prosumer_s1_2,0,0,0.0,0.0
2012-04-15 10:45:00,prosumer_s1_3,108.5607564998852,0.0,208.18911056244363,25.65690765164983
2012-04-15 10:45:00,prosumer_s1_4,114.21895408297448,0.0,44.45028788251638,35.164589220846096
2012-04-15 10:45:00,prosumer_s1_5,108.5607564998852,0.0,369.21814272533953,25.65690765164983
2012-04-15 11:00:00,prosumer_s1_0,138.89687933977189,0.0,44.45028788251638,41.81916429588408
2012-04-15 11:00:00,prosumer_s1_1,131.45578332929432,0.0,332.38092192863536,30.892444033834074
2012-04-15 11:00:00,prosumer_s1_2,0,0,0.0,0.0
2012-04-15 11:00:00,prosumer_s1_3,131.45578332929432,0.0,208.18911056244363,30.892444033834074
2012-04-15 11:00:00,prosumer_s1_4,138.89687933977189,0.0,44.45028788251638,40.696484788602206
2012-04-15 11:00:00,prosumer_s1_5,131.45578332929432,0.0,369.21814272533953,30.892444033834074
2012-04-15 11:15:00,prosumer_s1_0,175.43047531101752,0.0,44.45028788251638,48.62646475408704
2012-04-15 11:15:00,prosumer_s1_1,163.5345713222389,0.0,332.38092192863536,37.23814286592284
2012-04-15 11:15:00,prosumer_s1_2,0,0,0.0,0.0
2012-04-15 11:15:00,prosumer_s1_3,163.5345713222389,0.0,208.18911056244363,37.23814286592284
2012-04-15 11:15:00,prosumer_s1_4,175.43047531101752,0.0,44.45028788251638,47.503785246805165
2012-04-15 11:15:00,prosumer_s1_5,163.5345713222389,0.0,369.21814272533953,37.23814286592284
2012-04-15 11:30:00,prosumer_s1_0,155.919834178434,0.0,44.45028788251638,57.13163763809364
2012-04-15 11:30:00,prosumer_s1_1,147.0302022393937,0.0,332.38092192863536,45.25840081325629
2012-04-15 11:30:00,prosumer_s1_2,0,0,0.0,0.0
2012-04-15 11:30:00,prosumer_s1_3,147.0302022393937,0.0,208.18911056244363,45.25840081325629
2012-04-15 11:30:00,prosumer_s1_4,155.919834178434,0.0,44.45028788251638,56.00895813081177
2012-04-15 11:30:00,prosumer_s1_5,147.0302022393937,0.0,369.21814272533953,45.25840081325629
2012-04-15 11:45:00,prosumer_s1_0,226.89470226393385,0.0,44.45028788251638,70.79459003109261
2012-04-15 11:45:00,prosumer_s1_1,208.26903530271736,0.0,332.38092192863536,57.79976861904471
2012-04-15 11:45:00,prosumer_s1_2,0,0,0.0,0.0
2012-04-15 11:45:00,prosumer_s1_3,208.26903530271736,0.0,208.18911056244363,57.79976861904471
2012-04-15 11:45:00,prosumer_s1_4,226.89470226393385,0.0,44.45028788251638,69.67191052381074
2012-04-15 11:45:00,prosumer_s1_5,208.26903530271736,0.0,369.21814272533953,57.79976861904471
2012-04-15 12:00:00,prosumer_s1_0,22.632365989722015,0.0,44.45028788251638,72.00832181366101
2012-04-15 12:00:00,prosumer_s1_1,7.684199229792625,0.0,332.38092192863536,58.211857961936325
2012-04-15 12:00:00,prosumer_s1_2,0,0,0.0,0.0
2012-04-15 12:00:00,prosumer_s1_3,7.684199229792625,0.0,208.18911056244363,58.211857961936325
2012-04-15 12:00:00,prosumer_s1_4,22.632365989722015,0.0,44.45028788251638,70.88564230637914
2012-04-15 12:00:00,prosumer_s1_5,7.684199229792625,0.0,369.21814272533953,58.211857961936325
2012-04-15 12:15:00,prosumer_s1_0,0.0,-70.80983543361171,54.54920685639642,72.00832181366101
2012-04-15 12:15:00,prosumer_s1_1,0.0,-82.97405808416681,344.2147058146556,58.211857961936325
2012-04-15 12:15:00,prosumer_s1_2,0,0,0.0,0.0
2012-04-15 12:15:00,prosumer_s1_3,0.0,-82.97405808416681,220.02289444846383,58.211857961936325
2012-04-15 12:15:00,prosumer_s1_4,0.0,-70.80983543361171,54.54920685639642,70.88564230637914
2012-04-15 12:15:00,prosumer_s1_5,0.0,-82.97405808416681,381.05192661135976,58.211857961936325
2012-04-15 12:30:00,prosumer_s1_0,0.0,0.0,54.54920685639642,72.00832181366101
2012-04-15 12:30:00,prosumer_s1_1,0.0,-12.0862774459938,345.64249585949557,58.211857961936325
2012-04-15 12:30:00,prosumer_s1_2,0,0,0.0,0.0
2012-04-15 12:30:00,prosumer_s1_3,0.0,-3.81221,220.47324283001979,58.211857961936325
2012-04-15 12:30:00,prosumer_s1_4,0.0,0.0,54.54920685639642,70.88564230637914
2012-04-15 12:30:00,prosumer_s1_5,0.0,-12.0862774459938,382.47971665619974,58.211857961936325
2012-04-15 12:45:00,prosumer_s1_0,0.0,-73.10611457169426,62.66103560251042,72.00832181366101
2012-04-15 12:45:00,prosumer_s1_1,0.0,-91.7317815329107,355.82102205707065,58.211857961936325
2012-04-15 12:45:00,prosumer_s1_2,0,0,0.0,0.0
2012-04-15 12:45:00,prosumer_s1_3,0.0,-91.7317815329107,230.65176902759484,58.211857961936325
2012-04-15 12:45:00,prosumer_s1_4,0.0,-73.10611457169426,62.66103560251042,70.88564230637914
2012-04-15 12:45:00,prosumer_s1_5,0.0,-91.7317815329107,392.6582428537748,58.211857961936325
2012-04-15 13:00:00,prosumer_s1_0,0.0,-77.57278934903275,68.98792875510554,72.00832181366101
2012-04-15 13:00:00,prosumer_s1_1,0.0,-92.95935246352052,363.40285449479336,58.211857961936325
2012-04-15 13:00:00,prosumer_s1_2,0,0,0.0,0.0
2012-04-15 13:00:00,prosumer_s1_3,0.0,-92.95935246352052,238.23360146531752,58.211857961936325
2012-04-15 13:00:00,prosumer_s1_4,0.0,-77.57278934903275,68.98792875510554,70.88564230637914
2012-04-15 13:00:00,prosumer_s1_5,0.0,-92.95935246352052,400.24007529149753,58.211857961936325
2012-04-15 13:15:00,prosumer_s1_0,0.0,-199.90050518604951,85.61971461848532,72.00832181366101
2012-04-15 13:15:00,prosumer_s1_1,0.0,-214.41868293256172,381.2425573826036,58.211857961936325
2012-04-15 13:15:00,prosumer_s1_2,0,0,0.0,0.0
2012-04-15 13:15:00,prosumer_s1_3,0.0,-214.41868293256172,256.07330435312775,58.211857961936325
2012-04-15 13:15:00,prosumer_s1_4,0.0,-199.90050518604951,85.61971461848532,70.88564230637914
2012-04-15 13:15:00,prosumer_s1_5,0.0,-214.41868293256172,418.07977817930777,58.211857961936325
2012-04-15 13:30:00,prosumer_s1_0,0.0,-21.193585323449156,86.67939388465777,72.00832181366101
2012-04-15 13:30:00,prosumer_s1_1,0.0,-38.693581599763746,383.1772364625918,58.211857961936325
2012-04-15 13:30:00,prosumer_s1_2,0,0,0.0,0.0
2012-04-15 13:30:00,prosumer_s1_3,0.0,-38.693581599763746,258.00798343311595,58.211857961936325
2012-04-15 13:30:00,prosumer_s1_4,0.0,-21.193585323449156,86.67939388465777,70.88564230637914
2012-04-15 13:30:00,prosumer_s1_5,0.0,-38.693581599763746,420.01445725929597,58.211857961936325
2012-04-15 13:45:00,prosumer_s1_0,0.0,-105.47633423483728,94.28517101703267,72.00832181366101
2012-04-15 13:45:00,prosumer_s1_1,0.0,-124.97721900697825,392.1891999640417,58.211857961936325
2012-04-15 13:45:00,prosumer_s1_2,0,0,0.0,0.0
2012-04-15 13:45:00,prosumer_s1_3,0.0,-124.97721900697825,267.01994693456584,58.211857961936325
2012-04-15 13:45:00,prosumer_s1_4,0.0,-105.47633423483728,94.28517101703267,70.88564230637914
2012-04-15 13:45:00,prosumer_s1_5,0.0,-124.97721900697825,429.02642076074585,58.211857961936325
2012-04-15 14:00:00,prosumer_s1_0,25.09651426387944,0.0,94.28517101703267,72.6408020992117
2012-04-15 14:00:00,prosumer_s1_1,8.543471544952837,0.0,392.1891999640417,58.42716982817916
2012-04-15 14:00:00,prosumer_s1_2,0,0,0.0,0.0
2012-04-15 14:00:00,prosumer_s1_3,8.543471544952837,0.0,267.01994693456584,58.42716982817916
2012-04-15 14:00:00,prosumer_s1_4,25.09651426387944,0.0,94.28517101703267,71.51812259192982
2012-04-15 14:00:00,prosumer_s1_5,8.543471544952837,0.0,429.02642076074585,58.42716982817916
2012-04-15 14:15:00,prosumer_s1_0,131.249482346937,0.0,94.28517101703267,78.4031618432656
2012-04-15 14:15:00,prosumer_s1_1,109.99528645258336,0.0,392.1891999640417,63.25638819427229
2012-04-15 14:15:00,prosumer_s1_2,0,0,0.0,0.0
2012-04-15 14:15:00,prosumer_s1_3,109.99528645258336,0.0,267.01994693456584,63.25638819427229
2012-04-15 14:15:00,prosumer_s1_4,131.249482346937,0.0,94.28517101703267,77.28048233598372
2012-04-15 14:15:00,prosumer_s1_5,109.99528645258336,0.0,429.02642076074585,63.25638819427229
2012-04-15 14:30:00,prosumer_s1_0,58.2599798279864,0.0,94.28517101703267,81.03158449677588
2012-04-15 14:30:00,prosumer_s1_1,43.2497016510938,0.0,392.1891999640417,65.20761605107784
2012-04-15 14:30:00,prosumer_s1_2,0,0,0.0,0.0
2012-04-15 14:30:00,prosumer_s1_3,43.2497016510938,0.0,267.01994693456584,65.20761605107784
2012-04-15 14:30:00,prosumer_s1_4,58.2599798279864,0.0,94.28517101703267,79.908904989494
2012-04-15 14:30:00,prosumer_s1_5,43.2497016510938,0.0,429.02642076074585,65.20761605107784
2012-04-15 14:45:00,prosumer_s1_0,83.3606440832161,0.0,94.28517101703267,85.0076313215415
2012-04-15 14:45:00,prosumer_s1_1,68.78155098487045,0.0,392.1891999640417,68.48828488951487
2012-04-15 14:45:00,prosumer_s1_2,0,0,0.0,0.0
2012-04-15 14:45:00,prosumer_s1_3,68.78155098487045,0.0,267.01994693456584,68.48828488951487
2012-04-15 14:45:00,prosumer_s1_4,83.3606440832161,0.0,94.28517101703267,83.88495181425962
2012-04-15 14:45:00,prosumer_s1_5,68.78155098487045,0.0,429.02642076074585,68.48828488951487
2012-04-15 15:00:00,prosumer_s1_0,60.61420623063584,0.0,94.28517101703267,86.97990216437314
2012-04-15 15:00:00,prosumer_s1_1,46.75493502900533,0.0,392.1891999640417,70.0096014397197
2012-04-15 15:00:00,prosumer_s1_2,0,0,0.0,0.0
2012-04-15 15:00:00,prosumer_s1_3,46.75493502900533,0.0,267.01994693456584,70.0096014397197
2012-04-15 15:00:00,prosumer_s1_4,60.61420623063584,0.0,94.28517101703267,85.85722265709127
2012-04-15 15:00:00,prosumer_s1_5,46.75493502900533,0.0,429.02642076074585,70.0096014397197
2012-04-15 15:15:00,prosumer_s1_0,74.13589127345053,0.0,94.28517101703267,88.84228659204011
2012-04-15 15:15:00,prosumer_s1_1,58.04323755665571,0.0,392.1891999640417,71.4677186876552
2012-04-15 15:15:00,prosumer_s1_2,0,0,0.0,0.0
2012-04-15 15:15:00,prosumer_s1_3,58.04323755665571,0.0,267.01994693456584,71.4677186876552
2012-04-15 15:15:00,prosumer_s1_4,74.13589127345053,0.0,94.28517101703267,87.71960708475824
2012-04-15 15:15:00,prosumer_s1_5,58.04323755665571,0.0,429.02642076074585,71.4677186876552
2012-04-15 15:30:00,prosumer_s1_0,0.0,-46.70037064985965,97.03007175265206,88.84228659204011
2012-04-15 15:30:00,prosumer_s1_1,0.0,-64.89842439276967,396.0037249962277,71.4677186876552
2012-04-15 15:30:00,prosumer_s1_2,0,0,0.0,0.0
2012-04-15 15:30:00,prosumer_s1_3,0.0,-64.89842439276967,270.83447196675183,71.4677186876552
2012-04-15 15:30:00,prosumer_s1_4,0.0,-46.70037064985965,97.03007175265206,87.71960708475824
2012-04-15 15:30:00,prosumer_s1_5,0.0,-64.89842439276967,432.84094579293185,71.4677186876552
2012-04-15 15:45:00,prosumer_s1_0,0.0,-168.67529355408104,108.6243404492195,88.84228659204011
2012-04-15 15:45:00,prosumer_s1_1,0.0,-187.6623800324419,408.9031130007659,71.4677186876552
2012-04-15 15:45:00,prosumer_s1_2,0,0,0.0,0.0
2012-04-15 15:45:00,prosumer_s1_3,0.0,-187.6623800324419,283.7338599712901,71.4677186876552
2012-04-15 15:45:00,prosumer_s1_4,0.0,-168.67529355408104,108.6243404492195,87.71960708475824
2012-04-15 15:45:00,prosumer_s1_5,0.0,-187.6623800324419,445.7403337974701,71.4677186876552
2012-04-15 16:00:00,prosumer_s1_0,0.0,-71.94541279073786,115.16491881508432,88.84228659204011
2012-04-15 16:00:00,prosumer_s1_1,0.0,-96.14991263903124,417.64412947551745,71.4677186876552
2012-04-15 16:00:00,prosumer_s1_2,0,0,0.0,0.0
2012-04-15 16:00:00,prosumer_s1_3,0.0,-96.14991263903124,292.4748764460416,71.4677186876552
2012-04-15 16:00:00,prosumer_s1_4,0.0,-71.94541279073786,115.16491881508432,87.71960708475824
2012-04-15 16:00:00,prosumer_s1_5,0.0,-96.14991263903124,454.4813502722216,71.4677186876552
2012-04-15 16:15:00,prosumer_s1_0,0.0,-181.89240972732284,127.29533172490794,88.84228659204011
2012-04-15 16:15:00,prosumer_s1_1,0.0,-210.05855525976247,431.6529438859802,71.4677186876552
2012-04-15 16:15:00,prosumer_s1_2,0,0,0.0,0.0
2012-04-15 16:15:00,prosumer_s1_3,0.0,-210.05855525976247,306.4836908565044,71.4677186876552
2012-04-15 16:15:00,prosumer_s1_4,0.0,-181.89240972732284,127.29533172490794,87.71960708475824
2012-04-15 16:15:00,prosumer_s1_5,0.0,-210.05855525976247,468.4901646826844,71.4677186876552
2012-04-15 16:30:00,prosumer_s1_0,0.0,-148.8292313829142,135.10191103130896,88.84228659204011
2012-04-15 16:30:00,prosumer_s1_1,0.0,-174.60611048824308,440.81160469638047,71.4677186876552
2012-04-15 16:30:00,prosumer_s1_2,0,0,0.0,0.0
2012-04-15 16:30:00,prosumer_s1_3,0.0,-174.60611048824308,315.64235166690463,71.4677186876552
2012-04-15 16:30:00,prosumer_s1_4,0.0,-148.8292313829142,135.10191103130896,87.71960708475824
2012-04-15 16:30:00,prosumer_s1_5,0.0,-174.60611048824308,477.64882549308464,71.4677186876552
2012-04-15 16:45:00,prosumer_s1_0,0.0,-39.485956975695984,137.07620888009376,88.84228659204011
2012-04-15 16:45:00,prosumer_s1_1,0.0,-63.34995306072496,443.97910234941673,71.4677186876552
2012-04-15 16:45:00,prosumer_s1_2,0,0,0.0,0.0
2012-04-15 16:45:00,prosumer_s1_3,0.0,-63.34995306072496,318.8098493199409,71.4677186876552
2012-04-15 16:45:00,prosumer_s1_4,0.0,-39.485956975695984,137.07620888009376,87.71960708475824
2012-04-15 16:45:00,prosumer_s1_5,0.0,-63.34995306072496,480.8163231461209,71.4677186876552
2012-04-15 17:00:00,prosumer_s1_0,0.0,-77.27004456274187,141.85255429325485,88.84228659204011
2012-04-15 17:00:00,prosumer_s1_1,0.0,-95.89571152395833,449.90676868468546,71.4677186876552
2012-04-15 17:00:00,prosumer_s1_2,0,0,0.0,0.0
2012-04-15 17:00:00,prosumer_s1_3,0.0,-95.89571152395833,324.7375156552096,71.4677186876552
2012-04-15 17:00:00,prosumer_s1_4,0.0,-77.27004456274187,141.85255429325485,87.71960708475824
2012-04-15 17:00:00,prosumer_s1_5,0.0,-95.89571152395833,486.74398948138963,71.4677186876552
2012-04-15 17:15:00,prosumer_s1_0,0.0,-64.98287232309607,145.10169790940967,88.84228659204011
2012-04-15 17:15:00,prosumer_s1_1,0.0,-82.2087222447677,454.01720479692386,71.4677186876552
2012-04-15 17:15:00,prosumer_s1_2,0,0,0.0,0.0
2012-04-15 17:15:00,prosumer_s1_3,0.0,-82.2087222447677,328.847951767448,71.4677186876552
2012-04-15 17:15:00,prosumer_s1_4,0.0,-64.98287232309607,145.10169790940967,87.71960708475824
2012-04-15 17:15:00,prosumer_s1_5,0.0,-82.2087222447677,490.85442559362804,71.4677186876552
2012-04-15 17:30:00,prosumer_s1_0,0.0,-65.80851648312307,150.54102727270921,88.84228659204011
2012-04-15 17:30:00,prosumer_s1_1,0.0,-85.16166791015908,461.05614725675105,71.4677186876552
2012-04-15 17:30:00,prosumer_s1_2,0,0,0.0,0.0
2012-04-15 17:30:00,prosumer_s1_3,0.0,-85.16166791015908,335.8868942272752,71.4677186876552
2012-04-15 17:30:00,prosumer_s1_4,0.0,-65.80851648312307,150.54102727270921,87.71960708475824
2012-04-15 17:30:00,prosumer_s1_5,0.0,-85.16166791015908,497.8933680534552,71.4677186876552
2012-04-15 17:45:00,prosumer_s1_0,0.0,-93.00034912488653,161.37792734409493,88.84228659204011
2012-04-15 17:45:00,prosumer_s1_1,0.0,-113.4798646302698,474.2794304453034,71.4677186876552
2012-04-15 17:45:00,prosumer_s1_2,0,0,0.0,0.0
2012-04-15 17:45:00,prosumer_s1_3,0.0,-113.4798646302698,349.11017741582754,71.4677186876552
2012-04-15 17:45:00,prosumer_s1_4,0.0,-93.00034912488653,161.37792734409493,87.71960708475824
2012-04-15 17:45:00,prosumer_s1_5,0.0,-113.4798646302698,511.11665124200755,71.4677186876552
2012-04-15 18:00:00,prosumer_s1_0,0.0,-62.55644293991068,166.3955474216491,88.84228659204011
2012-04-15 18:00:00,prosumer_s1_1,0.0,-88.0666667999676,481.3432124433183,71.4677186876552
2012-04-15 18:00:00,prosumer_s1_2,0,0,0.0,0.0
2012-04-15 18:00:00,prosumer_s1_3,0.0,-88.0666667999676,356.17395941384245,71.4677186876552
2012-04-15 18:00:00,prosumer_s1_4,0.0,-62.55644293991068,166.3955474216491,87.71960708475824
2012-04-15 18:00:00,prosumer_s1_5,0.0,-88.0666667999676,518.1804332400225,71.4677186876552
2012-04-15 18:15:00,prosumer_s1_0,0.0,-100.14702377641656,177.03297849643351,88.84228659204011
2012-04-15 18:15:00,prosumer_s1_1,0.0,-128.59799335300394,495.00265272486064,71.4677186876552
2012-04-15 18:15:00,prosumer_s1_2,0,0,0.0,0.0
2012-04-15 18:15:00,prosumer_s1_3,0.0,-128.59799335300394,369.8333996953848,71.4677186876552
2012-04-15 18:15:00,prosumer_s1_4,0.0,-100.14702377641656,177.03297849643351,87.71960708475824
2012-04-15 18:15:00,prosumer_s1_5,0.0,-128.59799335300394,531.8398735215648,71.4677186876552
2012-04-15 18:30:00,prosumer_s1_0,0.0,-160.7953579011047,192.05089933395726,88.84228659204011
2012-04-15 18:30:00,prosumer_s1_1,0.0,-183.24782417029684,512.1175828631459,71.4677186876552
2012-04-15 18:30:00,prosumer_s1_2,0,0,0.0,0.0
2012-04-15 18:30:00,prosumer_s1_3,0.0,-183.24782417029684,386.9483298336701,71.4677186876552
2012-04-15 18:30:00,prosumer_s1_4,0.0,-160.7953579011047,192.05089933395726,87.71960708475824
2012-04-15 18:30:00,prosumer_s1_5,0.0,-183.24782417029684,548.9548036598501,71.4677186876552
2012-04-15 18:45:00,prosumer_s1_0,0.0,-104.31036779581184,205.16117667668482,88.84228659204011
2012-04-15 18:45:00,prosumer_s1_1,0.0,-115.94192814085434,526.689776075547,71.4677186876552
2012-04-15 18:45:00,prosumer_s1_2,0,0,0.0,0.0
2012-04-15 18:45:00,prosumer_s1_3,0.0,-115.94192814085434,401.52052304607116,71.4677186876552
2012-04-15 18:45:00,prosumer_s1_4,0.0,-104.31036779581184,205.16117667668482,87.71960708475824
2012-04-15 18:45:00,prosumer_s1_5,0.0,-115.94192814085434,563.5269968722512,71.4677186876552
2012-04-15 19:00:00,prosumer_s1_0,0.0,-36.92427904533558,208.44841915636965,88.84228659204011
2012-04-15 19:00:00,prosumer_s1_1,0.0,-51.020793720694954,531.2319831220267,71.4677186876552
2012-04-15 19:00:00,prosumer_s1_2,0,0,0.0,0.0
2012-04-15 19:00:00,prosumer_s1_3,0.0,-51.020793720694954,406.06273009255085,71.4677186876552
2012-04-15 19:00:00,prosumer_s1_4,0.0,-36.92427904533558,208.44841915636965,87.71960708475824
2012-04-15 19:00:00,prosumer_s1_5,0.0,-51.020793720694954,568.0692039187309,71.4677186876552
2012-04-15 19:15:00,prosumer_s1_0,0.0,-54.87412959900419,214.9450577563313,88.84228659204011
2012-04-15 19:15:00,prosumer_s1_1,0.0,-60.499933,538.3946698542828,71.4677186876552
2012-04-15 19:15:00,prosumer_s1_2,0,0,0.0,0.0
2012-04-15 19:15:00,prosumer_s1_3,0.0,-60.499933,413.22541682480704,71.4677186876552
2012-04-15 19:15:00,prosumer_s1_4,0.0,-54.87412959900419,214.9450577563313,87.71960708475824
2012-04-15 19:15:00,prosumer_s1_5,0.0,-60.499933,575.231890650987,71.4677186876552
2012-04-15 19:30:00,prosumer_s1_0,0.0,-155.61568079429654,231.91914399833126,88.84228659204011
2012-04-15 19:30:00,prosumer_s1_1,0.0,-168.38434275,556.7615229956389,71.4677186876552
2012-04-15 19:30:00,prosumer_s1_2,0,0,0.0,0.0
2012-04-15 19:30:00,prosumer_s1_3,0.0,-168.38434275,431.5922699661631,71.4677186876552
2012-04-15 19:30:00,prosumer_s1_4,0.0,-155.61568079429654,231.91914399833126,87.71960708475824
2012-04-15 19:30:00,prosumer_s1_5,0.0,-168.38434275,593.598743792343,71.4677186876552
2012-04-15 19:45:00,prosumer_s1_0,0.0,-187.39542396954465,254.70513234412527,88.84228659204011
2012-04-15 19:45:00,prosumer_s1_1,0.0,-204.826613,581.6670234495078,71.4677186876552
2012-04-15 19:45:00,prosumer_s1_2,0,0,0.0,0.0
2012-04-15 19:45:00,prosumer_s1_3,0.0,-204.826613,456.49777042003205,71.4677186876552
2012-04-15 19:45:00,prosumer_s1_4,0.0,-187.39542396954465,254.70513234412527,87.71960708475824
2012-04-15 19:45:00,prosumer_s1_5,0.0,-204.826613,618.504244246212,71.4677186876552
2012-04-15 20:00:00,prosumer_s1_0,0.0,-166.69217468559873,272.63651637598457,88.84228659204011
2012-04-15 20:00:00,prosumer_s1_1,0.0,-190.47154675,602.156398300837,71.4677186876552
2012-04-15 20:00:00,prosumer_s1_2,0,0,0.0,0.0
2012-04-15 20:00:00,prosumer_s1_3,0.0,-190.47154675,476.98714527136127,71.4677186876552
2012-04-15 20:00:00,prosumer_s1_4,0.0,-166.69217468559873,272.63651637598457,87.71960708475824
2012-04-15 20:00:00,prosumer_s1_5,0.0,-190.47154675,638.9936190975412,71.4677186876552
2012-04-15 20:15:00,prosumer_s1_0,0.0,-138.62889973940182,283.7056255345844,88.84228659204011
2012-04-15 20:15:00,prosumer_s1_1,0.0,-158.65276925,614.8243544372823,71.4677186876552
2012-04-15 20:15:00,prosumer_s1_2,0,0,0.0,0.0
2012-04-15 20:15:00,prosumer_s1_3,0.0,-158.65276925,489.65510140780646,71.4677186876552
2012-04-15 20:15:00,prosumer_s1_4,0.0,-138.62889973940182,283.7056255345844,87.71960708475824
2012-04-15 20:15:00,prosumer_s1_5,0.0,-158.65276925,651.6615752339865,71.4677186876552
2012-04-15 20:30:00,prosumer_s1_0,0.0,-134.85766356075771,296.9282162455488,88.84228659204011
2012-04-15 20:30:00,prosumer_s1_1,0.0,-152.91464775,629.8174052400541,71.4677186876552
2012-04-15 20:30:00,prosumer_s1_2,0,0,0.0,0.0
2012-04-15 20:30:00,prosumer_s1_3,0.0,-152.91464775,504.64815221057825,71.4677186876552
2012-04-15 20:30:00,prosumer_s1_4,0.0,-134.85766356075771,296.9282162455488,87.71960708475824
2012-04-15 20:30:00,prosumer_s1_5,0.0,-152.91464775,666.6546260367583,71.4677186876552
2012-04-15 20:45:00,prosumer_s1_0,0.0,-145.39056403053806,312.24381212048877,88.84228659204011
2012-04-15 20:45:00,prosumer_s1_1,0.0,-163.1676,647.0056528966143,71.4677186876552
2012-04-15 20:45:00,prosumer_s1_2,0,0,0.0,0.0
2012-04-15 20:45:00,prosumer_s1_3,0.0,-163.1676,521.8363998671384,71.4677186876552
2012-04-15 20:45:00,prosumer_s1_4,0.0,-145.39056403053806,312.24381212048877,87.71960708475824
2012-04-15 20:45:00,prosumer_s1_5,0.0,-163.1676,683.8428736933184,71.4677186876552
2012-04-15 21:00:00,prosumer_s1_0,0.0,-136.47762533382968,324.22617496089794,88.84228659204011
2012-04-15 21:00:00,prosumer_s1_1,0.0,-160.08835,661.0609728915975,71.4677186876552
2012-04-15 21:00:00,prosumer_s1_2,0,0,0.0,0.0
2012-04-15 21:00:00,prosumer_s1_3,0.0,-160.08835,535.8917198621217,71.4677186876552
2012-04-15 21:00:00,prosumer_s1_4,0.0,-136.47762533382968,324.22617496089794,87.71960708475824
2012-04-15 21:00:00,prosumer_s1_5,0.0,-160.08835,697.8981936883017,71.4677186876552
2012-04-15 21:15:00,prosumer_s1_0,0.0,-123.07498657580798,332.56353069890724,88.84228659204011
2012-04-15 21:15:00,prosumer_s1_1,0.0,-148.49673575,671.1204508271757,71.4677186876552
2012-04-15 21:15:00,prosumer_s1_2,0,0,0.0,0.0
2012-04-15 21:15:00,prosumer_s1_3,0.0,-148.49673575,545.9511977976998,71.4677186876552
2012-04-15 21:15:00,prosumer_s1_4,0.0,-123.07498657580798,332.56353069890724,87.71960708475824
2012-04-15 21:15:00,prosumer_s1_5,0.0,-148.49673575,707.9576716238798,71.4677186876552
2012-04-15 21:30:00,prosumer_s1_0,0.0,-116.93911702163916,341.3544268437113,88.84228659204011
2012-04-15 21:30:00,prosumer_s1_1,0.0,-135.9262035,681.3387008769421,71.4677186876552
2012-04-15 21:30:00,prosumer_s1_2,0,0,0.0,0.0
2012-04-15 21:30:00,prosumer_s1_3,0.0,-135.9262035,556.1694478474662,71.4677186876552
2012-04-15 21:30:00,prosumer_s1_4,0.0,-116.93911702163916,341.3544268437113,87.71960708475824
2012-04-15 21:30:00,prosumer_s1_5,0.0,-135.9262035,718.1759216736461,71.4677186876552
2012-04-15 21:45:00,prosumer_s1_0,0.0,-61.198037497857584,344.41432871860417,88.84228659204011
2012-04-15 21:45:00,prosumer_s1_1,0.0,-74.134952,685.045448476942,71.4677186876552
2012-04-15 21:45:00,prosumer_s1_2,0,0,0.0,0.0
2012-04-15 21:45:00,prosumer_s1_3,0.0,-74.134952,559.8761954474662,71.4677186876552
2012-04-15 21:45:00,prosumer_s1_4,0.0,-61.198037497857584,344.41432871860417,87.71960708475824
2012-04-15 21:45:00,prosumer_s1_5,0.0,-74.134952,721.8826692736461,71.4677186876552
2012-04-15 22:00:00,prosumer_s1_0,0.0,-15.823306789118968,345.4326980348993,88.84228659204011
2012-04-15 22:00:00,prosumer_s1_1,0.0,-24.80095425,686.6416085691175,71.4677186876552
2012-04-15 22:00:00,prosumer_s1_2,0,0,0.0,0.0
2012-04-15 22:00:00,prosumer_s1_3,0.0,-24.80095425,561.4723555396416,71.4677186876552
2012-04-15 22:00:00,prosumer_s1_4,0.0,-15.823306789118968,345.4326980348993,87.71960708475824
2012-04-15 22:00:00,prosumer_s1_5,0.0,-24.80095425,723.4788293658215,71.4677186876552
2012-04-15 22:15:00,prosumer_s1_0,0.0,-15.735745157164748,346.65193493817213,88.84228659204011
2012-04-15 22:15:00,prosumer_s1_1,0.0,-24.19391875,688.5162016233494,71.4677186876552
2012-04-15 22:15:00,prosumer_s1_2,0,0,0.0,0.0
2012-04-15 22:15:00,prosumer_s1_3,0.0,-24.19391875,563.3469485938735,71.4677186876552
2012-04-15 22:15:00,prosumer_s1_4,0.0,-15.735745157164748,346.65193493817213,87.71960708475824
2012-04-15 22:15:00,prosumer_s1_5,0.0,-24.19391875,725.3534224200534,71.4677186876552
2012-04-15 22:30:00,prosumer_s1_0,0.0,-11.874558373281856,347.24566285683625,88.84228659204011
2012-04-15 22:30:00,prosumer_s1_1,0.0,-24.7552255,689.7539628983494,71.4677186876552
2012-04-15 22:30:00,prosumer_s1_2,0,0,0.0,0.0
2012-04-15 22:30:00,prosumer_s1_3,0.0,-24.7552255,564.5847098688736,71.4677186876552
2012-04-15 22:30:00,prosumer_s1_4,0.0,-11.874558373281856,347.24566285683625,87.71960708475824
2012-04-15 22:30:00,prosumer_s1_5,0.0,-24.7552255,726.5911836950535,71.4677186876552
2012-04-15 22:45:00,prosumer_s1_0,0.0,-26.136356787916014,348.55248069623207,88.84228659204011
2012-04-15 22:45:00,prosumer_s1_1,0.0,-42.099057,691.8589157483494,71.4677186876552
2012-04-15 22:45:00,prosumer_s1_2,0,0,0.0,0.0
2012-04-15 22:45:00,prosumer_s1_3,0.0,-42.099057,566.6896627188736,71.4677186876552
2012-04-15 22:45:00,prosumer_s1_4,0.0,-26.136356787916014,348.55248069623207,87.71960708475824
2012-04-15 22:45:00,prosumer_s1_5,0.0,-42.099057,728.6961365450535,71.4677186876552
2012-04-15 23:00:00,prosumer_s1_0,0.0,-50.82963161442695,352.82121172739954,88.84228659204011
2012-04-15 23:00:00,prosumer_s1_1,0.0,-64.45433625,697.2718651738098,71.4677186876552
2012-04-15 23:00:00,prosumer_s1_2,0,0,0.0,0.0
2012-04-15 23:00:00,prosumer_s1_3,0.0,-64.45433625,572.102612144334,71.4677186876552
2012-04-15 23:00:00,prosumer_s1_4,0.0,-50.82963161442695,352.82121172739954,87.71960708475824
2012-04-15 23:00:00,prosumer_s1_5,0.0,-64.45433625,734.1090859705139,71.4677186876552
2012-04-15 23:15:00,prosumer_s1_0,0.0,-50.59790374912035,355.89141582894706,88.84228659204011
2012-04-15 23:15:00,prosumer_s1_1,0.0,-59.7981275,700.9003249065621,71.4677186876552
2012-04-15 23:15:00,prosumer_s1_2,0,0,0.0,0.0
2012-04-15 23:15:00,prosumer_s1_3,0.0,-59.7981275,575.7310718770863,71.4677186876552
2012-04-15 23:15:00,prosumer_s1_4,0.0,-50.59790374912035,355.89141582894706,87.71960708475824
2012-04-15 23:15:00,prosumer_s1_5,0.0,-59.7981275,737.7375457032662,71.4677186876552
2012-04-15 23:30:00,prosumer_s1_0,0.0,-52.25395575407933,358.504113616651,88.84228659204011
2012-04-15 23:30:00,prosumer_s1_1,0.0,-61.275828,703.9641163065621,71.4677186876552
2012-04-15 23:30:00,prosumer_s1_2,0,0,0.0,0.0
2012-04-15 23:30:00,prosumer_s1_3,0.0,-61.275828,578.7948632770863,71.4677186876552
2012-04-15 23:30:00,prosumer_s1_4,0.0,-52.25395575407933,358.504113616651,87.71960708475824
2012-04-15 23:30:00,prosumer_s1_5,0.0,-61.275828,740.8013371032662,71.4677186876552
2012-04-15 23:45:00,prosumer_s1_0,0.0,-49.96390325177774,361.0023087792399,88.84228659204011
2012-04-15 23:45:00,prosumer_s1_1,0.0,-60.4298405,706.9856083315622,71.4677186876552
2012-04-15 23:45:00,prosumer_s1_2,0,0,0.0,0.0
2012-04-15 23:45:00,prosumer_s1_3,0.0,-60.4298405,581.8163553020863,71.4677186876552
2012-04-15 23:45:00,prosumer_s1_4,0.0,-49.96390325177774,361.0023087792399,87.71960708475824
2012-04-15 23:45:00,prosumer_s1_5,0.0,-60.4298405,743.8228291282662,71.4677186876552
