Time,Player,Sell,Buy,Total Costs,Total Revenue
2012-04-15 00:00:00,prosumer_s1_0,0.0,0.0,0.0,0.0
2012-04-15 00:00:00,prosumer_s1_1,0.0,0.0,0.0,0.0
2012-04-15 00:00:00,prosumer_s1_2,0,0.0,0.0,0.0
2012-04-15 00:00:00,prosumer_s1_3,0.0,0.0,0.0,0.0
2012-04-15 00:00:00,prosumer_s1_4,0.0,0.0,0.0,0.0
2012-04-15 00:00:00,prosumer_s1_5,0.0,0.0,0.0,0.0
2012-04-15 00:15:00,prosumer_s1_0,0.0,0.0,0.0,0.0
2012-04-15 00:15:00,prosumer_s1_1,0.0,0.0,0.0,0.0
2012-04-15 00:15:00,prosumer_s1_2,0,0.0,0.0,0.0
2012-04-15 00:15:00,prosumer_s1_3,0.0,0.0,0.0,0.0
2012-04-15 00:15:00,prosumer_s1_4,0.0,0.0,0.0,0.0
2012-04-15 00:15:00,prosumer_s1_5,0.0,0.0,0.0,0.0
2012-04-15 00:30:00,prosumer_s1_0,-0.0,0.0,0.0,0.0
2012-04-15 00:30:00,prosumer_s1_1,0.0,0.0,0.0,0.0
2012-04-15 00:30:00,prosumer_s1_2,0,0.0,0.0,0.0
2012-04-15 00:30:00,prosumer_s1_3,0.0,0.0,0.0,0.0
2012-04-15 00:30:00,prosumer_s1_4,-0.0,0.0,0.0,0.0
2012-04-15 00:30:00,prosumer_s1_5,0.0,-2.18007,2.1386175511194625,0.0
2012-04-15 00:45:00,prosumer_s1_0,-0.0,0.0,0.0,0.0
2012-04-15 00:45:00,prosumer_s1_1,0.0,0.0,0.0,0.0
2012-04-15 00:45:00,prosumer_s1_2,0,0.0,0.0,0.0
2012-04-15 00:45:00,prosumer_s1_3,0.0,0.0,0.0,0.0
2012-04-15 00:45:00,prosumer_s1_4,0.0,0.0,0.0,0.0
2012-04-15 00:45:00,prosumer_s1_5,0.0,-2.84344,4.555450685551365,0.0
2012-04-15 01:00:00,prosumer_s1_0,0.0,0.0,0.0,0.0
2012-04-15 01:00:00,prosumer_s1_1,0.0,0.0,0.0,0.0
2012-04-15 01:00:00,prosumer_s1_2,0,0.0,0.0,0.0
2012-04-15 01:00:00,prosumer_s1_3,0.0,0.0,0.0,0.0
2012-04-15 01:00:00,prosumer_s1_4,-0.0,0.0,0.0,0.0
2012-04-15 01:00:00,prosumer_s1_5,0.0,-2.5138,6.841447012152315,0.0
2012-04-15 01:15:00,prosumer_s1_0,0.0,0.0,0.0,0.0
2012-04-15 01:15:00,prosumer_s1_1,0.0,0.0,0.0,0.0
2012-04-15 01:15:00,prosumer_s1_2,0,0.0,0.0,0.0
2012-04-15 01:15:00,prosumer_s1_3,0.0,0.0,0.0,0.0
2012-04-15 01:15:00,prosumer_s1_4,1e-05,0.0,0.0,5e-06
2012-04-15 01:15:00,prosumer_s1_5,0.0,-1.49369,8.335137012152316,0.0
2012-04-15 01:30:00,prosumer_s1_0,-0.0,0.0,0.0,0.0
2012-04-15 01:30:00,prosumer_s1_1,0.0,0.0,0.0,0.0
2012-04-15 01:30:00,prosumer_s1_2,0,0.0,0.0,0.0
2012-04-15 01:30:00,prosumer_s1_3,0.0,0.0,0.0,0.0
2012-04-15 01:30:00,prosumer_s1_4,-0.0,0.0,0.0,5e-06
2012-04-15 01:30:00,prosumer_s1_5,0.0,-2.4479,10.420170797238526,0.0
2012-04-15 01:45:00,prosumer_s1_0,-0.0,0.0,0.0,0.0
2012-04-15 01:45:00,prosumer_s1_1,0.0,0.0,0.0,0.0
2012-04-15 01:45:00,prosumer_s1_2,0,0.0,0.0,0.0
2012-04-15 01:45:00,prosumer_s1_3,0.0,0.0,0.0,0.0
2012-04-15 01:45:00,prosumer_s1_4,0.0,0.0,0.0,5e-06
2012-04-15 01:45:00,prosumer_s1_5,0.0,-2.62321,12.751620032915937,0.0
2012-04-15 02:00:00,prosumer_s1_0,0.0,0.0,0.0,0.0
2012-04-15 02:00:00,prosumer_s1_1,0.0,0.0,0.0,0.0
2012-04-15 02:00:00,prosumer_s1_2,0,0.0,0.0,0.0
2012-04-15 02:00:00,prosumer_s1_3,0.0,0.0,0.0,0.0
2012-04-15 02:00:00,prosumer_s1_4,-0.0,0.0,0.0,5e-06
2012-04-15 02:00:00,prosumer_s1_5,0.0,-2.38343,14.702037804835431,0.0
2012-04-15 02:15:00,prosumer_s1_0,0.0,0.0,0.0,0.0
2012-04-15 02:15:00,prosumer_s1_1,0.0,0.0,0.0,0.0
2012-04-15 02:15:00,prosumer_s1_2,0,0.0,0.0,0.0
2012-04-15 02:15:00,prosumer_s1_3,0.0,0.0,0.0,0.0
2012-04-15 02:15:00,prosumer_s1_4,0.0,0.0,0.0,5e-06
2012-04-15 02:15:00,prosumer_s1_5,0.0,-3.53009,17.139871888217243,0.0
2012-04-15 02:30:00,prosumer_s1_0,0.0,0.0,0.0,0.0
2012-04-15 02:30:00,prosumer_s1_1,0.0,0.0,0.0,0.0
2012-04-15 02:30:00,prosumer_s1_2,0,0.0,0.0,0.0
2012-04-15 02:30:00,prosumer_s1_3,0.0,0.0,0.0,0.0
2012-04-15 02:30:00,prosumer_s1_4,0.0,0.0,0.0,5e-06
2012-04-15 02:30:00,prosumer_s1_5,0.0,-2.78939,18.826238449420774,0.0
2012-04-15 02:45:00,prosumer_s1_0,0.0,-0.0,0.0,0.0
2012-04-15 02:45:00,prosumer_s1_1,0.0,-0.68154,0.39868576850667536,0.0
2012-04-15 02:45:00,prosumer_s1_2,0,0.0,0.0,0.0
2012-04-15 02:45:00,prosumer_s1_3,0.0,0.0,0.0,0.0
2012-04-15 02:45:00,prosumer_s1_4,-0.0,0.0,0.0,5e-06
2012-04-15 02:45:00,prosumer_s1_5,0.0,-3.852978554541332,21.080145360324096,0.0
2012-04-15 03:00:00,prosumer_s1_0,0.0,0.0,0.0,0.0
2012-04-15 03:00:00,prosumer_s1_1,0.0,-0.82724,0.9321824596796694,0.0
2012-04-15 03:00:00,prosumer_s1_2,0,0.0,0.0,0.0
2012-04-15 03:00:00,prosumer_s1_3,0.0,0.0,0.0,0.0
2012-04-15 03:00:00,prosumer_s1_4,-1e-05,0.0,0.0,1.7754418840179756e-06
2012-04-15 03:00:00,prosumer_s1_5,0.0,-4.0,23.659791853109716,0.0
2012-04-15 03:15:00,prosumer_s1_0,0.0,0.0,0.0,0.0
2012-04-15 03:15:00,prosumer_s1_1,0.0,-0.185,1.0383322391910224,0.0
2012-04-15 03:15:00,prosumer_s1_2,0,0.0,0.0,0.0
2012-04-15 03:15:00,prosumer_s1_3,0.0,0.0,0.0,0.0
2012-04-15 03:15:00,prosumer_s1_4,0.0,0.0,0.0,1.7754418840179756e-06
2012-04-15 03:15:00,prosumer_s1_5,0.0,-4.0,25.954922220922754,0.0
2012-04-15 03:30:00,prosumer_s1_0,0.0,0.0,0.0,0.0
2012-04-15 03:30:00,prosumer_s1_1,0.0,0.0,1.0383322391910224,0.0
2012-04-15 03:30:00,prosumer_s1_2,0,-0.9998079112184856,0.5985522494848038,0.0
2012-04-15 03:30:00,prosumer_s1_3,0.0,0.0,0.0,0.0
2012-04-15 03:30:00,prosumer_s1_4,0.0,0.0,0.0,1.7754418840179756e-06
2012-04-15 03:30:00,prosumer_s1_5,0.0,-3.92313,28.303571656652387,0.0
2012-04-15 03:45:00,prosumer_s1_0,-0.0,0.0,0.0,0.0
2012-04-15 03:45:00,prosumer_s1_1,0.0,-0.12721,1.1052979571678043,0.0
2012-04-15 03:45:00,prosumer_s1_2,0,-0.849110984361491,1.0455401176534957,0.0
2012-04-15 03:45:00,prosumer_s1_3,0.0,0.0,0.0,0.0
2012-04-15 03:45:00,prosumer_s1_4,-0.0,0.0,0.0,1.7754418840179756e-06
2012-04-15 03:45:00,prosumer_s1_5,0.0,-4.0,30.409246304141796,0.0
2012-04-15 04:00:00,prosumer_s1_0,-0.0,0.0,0.0,0.0
2012-04-15 04:00:00,prosumer_s1_1,0.0,0.0,1.1052979571678043,0.0
2012-04-15 04:00:00,prosumer_s1_2,0,-0.9801788080732504,1.6026958794464714,0.0
2012-04-15 04:00:00,prosumer_s1_3,0.0,0.0,0.0,0.0
2012-04-15 04:00:00,prosumer_s1_4,-1e-05,0.0,0.0,-1.0666709896942384e-06
2012-04-15 04:00:00,prosumer_s1_5,0.0,-3.03238,32.132919551339285,0.0
2012-04-15 04:15:00,prosumer_s1_0,0.0,0.0,0.0,0.0
2012-04-15 04:15:00,prosumer_s1_1,0.0,0.0,1.1052979571678043,0.0
2012-04-15 04:15:00,prosumer_s1_2,0,-1.4401200880123506,2.4112278812771124,0.0
2012-04-15 04:15:00,prosumer_s1_3,0.0,0.0,0.0,0.0
2012-04-15 04:15:00,prosumer_s1_4,-0.0,0.0,0.0,-1.0666709896942384e-06
2012-04-15 04:15:00,prosumer_s1_5,0.0,-3.49795,34.096786689465915,0.0
2012-04-15 04:30:00,prosumer_s1_0,0.0,0.0,0.0,0.0
2012-04-15 04:30:00,prosumer_s1_1,0.0,-0.18922,1.237768238986793,0.0
2012-04-15 04:30:00,prosumer_s1_2,0,-1.5251050917943465,3.478932676296517,0.0
2012-04-15 04:30:00,prosumer_s1_3,0.0,0.0,0.0,0.0
2012-04-15 04:30:00,prosumer_s1_4,-0.0,0.0,0.0,-1.0666709896942384e-06
2012-04-15 04:30:00,prosumer_s1_5,0.0,-4.0,36.897130877585326,0.0
2012-04-15 04:45:00,prosumer_s1_0,-0.0,0.0,0.0,0.0
2012-04-15 04:45:00,prosumer_s1_1,0.0,-0.92583,1.9154513098736707,0.0
2012-04-15 04:45:00,prosumer_s1_2,0,-1.549036221694447,4.61278621704687,0.0
2012-04-15 04:45:00,prosumer_s1_3,0.0,0.0,0.0,0.0
2012-04-15 04:45:00,prosumer_s1_4,-0.0,0.0,0.0,-1.0666709896942384e-06
2012-04-15 04:45:00,prosumer_s1_5,0.0,-3.368707845108438,39.36293591457247,0.0
2012-04-15 05:00:00,prosumer_s1_0,-0.0,0.0,0.0,0.0
2012-04-15 05:00:00,prosumer_s1_1,0.0,-1.52117,2.8769367104412256,0.0
2012-04-15 05:00:00,prosumer_s1_2,0,-1.4584923615256913,5.534654984144728,0.0
2012-04-15 05:00:00,prosumer_s1_3,0.0,-0.0,0.0,0.0
2012-04-15 05:00:00,prosumer_s1_4,0.0,0.0,0.0,-1.0666709896942384e-06
2012-04-15 05:00:00,prosumer_s1_5,0.0,-3.939485790007312,41.85296534772942,0.0
2012-04-15 05:15:00,prosumer_s1_0,0.0,0.0,0.0,0.0
2012-04-15 05:15:00,prosumer_s1_1,0.0,-1.641143942784606,4.119602666144681,0.0
2012-04-15 05:15:00,prosumer_s1_2,0,-0.9366302598748296,6.243866715477237,0.0
2012-04-15 05:15:00,prosumer_s1_3,0.0,-0.9444,0.7150949395548364,0.0
2012-04-15 05:15:00,prosumer_s1_4,0.0,0.0,0.0,-1.0666709896942384e-06
2012-04-15 05:15:00,prosumer_s1_5,0.0,-3.306225957780544,44.35642304725686,0.0
2012-04-15 05:30:00,prosumer_s1_0,0.0,-0.4156786942345154,0.36452211687737723,0.0
2012-04-15 05:30:00,prosumer_s1_1,0.0,-1.939845991946344,5.820716476422,0.0
2012-04-15 05:30:00,prosumer_s1_2,0,-1.6199030100264946,7.664412157283675,0.0
2012-04-15 05:30:00,prosumer_s1_3,0.0,-1.91755,2.396656672001635,0.0
2012-04-15 05:30:00,prosumer_s1_4,-0.0,0.0,0.0,-1.0666709896942384e-06
2012-04-15 05:30:00,prosumer_s1_5,0.0,-3.325693528105274,47.2728314698314,0.0
2012-04-15 05:45:00,prosumer_s1_0,0.0,-0.3060525119164827,0.6342092683902414,0.0
2012-04-15 05:45:00,prosumer_s1_1,0.0,-1.28510265104569,6.953122386740808,0.0
2012-04-15 05:45:00,prosumer_s1_2,0,-0.9264583374937287,8.480788106853431,0.0
2012-04-15 05:45:00,prosumer_s1_3,0.0,-1.63483,3.8372350980597387,0.0
2012-04-15 05:45:00,prosumer_s1_4,0.0,0.0,0.0,-1.0666709896942384e-06
2012-04-15 05:45:00,prosumer_s1_5,0.0,-3.525618715048224,50.379533854425006,0.0
2012-04-15 06:00:00,prosumer_s1_0,0.0,-0.4281750595159797,1.0236910412210807,0.0
2012-04-15 06:00:00,prosumer_s1_1,0.0,-1.917516048879304,8.697356511431169,0.0
2012-04-15 06:00:00,prosumer_s1_2,0,-0.3750481845602795,8.821943969562136,0.0
2012-04-15 06:00:00,prosumer_s1_3,0.0,-0.56719,4.353169321275931,0.0
2012-04-15 06:00:00,prosumer_s1_4,-0.0,0.0,0.0,-1.0666709896942384e-06
2012-04-15 06:00:00,prosumer_s1_5,0.0,-3.4050914761998623,53.47691431908985,0.0
2012-04-15 06:15:00,prosumer_s1_0,0.0,-1.0036219471450227,1.9085394010115693,0.0
2012-04-15 06:15:00,prosumer_s1_1,0.0,-1.9243740586675573,10.393990621794345,0.0
2012-04-15 06:15:00,prosumer_s1_2,0,-0.4933380326254797,9.256897938267889,0.0
2012-04-15 06:15:00,prosumer_s1_3,0.0,-1.31019,5.508304953584277,0.0
2012-04-15 06:15:00,prosumer_s1_4,0.0,0.0,0.0,-1.0666709896942384e-06
2012-04-15 06:15:00,prosumer_s1_5,0.0,-2.8876724219760006,56.0228452978476,0.0
2012-04-15 06:30:00,prosumer_s1_0,0.0,-0.9567325683580784,2.6755914688190283,0.0
2012-04-15 06:30:00,prosumer_s1_1,0.0,-2.194203004688454,12.153173916687358,0.0
2012-04-15 06:30:00,prosumer_s1_2,0,-0.871630447158426,9.955720115926399,0.0
2012-04-15 06:30:00,prosumer_s1_3,0.0,-1.71542,6.88362811250678,0.0
2012-04-15 06:30:00,prosumer_s1_4,0.0,0.0,0.0,-1.0666709896942384e-06
2012-04-15 06:30:00,prosumer_s1_5,0.0,-3.553761130834586,58.87204256995322,0.0
2012-04-15 06:45:00,prosumer_s1_0,0.0,-1.076360392282083,3.4782888509677976,0.0
2012-04-15 06:45:00,prosumer_s1_1,0.0,-1.77002547929623,13.473173081237956,0.0
2012-04-15 06:45:00,prosumer_s1_2,0,-1.292907181760402,10.919907592167569,0.0
2012-04-15 06:45:00,prosumer_s1_3,0.0,-2.4096309718296856,8.680614035531512,0.0
2012-04-15 06:45:00,prosumer_s1_4,0.0,-0.1850644186000942,0.13801206863829743,-1.0666709896942384e-06
2012-04-15 06:45:00,prosumer_s1_5,0.0,-3.838622953524346,61.73470141353752,0.0
2012-04-15 07:00:00,prosumer_s1_0,0.0,-1.7373620710641875,4.9978281494170975,0.0
2012-04-15 07:00:00,prosumer_s1_1,0.0,-1.666040658190678,14.930332930125633,0.0
2012-04-15 07:00:00,prosumer_s1_2,0,-2.2701178859725686,12.905408137678512,0.0
2012-04-15 07:00:00,prosumer_s1_3,0.0,-2.149915752093736,10.56098285908972,0.0
2012-04-15 07:00:00,prosumer_s1_4,0.0,-0.0327223815635484,0.16663186272313538,-1.0666709896942384e-06
2012-04-15 07:00:00,prosumer_s1_5,0.0,-3.898874127197688,65.14475194627143,0.0
2012-04-15 07:15:00,prosumer_s1_0,0.0,-2.570296614666388,6.873757434515303,0.0
2012-04-15 07:15:00,prosumer_s1_1,0.0,-0.9767458365574728,15.643210233251107,0.0
2012-04-15 07:15:00,prosumer_s1_2,0,-2.10534830327955,14.441995205069,0.0
2012-04-15 07:15:00,prosumer_s1_3,0.0,-2.35962,12.283149956243198,0.0
2012-04-15 07:15:00,prosumer_s1_4,0.0,0.0,0.16663186272313538,-1.0666709896942384e-06
2012-04-15 07:15:00,prosumer_s1_5,0.0,-3.800980012346901,67.9188946956132,0.0
2012-04-15 07:30:00,prosumer_s1_0,0.0,-2.830797314885054,8.703965277028015,0.0
2012-04-15 07:30:00,prosumer_s1_1,0.0,-0.9107453794622312,16.23203845039659,0.0
2012-04-15 07:30:00,prosumer_s1_2,0,-1.8078342593339465,15.610822242595882,0.0
2012-04-15 07:30:00,prosumer_s1_3,0.0,-2.5123822379763734,13.907491498166948,0.0
2012-04-15 07:30:00,prosumer_s1_4,0.0,-0.4449822578679105,0.45432819966908633,-1.0666709896942384e-06
2012-04-15 07:30:00,prosumer_s1_5,0.0,-3.8511546905854246,70.40879868145377,0.0
2012-04-15 07:45:00,prosumer_s1_0,0.0,-2.9975123064689337,10.217285522024623,0.0
2012-04-15 07:45:00,prosumer_s1_1,0.0,-0.9405383142281832,16.70687742571782,0.0
2012-04-15 07:45:00,prosumer_s1_2,0,-2.1937998273818087,16.71838122912022,0.0
2012-04-15 07:45:00,prosumer_s1_3,0.0,-2.297899228975559,15.067605975984472,0.0
2012-04-15 07:45:00,prosumer_s1_4,0.0,-0.0188764808027255,0.463858155723447,-1.0666709896942384e-06
2012-04-15 07:45:00,prosumer_s1_5,0.0,-3.745134078679712,72.29956230209396,0.0
2012-04-15 08:00:00,prosumer_s1_0,0.0,-2.973874165210709,11.769583488436698,0.0
2012-04-15 08:00:00,prosumer_s1_1,0.0,-0.202933945817484,16.8128045544086,0.0
2012-04-15 08:00:00,prosumer_s1_2,0,-1.8580930540216447,17.688265598440143,0.0
2012-04-15 08:00:00,prosumer_s1_3,0.0,-2.7449414159497327,16.500406000862846,0.0
2012-04-15 08:00:00,prosumer_s1_4,0.0,-0.1123507210789642,0.5225028011143018,-1.0666709896942384e-06
2012-04-15 08:00:00,prosumer_s1_5,0.0,-3.19627759388036,73.96795004597061,0.0
2012-04-15 08:15:00,prosumer_s1_0,0.0,-2.822354236921018,12.927731595831755,0.0
2012-04-15 08:15:00,prosumer_s1_1,0.0,-0.4257679424960766,16.987517682314635,0.0
2012-04-15 08:15:00,prosumer_s1_2,0,-1.7061880358448698,18.38839686429057,0.0
2012-04-15 08:15:00,prosumer_s1_3,0.0,-2.1094951235209063,17.36603362226663,0.0
2012-04-15 08:15:00,prosumer_s1_4,0.0,-0.4674056275320775,0.7143018799934366,-1.0666709896942384e-06
2012-04-15 08:15:00,prosumer_s1_5,0.0,-2.751916465235926,75.0971941373853,0.0
2012-04-15 08:30:00,prosumer_s1_0,0.0,-2.5376304423008085,13.590852862217016,0.0
2012-04-15 08:30:00,prosumer_s1_1,0.0,-0.511450943682432,17.12116755970227,0.0
2012-04-15 08:30:00,prosumer_s1_2,0,-1.548317587051231,18.792995698690223,0.0
2012-04-15 08:30:00,prosumer_s1_3,0.0,-1.540992980039595,17.768718425924703,0.0
2012-04-15 08:30:00,prosumer_s1_4,0.0,-0.0974428339561979,0.739765168254834,-1.0666709896942384e-06
2012-04-15 08:30:00,prosumer_s1_5,0.0,-2.9655489748639834,75.87213699705416,0.0
2012-04-15 08:45:00,prosumer_s1_0,0.0,-2.596973270824603,14.110247516381936,0.0
2012-04-15 08:45:00,prosumer_s1_1,0.0,-0.2441926290629311,17.170006085514853,0.0
2012-04-15 08:45:00,prosumer_s1_2,0,-1.2121249202210151,19.035420682734426,0.0
2012-04-15 08:45:00,prosumer_s1_3,0.0,-1.3803702297171196,18.044792471868128,0.0
2012-04-15 08:45:00,prosumer_s1_4,0.0,-0.4125384642006799,0.8222728610949699,-1.0666709896942384e-06
2012-04-15 08:45:00,prosumer_s1_5,0.0,-2.2911825413177365,76.33037350531771,0.0
2012-04-15 09:00:00,prosumer_s1_0,0.0,-2.6018621427716986,14.665686518584916,0.0
2012-04-15 09:00:00,prosumer_s1_1,0.0,-0.1547363797335633,17.20303881962895,0.0
2012-04-15 09:00:00,prosumer_s1_2,0,-1.3684625024287862,19.32755662429954,0.0
2012-04-15 09:00:00,prosumer_s1_3,0.0,-0.9245115765417876,18.242154883641582,0.0
2012-04-15 09:00:00,prosumer_s1_4,0.0,-0.4909852532300629,0.9270871610793534,-1.0666709896942384e-06
2012-04-15 09:00:00,prosumer_s1_5,0.0,-2.362761074262516,76.8347698113166,0.0
2012-04-15 09:15:00,prosumer_s1_0,0.0,-2.380802138609323,15.141846946306782,0.0
2012-04-15 09:15:00,prosumer_s1_1,0.0,-0.3361956769834929,17.270277955025648,0.0
2012-04-15 09:15:00,prosumer_s1_2,0,-1.573024292628765,19.642161482825294,0.0
2012-04-15 09:15:00,prosumer_s1_3,0.0,-0.8630705709708558,18.414768997835754,0.0
2012-04-15 09:15:00,prosumer_s1_4,0.0,-0.1340500990793218,0.9538971808952178,-1.0666709896942384e-06
2012-04-15 09:15:00,prosumer_s1_5,0.0,-2.8933586727723197,77.41344154587107,0.0
2012-04-15 09:30:00,prosumer_s1_0,0.0,-2.636637201213204,15.669174386549422,0.0
2012-04-15 09:30:00,prosumer_s1_1,0.0,-0.4100843738002047,17.352294829785688,0.0
2012-04-15 09:30:00,prosumer_s1_2,0,-1.7927943226387144,20.000720347353038,0.0
2012-04-15 09:30:00,prosumer_s1_3,0.0,-0.5593045446030291,18.52662990675636,0.0
2012-04-15 09:30:00,prosumer_s1_4,0.0,-0.479325888701301,1.049762358635478,-1.0666709896942384e-06
2012-04-15 09:30:00,prosumer_s1_5,0.0,-3.156605483139365,78.04476264249894,0.0
2012-04-15 09:45:00,prosumer_s1_0,0.0,-2.570078753507111,16.205120065119313,0.0
2012-04-15 09:45:00,prosumer_s1_1,0.0,-0.2644690333354964,17.407445293692017,0.0
2012-04-15 09:45:00,prosumer_s1_2,0,-1.1438930786728556,20.239259556092904,0.0
2012-04-15 09:45:00,prosumer_s1_3,0.0,-0.3979113203521776,18.609607462329617,0.0
2012-04-15 09:45:00,prosumer_s1_4,0.0,-0.973737428202011,1.2528185358030015,-1.0666709896942384e-06
2012-04-15 09:45:00,prosumer_s1_5,0.0,-3.2989438759195613,78.73270059449011,0.0
2012-04-15 10:00:00,prosumer_s1_0,0.0,-2.346996602453941,16.687031914875607,0.0
2012-04-15 10:00:00,prosumer_s1_1,0.0347516370783067,0.0,17.407445293692017,0.0035677993076248817
2012-04-15 10:00:00,prosumer_s1_2,0,-0.7556554263865063,20.39441926272714,0.0
2012-04-15 10:00:00,prosumer_s1_3,0.0,-0.3833741200446523,18.688326166543437,0.0
2012-04-15 10:00:00,prosumer_s1_4,0.0,-0.8384555658115775,1.4249797022214978,-1.0666709896942384e-06
2012-04-15 10:00:00,prosumer_s1_5,0.0,-2.906057546611745,79.32940515142114,0.0
2012-04-15 10:15:00,prosumer_s1_0,0.0,-1.86927,17.13894509481468,0.0
2012-04-15 10:15:00,prosumer_s1_1,0.4845736739305387,0.0,17.407445293692017,0.0621428660183484
2012-04-15 10:15:00,prosumer_s1_2,0,-0.6621577642477399,20.55450197997106,0.0
2012-04-15 10:15:00,prosumer_s1_3,0.0,0.0,18.688326166543437,0.0
2012-04-15 10:15:00,prosumer_s1_4,-0.0,0.0,1.4249797022214978,-1.0666709896942384e-06
2012-04-15 10:15:00,prosumer_s1_5,0.0,-2.7831696653283924,80.0022619638498,0.0
2012-04-15 10:30:00,prosumer_s1_0,0.0,-1.7785446126786637,17.73962983726482,0.0
2012-04-15 10:30:00,prosumer_s1_1,0.1812451693124911,0.0,17.407445293692017,0.09274969113611553
2012-04-15 10:30:00,prosumer_s1_2,0,-0.2216430321232412,20.62935958360817,0.0
2012-04-15 10:30:00,prosumer_s1_3,0.0,-0.18694,18.75146318596546,0.0
2012-04-15 10:30:00,prosumer_s1_4,-0.0,0.0,1.4249797022214978,-1.0666709896942384e-06
2012-04-15 10:30:00,prosumer_s1_5,0.0,-2.848182648815887,80.96420570631135,0.0
2012-04-15 10:45:00,prosumer_s1_0,0.0,-1.6246311220371166,18.239811269702102,0.0
2012-04-15 10:45:00,prosumer_s1_1,0.4099035839579592,0.0,17.407445293692017,0.15584898764847932
2012-04-15 10:45:00,prosumer_s1_2,0,-0.9139307351878438,20.910734954345575,0.0
2012-04-15 10:45:00,prosumer_s1_3,0.0,-0.1196070078008979,18.788287055507226,0.0
2012-04-15 10:45:00,prosumer_s1_4,0.0,-0.5775524379536765,1.6027929927616231,-1.0666709896942384e-06
2012-04-15 10:45:00,prosumer_s1_5,0.0,-3.0900964160420408,81.91556557550257,0.0
2012-04-15 11:00:00,prosumer_s1_0,0.0,-1.89411,18.843310427560702,0.0
2012-04-15 11:00:00,prosumer_s1_1,0.0549788812244338,0.0,17.407445293692017,0.16460764171792458
2012-04-15 11:00:00,prosumer_s1_2,0,-0.3496727386546623,21.022147281667745,0.0
2012-04-15 11:00:00,prosumer_s1_3,-0.0,0.0,18.788287055507226,0.0
2012-04-15 11:00:00,prosumer_s1_4,0.0,-0.4003906988824002,1.7303650184570398,-1.0666709896942384e-06
2012-04-15 11:00:00,prosumer_s1_5,0.0,-2.705756470358637,82.77767060173225,0.0
2012-04-15 11:15:00,prosumer_s1_0,0.0,-1.13989,19.19716336927082,0.0
2012-04-15 11:15:00,prosumer_s1_1,0.0,-0.2880037063077174,17.49684949822088,0.16460764171792458
2012-04-15 11:15:00,prosumer_s1_2,0,-0.5803986316127361,21.202318844854275,0.0
2012-04-15 11:15:00,prosumer_s1_3,0.0,0.0,18.788287055507226,0.0
2012-04-15 11:15:00,prosumer_s1_4,0.0,-0.1448712972162922,1.775337019868883,-1.0666709896942384e-06
2012-04-15 11:15:00,prosumer_s1_5,0.0,-2.659305632167509,83.6031915913442,0.0
2012-04-15 11:30:00,prosumer_s1_0,0.0,-0.24787,19.30533060604949,0.0
2012-04-15 11:30:00,prosumer_s1_1,0.0,-0.2940413759693949,17.62516532158477,0.16460764171792458
2012-04-15 11:30:00,prosumer_s1_2,0,0.0,21.202318844854275,0.0
2012-04-15 11:30:00,prosumer_s1_3,0.0,0.0,18.788287055507226,0.0
2012-04-15 11:30:00,prosumer_s1_4,0.0,-0.1139573606090216,1.8250665264960197,-1.0666709896942384e-06
2012-04-15 11:30:00,prosumer_s1_5,0.0,-2.5326326529185086,84.7083994658011,0.0
2012-04-15 11:45:00,prosumer_s1_0,0.0,-0.0,19.30533060604949,0.0
2012-04-15 11:45:00,prosumer_s1_1,0.1219089138777154,0.0,17.62516532158477,0.19397167128712794
2012-04-15 11:45:00,prosumer_s1_2,0,0.0,21.202318844854275,0.0
2012-04-15 11:45:00,prosumer_s1_3,0.10047,0.0,18.788287055507226,0.024200068370530795
2012-04-15 11:45:00,prosumer_s1_4,-0.0,0.0,1.8250665264960197,-1.0666709896942384e-06
2012-04-15 11:45:00,prosumer_s1_5,0.0,-1.925573330985073,85.63601977559127,0.0
2012-04-15 12:00:00,prosumer_s1_0,0.0,-2.05405,20.186569719668213,0.0
2012-04-15 12:00:00,prosumer_s1_1,0.0,-0.1760661246904158,17.70070211750525,0.19397167128712794
2012-04-15 12:00:00,prosumer_s1_2,0,0.0,21.202318844854275,0.0
2012-04-15 12:00:00,prosumer_s1_3,-0.0,0.0,18.788287055507226,0.024200068370530795
2012-04-15 12:00:00,prosumer_s1_4,-0.0,0.0,1.8250665264960197,-1.0666709896942384e-06
2012-04-15 12:00:00,prosumer_s1_5,0.0,-2.213126247478894,86.58550660047607,0.0
2012-04-15 12:15:00,prosumer_s1_0,0.0,-0.84922,20.67103371642692,0.0
2012-04-15 12:15:00,prosumer_s1_1,0.92029,0.0,17.70070211750525,0.4564757171039173
2012-04-15 12:15:00,prosumer_s1_2,0,0.0,21.202318844854275,0.0
2012-04-15 12:15:00,prosumer_s1_3,0.0,0.0,18.788287055507226,0.024200068370530795
2012-04-15 12:15:00,prosumer_s1_4,0.0,0.0,1.8250665264960197,-1.0666709896942384e-06
2012-04-15 12:15:00,prosumer_s1_5,0.0,0.0,86.58550660047607,0.0
2012-04-15 12:30:00,prosumer_s1_0,0.0,-0.86783,21.08111168796122,0.0
2012-04-15 12:30:00,prosumer_s1_1,0.0362812988364573,0.0,17.70070211750525,0.46504776544949433
2012-04-15 12:30:00,prosumer_s1_2,0,0.0,21.202318844854275,0.0
2012-04-15 12:30:00,prosumer_s1_3,0.0,0.0,18.788287055507226,0.024200068370530795
2012-04-15 12:30:00,prosumer_s1_4,0.0,0.0,1.8250665264960197,-1.0666709896942384e-06
2012-04-15 12:30:00,prosumer_s1_5,0.0,-2.917373588981521,87.9640607453861,0.0
2012-04-15 12:45:00,prosumer_s1_0,0.0,-1.8331,21.894712211617495,0.0
2012-04-15 12:45:00,prosumer_s1_1,0.0,-0.0216797313841408,17.710324418965545,0.46504776544949433
2012-04-15 12:45:00,prosumer_s1_2,0,0.0,21.202318844854275,0.0
2012-04-15 12:45:00,prosumer_s1_3,0.0,0.0,18.788287055507226,0.024200068370530795
2012-04-15 12:45:00,prosumer_s1_4,0.0,-0.4320299195223662,2.0168180778345044,-1.0666709896942384e-06
2012-04-15 12:45:00,prosumer_s1_5,0.0,-2.670102901241213,89.14915545853106,0.0
2012-04-15 13:00:00,prosumer_s1_0,0.0,-1.965270085623088,22.535867645221035,0.0
2012-04-15 13:00:00,prosumer_s1_1,0.11325,0.0,17.710324418965545,0.48352127028396585
2012-04-15 13:00:00,prosumer_s1_2,0,0.0,21.202318844854275,0.0
2012-04-15 13:00:00,prosumer_s1_3,-0.0,0.0,18.788287055507226,0.024200068370530795
2012-04-15 13:00:00,prosumer_s1_4,-0.0,0.0,2.0168180778345044,-1.0666709896942384e-06
2012-04-15 13:00:00,prosumer_s1_5,0.0,0.0,89.14915545853106,0.0
2012-04-15 13:15:00,prosumer_s1_0,0.0,-2.24641583943116,23.283477705870965,0.0
2012-04-15 13:15:00,prosumer_s1_1,0.0918675457481801,0.0,17.710324418965545,0.49880808856645015
2012-04-15 13:15:00,prosumer_s1_2,0,0.0,21.202318844854275,0.0
2012-04-15 13:15:00,prosumer_s1_3,0.0,-0.1397553117230676,18.83479780175441,0.024200068370530795
2012-04-15 13:15:00,prosumer_s1_4,0.0,-0.3566769323377636,2.135520616490477,-1.0666709896942384e-06
2012-04-15 13:15:00,prosumer_s1_5,0.0,-1.699052214411089,89.7146022056413,0.0
2012-04-15 13:30:00,prosumer_s1_0,0.0,-0.07664,23.298805705870965,0.0
2012-04-15 13:30:00,prosumer_s1_1,1.0695048193818055,0.0,17.710324418965545,0.6057585705046307
2012-04-15 13:30:00,prosumer_s1_2,0,0.0,21.202318844854275,0.0
2012-04-15 13:30:00,prosumer_s1_3,-0.0,0.0,18.83479780175441,0.024200068370530795
2012-04-15 13:30:00,prosumer_s1_4,0.0,0.0,2.135520616490477,-1.0666709896942384e-06
2012-04-15 13:30:00,prosumer_s1_5,0.0,-0.0,89.7146022056413,0.0
2012-04-15 13:45:00,prosumer_s1_0,0.0,-0.8747074357326232,23.551102293934076,0.0
2012-04-15 13:45:00,prosumer_s1_1,0.65366,0.0,17.710324418965545,0.7000279118960218
2012-04-15 13:45:00,prosumer_s1_2,0,0.0,21.202318844854275,0.0
2012-04-15 13:45:00,prosumer_s1_3,0.0,0.0,18.83479780175441,0.024200068370530795
2012-04-15 13:45:00,prosumer_s1_4,0.0,0.0,2.135520616490477,-1.0666709896942384e-06
2012-04-15 13:45:00,prosumer_s1_5,0.0,0.0,89.7146022056413,0.0
2012-04-15 14:00:00,prosumer_s1_0,0.0,-0.31009,23.61362119506408,0.0
2012-04-15 14:00:00,prosumer_s1_1,0.462531212914181,0.0,17.710324418965545,0.7466546060327622
2012-04-15 14:00:00,prosumer_s1_2,0,0.0,21.202318844854275,0.0
2012-04-15 14:00:00,prosumer_s1_3,0.0,0.0,18.83479780175441,0.024200068370530795
2012-04-15 14:00:00,prosumer_s1_4,0.0,0.0,2.135520616490477,-1.0666709896942384e-06
2012-04-15 14:00:00,prosumer_s1_5,0.0,0.0,89.7146022056413,0.0
2012-04-15 14:15:00,prosumer_s1_0,0.0,0.0,23.61362119506408,0.0
2012-04-15 14:15:00,prosumer_s1_1,0.5939642567512212,0.0,17.710324418965545,0.8509639156409462
2012-04-15 14:15:00,prosumer_s1_2,0,0.0,21.202318844854275,0.0
2012-04-15 14:15:00,prosumer_s1_3,0.5726532002511404,0.0,18.83479780175441,0.12476682686511217
2012-04-15 14:15:00,prosumer_s1_4,0.0,0.0,2.135520616490477,-1.0666709896942384e-06
2012-04-15 14:15:00,prosumer_s1_5,0.27092,0.0,89.7146022056413,0.04757774199009679
2012-04-15 14:30:00,prosumer_s1_0,0.0,0.0,23.61362119506408,0.0
2012-04-15 14:30:00,prosumer_s1_1,0.9853947771206022,0.0,17.710324418965545,1.0287898580790744
2012-04-15 14:30:00,prosumer_s1_2,0,0.0,21.202318844854275,0.0
2012-04-15 14:30:00,prosumer_s1_3,0.1589029291101296,0.0,18.83479780175441,0.15344270761998804
2012-04-15 14:30:00,prosumer_s1_4,0.34047,0.0,2.135520616490477,0.06144070268649039
2012-04-15 14:30:00,prosumer_s1_5,1.1597616991629875,0.0,89.7146022056413,0.2568702224718176
2012-04-15 14:45:00,prosumer_s1_0,0.0,-0.0,23.61362119506408,0.0
2012-04-15 14:45:00,prosumer_s1_1,0.4466149935611725,0.0,17.710324418965545,1.1139985148293237
2012-04-15 14:45:00,prosumer_s1_2,0,0.0,21.202318844854275,0.0
2012-04-15 14:45:00,prosumer_s1_3,0.5868762933582101,0.0,18.83479780175441,0.26541149809179493
2012-04-15 14:45:00,prosumer_s1_4,0.36694,0.0,2.135520616490477,0.1314483490008856
2012-04-15 14:45:00,prosumer_s1_5,1.160471695318945,0.0,89.7146022056413,0.4782739724139206
2012-04-15 15:00:00,prosumer_s1_0,0.0,0.0,23.61362119506408,0.0
2012-04-15 15:00:00,prosumer_s1_1,0.0,0.0,17.710324418965545,1.1139985148293237
2012-04-15 15:00:00,prosumer_s1_2,0,0.0,21.202318844854275,0.0
2012-04-15 15:00:00,prosumer_s1_3,0.0,0.0,18.83479780175441,0.26541149809179493
2012-04-15 15:00:00,prosumer_s1_4,0.0,0.0,2.135520616490477,0.1314483490008856
2012-04-15 15:00:00,prosumer_s1_5,0.41713,0.0,89.7146022056413,0.5325644358435683
2012-04-15 15:15:00,prosumer_s1_0,0.0,0.0,23.61362119506408,0.0
2012-04-15 15:15:00,prosumer_s1_1,0.1141899374528203,0.0,17.710324418965545,1.1254728794133537
2012-04-15 15:15:00,prosumer_s1_2,0,0.0,21.202318844854275,0.0
2012-04-15 15:15:00,prosumer_s1_3,0.60778,0.0,18.83479780175441,0.3264842113487158
2012-04-15 15:15:00,prosumer_s1_4,0.0,-0.1133112300271694,2.1582927520008206,0.1314483490008856
2012-04-15 15:15:00,prosumer_s1_5,0.0,0.0,89.7146022056413,0.5325644358435683
2012-04-15 15:30:00,prosumer_s1_0,0.0,-0.63061,23.761882275548174,0.0
2012-04-15 15:30:00,prosumer_s1_1,0.0233166115122784,0.0,17.710324418965545,1.1282138334229939
2012-04-15 15:30:00,prosumer_s1_2,0,0.0,21.202318844854275,0.0
2012-04-15 15:30:00,prosumer_s1_3,0.0,0.0,18.83479780175441,0.3264842113487158
2012-04-15 15:30:00,prosumer_s1_4,0.0,0.0,2.1582927520008206,0.1314483490008856
2012-04-15 15:30:00,prosumer_s1_5,-0.0,0.0,89.7146022056413,0.5325644358435683
2012-04-15 15:45:00,prosumer_s1_0,-0.0,0.0,23.761882275548174,0.0
2012-04-15 15:45:00,prosumer_s1_1,0.7370646332488084,0.0,17.710324418965545,1.2295413630755054
2012-04-15 15:45:00,prosumer_s1_2,0,0.0,21.202318844854275,0.0
2012-04-15 15:45:00,prosumer_s1_3,0.2720656001494324,0.0,18.83479780175441,0.36388627071094276
2012-04-15 15:45:00,prosumer_s1_4,0.0,-0.28331,2.2361885053198174,0.1314483490008856
2012-04-15 15:45:00,prosumer_s1_5,0.0,-0.3680734435904056,89.81580356868952,0.5325644358435683
2012-04-15 16:00:00,prosumer_s1_0,-0.0,0.0,23.761882275548174,0.0
2012-04-15 16:00:00,prosumer_s1_1,0.0465969938078172,0.0,17.710324418965545,1.2380136555481391
2012-04-15 16:00:00,prosumer_s1_2,0,-1.7312667650729665,21.831878701970545,0.0
2012-04-15 16:00:00,prosumer_s1_3,0.0,-0.09246,18.868420063535954,0.36388627071094276
2012-04-15 16:00:00,prosumer_s1_4,0.0,-0.7688088821676993,2.515759060113444,0.1314483490008856
2012-04-15 16:00:00,prosumer_s1_5,0.0,-0.8646976300549725,90.1302432191285,0.5325644358435683
2012-04-15 16:15:00,prosumer_s1_0,-0.0,0.0,23.761882275548174,0.0
2012-04-15 16:15:00,prosumer_s1_1,0.0,-0.1042982186044814,17.73814703035055,1.2380136555481391
2012-04-15 16:15:00,prosumer_s1_2,0,-2.170913718070872,22.410992032345966,0.0
2012-04-15 16:15:00,prosumer_s1_3,0.0,-0.09859,18.8947199495086,0.36388627071094276
2012-04-15 16:15:00,prosumer_s1_4,0.0,0.0,2.515759060113444,0.1314483490008856
2012-04-15 16:15:00,prosumer_s1_5,0.0,-0.1147686240440812,90.16085891773481,0.5325644358435683
2012-04-15 16:30:00,prosumer_s1_0,0.07332,0.0,23.761882275548174,0.007691746969688812
2012-04-15 16:30:00,prosumer_s1_1,0.0,0.0,17.73814703035055,1.2380136555481391
2012-04-15 16:30:00,prosumer_s1_2,0,-1.20881,22.664616163672466,0.0
2012-04-15 16:30:00,prosumer_s1_3,0.0,0.0,18.8947199495086,0.36388627071094276
2012-04-15 16:30:00,prosumer_s1_4,0.0,0.0,2.515759060113444,0.1314483490008856
2012-04-15 16:30:00,prosumer_s1_5,0.4277145184826768,0.0,90.16085891773481,0.5774344829170958
2012-04-15 16:45:00,prosumer_s1_0,-0.0,0.0,23.761882275548174,0.007691746969688812
2012-04-15 16:45:00,prosumer_s1_1,0.0,-0.8194,17.90202703035055,1.2380136555481391
2012-04-15 16:45:00,prosumer_s1_2,0,-1.262567733249048,22.917129710322275,0.0
2012-04-15 16:45:00,prosumer_s1_3,0.0,0.0,18.8947199495086,0.36388627071094276
2012-04-15 16:45:00,prosumer_s1_4,0.0,0.0,2.515759060113444,0.1314483490008856
2012-04-15 16:45:00,prosumer_s1_5,-0.0,0.0,90.16085891773481,0.5774344829170958
2012-04-15 17:00:00,prosumer_s1_0,0.0,-0.04874,23.773933469604284,0.007691746969688812
2012-04-15 17:00:00,prosumer_s1_1,0.0,-1.2186521562955588,18.203344503112447,1.2380136555481391
2012-04-15 17:00:00,prosumer_s1_2,0,-0.8292881923596127,23.122175113165248,0.0
2012-04-15 17:00:00,prosumer_s1_3,0.0,0.0,18.8947199495086,0.36388627071094276
2012-04-15 17:00:00,prosumer_s1_4,-0.0,0.0,2.515759060113444,0.1314483490008856
2012-04-15 17:00:00,prosumer_s1_5,0.0,-0.2524524738976216,90.22327897831924,0.5774344829170958
2012-04-15 17:15:00,prosumer_s1_0,0.0,-0.07752,23.789437469604284,0.007691746969688812
2012-04-15 17:15:00,prosumer_s1_1,0.0,-0.472230696130116,18.29779064233847,1.2380136555481391
2012-04-15 17:15:00,prosumer_s1_2,0,-1.440245921740532,23.410224297513356,0.0
2012-04-15 17:15:00,prosumer_s1_3,0.0,0.0,18.8947199495086,0.36388627071094276
2012-04-15 17:15:00,prosumer_s1_4,0.0,0.0,2.515759060113444,0.1314483490008856
2012-04-15 17:15:00,prosumer_s1_5,0.0,-0.6953558247124884,90.36235014326174,0.5774344829170958
2012-04-15 17:30:00,prosumer_s1_0,0.0,-1.28247,24.213441966368148,0.007691746969688812
2012-04-15 17:30:00,prosumer_s1_1,0.0,-0.0516735339896856,18.31487471508505,1.2380136555481391
2012-04-15 17:30:00,prosumer_s1_2,0,-1.2872384262397838,23.835805310038335,0.0
2012-04-15 17:30:00,prosumer_s1_3,0.0,0.0,18.8947199495086,0.36388627071094276
2012-04-15 17:30:00,prosumer_s1_4,0.0,0.0,2.515759060113444,0.1314483490008856
2012-04-15 17:30:00,prosumer_s1_5,0.0,-0.4062,90.49664617091578,0.5774344829170958
2012-04-15 17:45:00,prosumer_s1_0,0.0,-1.786692547359083,25.046222005420226,0.007691746969688812
2012-04-15 17:45:00,prosumer_s1_1,0.0,-0.8766400582590234,18.723477942893133,1.2380136555481391
2012-04-15 17:45:00,prosumer_s1_2,0,-0.8899147387561213,24.250595886060925,0.0
2012-04-15 17:45:00,prosumer_s1_3,0.0,-0.32337,19.045443184810786,0.36388627071094276
2012-04-15 17:45:00,prosumer_s1_4,-0.0,0.0,2.515759060113444,0.1314483490008856
2012-04-15 17:45:00,prosumer_s1_5,0.0,-1.2450624731926774,91.07697163126444,0.5774344829170958
2012-04-15 18:00:00,prosumer_s1_0,0.0,-2.465047941050764,25.837102909760056,0.007691746969688812
2012-04-15 18:00:00,prosumer_s1_1,0.0,-1.0618676522973942,19.064165373410283,1.2380136555481391
2012-04-15 18:00:00,prosumer_s1_2,0,-0.2530132855190448,24.33177214747513,0.0
2012-04-15 18:00:00,prosumer_s1_3,0.0,-0.88344,19.32888425485835,0.36388627071094276
2012-04-15 18:00:00,prosumer_s1_4,0.0,0.0,2.515759060113444,0.1314483490008856
2012-04-15 18:00:00,prosumer_s1_5,0.0,-2.025279761851507,91.72675821874618,0.5774344829170958
2012-04-15 18:15:00,prosumer_s1_0,0.0,-1.8327681780881917,26.615795852807352,0.007691746969688812
2012-04-15 18:15:00,prosumer_s1_1,0.0,-1.4140741088591913,19.664966687334864,1.2380136555481391
2012-04-15 18:15:00,prosumer_s1_2,0,-0.355441213223822,24.482789372520077,0.0
2012-04-15 18:15:00,prosumer_s1_3,0.0,-1.80982,20.097827146291532,0.36388627071094276
2012-04-15 18:15:00,prosumer_s1_4,0.0,0.0,2.515759060113444,0.1314483490008856
2012-04-15 18:15:00,prosumer_s1_5,0.0,-2.2800740733325418,92.69549917123325,0.5774344829170958
2012-04-15 18:30:00,prosumer_s1_0,0.0,-1.548911236479638,27.194455004102227,0.007691746969688812
2012-04-15 18:30:00,prosumer_s1_1,0.0,-0.865513341445385,19.988314600242695,1.2380136555481391
2012-04-15 18:30:00,prosumer_s1_2,0,-0.1549528922057148,24.540678363820984,0.0
2012-04-15 18:30:00,prosumer_s1_3,0.0,-1.32617,20.59327219736939,0.36388627071094276
2012-04-15 18:30:00,prosumer_s1_4,-0.0,0.0,2.515759060113444,0.1314483490008856
2012-04-15 18:30:00,prosumer_s1_5,0.0,-2.3685435636852024,93.58036550578323,0.5774344829170958
2012-04-15 18:45:00,prosumer_s1_0,0.0,-1.271114631585634,27.833496576157952,0.007691746969688812
2012-04-15 18:45:00,prosumer_s1_1,0.0,-1.143639045910068,20.563268955736984,1.2380136555481391
2012-04-15 18:45:00,prosumer_s1_2,0,-0.7528120836781564,24.919147941199792,0.0
2012-04-15 18:45:00,prosumer_s1_3,0.0,-2.03823,21.617974195950225,0.36388627071094276
2012-04-15 18:45:00,prosumer_s1_4,0.0,0.0,2.515759060113444,0.1314483490008856
2012-04-15 18:45:00,prosumer_s1_5,0.0,-2.49700027361877,94.83571017779475,0.5774344829170958
2012-04-15 19:00:00,prosumer_s1_0,0.0,-1.5883442997231147,28.399116053575984,0.007691746969688812
2012-04-15 19:00:00,prosumer_s1_1,0.0,-0.5964489504072135,20.775668209283378,1.2380136555481391
2012-04-15 19:00:00,prosumer_s1_2,0,-1.665100399064664,25.51210075233255,0.0
2012-04-15 19:00:00,prosumer_s1_3,0.0,-2.27057,22.426538571485768,0.36388627071094276
2012-04-15 19:00:00,prosumer_s1_4,0.0,0.0,2.515759060113444,0.1314483490008856
2012-04-15 19:00:00,prosumer_s1_5,0.0,-2.992040033465687,95.90119460735937,0.5774344829170958
2012-04-15 19:15:00,prosumer_s1_0,0.0,-1.4024424089771972,29.06326592200869,0.007691746969688812
2012-04-15 19:15:00,prosumer_s1_1,0.0,-1.040393822509958,21.268363963429973,1.2380136555481391
2012-04-15 19:15:00,prosumer_s1_2,0,-1.6390063756966713,26.28827941165674,0.0
2012-04-15 19:15:00,prosumer_s1_3,0.0,-2.3452085065721144,23.537150965347323,0.36388627071094276
2012-04-15 19:15:00,prosumer_s1_4,0.0,-0.4990610906529481,2.752097718710317,0.1314483490008856
2012-04-15 19:15:00,prosumer_s1_5,0.0,-3.1100684657408117,97.37401912344404,0.5774344829170958
2012-04-15 19:30:00,prosumer_s1_0,0.0,-1.491005347454622,29.713803277262297,0.007691746969688812
2012-04-15 19:30:00,prosumer_s1_1,0.0,-0.6958638147788367,21.571974816641006,1.2380136555481391
2012-04-15 19:30:00,prosumer_s1_2,0,-2.2711698629351607,27.279208678602586,0.0
2012-04-15 19:30:00,prosumer_s1_3,0.0,-2.8592586134730804,24.78466797765736,0.36388627071094276
2012-04-15 19:30:00,prosumer_s1_4,0.0,-0.4929617362150106,2.9671807998448068,0.1314483490008856
2012-04-15 19:30:00,prosumer_s1_5,0.0,-2.626760893268356,98.52009555255115,0.5774344829170958
2012-04-15 19:45:00,prosumer_s1_0,0.0,-1.379333994968155,30.38467319859847,0.007691746969688812
2012-04-15 19:45:00,prosumer_s1_1,0.0,-0.5,21.815160993369602,1.2380136555481391
2012-04-15 19:45:00,prosumer_s1_2,0,-1.9721504545766144,28.23840813656669,0.0
2012-04-15 19:45:00,prosumer_s1_3,0.0,-2.854467753416839,26.173002176754377,0.36388627071094276
2012-04-15 19:45:00,prosumer_s1_4,0.0,-0.5933074177160441,3.2557491249229695,0.1314483490008856
2012-04-15 19:45:00,prosumer_s1_5,0.0,-3.0125287132159286,99.98530623265536,0.5774344829170958
2012-04-15 20:00:00,prosumer_s1_0,0.0,-1.3762531975237144,30.976857556536515,0.007691746969688812
2012-04-15 20:00:00,prosumer_s1_1,0.0,-1.056358247763444,22.269698597227613,1.2380136555481391
2012-04-15 20:00:00,prosumer_s1_2,0,-2.1379943261449665,29.158360075338862,0.0
2012-04-15 20:00:00,prosumer_s1_3,0.0,-2.77596745507246,27.367465890260608,0.36388627071094276
2012-04-15 20:00:00,prosumer_s1_4,0.0,-0.3519653052619854,3.4071953476733046,0.1314483490008856
2012-04-15 20:00:00,prosumer_s1_5,0.0,-3.0337107079426757,101.29067361053704,0.5774344829170958
2012-04-15 20:15:00,prosumer_s1_0,0.0,-0.5941389195940449,31.166618524667168,0.007691746969688812
2012-04-15 20:15:00,prosumer_s1_1,0.0,-1.3527402287360497,22.70174788228308,1.2380136555481391
2012-04-15 20:15:00,prosumer_s1_2,0,-1.7056641910148094,29.703129114226115,0.0
2012-04-15 20:15:00,prosumer_s1_3,0.0,-3.084114342008277,28.352495660343674,0.36388627071094276
2012-04-15 20:15:00,prosumer_s1_4,0.0,-0.0512040494112917,3.423549317541388,0.1314483490008856
2012-04-15 20:15:00,prosumer_s1_5,0.0,-3.080109215420792,102.27442419039429,0.5774344829170958
2012-04-15 20:30:00,prosumer_s1_0,0.0,-0.0906958401061909,31.202188886521196,0.007691746969688812
2012-04-15 20:30:00,prosumer_s1_1,0.0,-1.9869850482529412,23.481031442390663,1.2380136555481391
2012-04-15 20:30:00,prosumer_s1_2,0,-1.2132762451299357,30.178968744992403,0.0
2012-04-15 20:30:00,prosumer_s1_3,0.0,-3.41848,29.693202912720267,0.36388627071094276
2012-04-15 20:30:00,prosumer_s1_4,-0.0,0.0,3.423549317541388,0.1314483490008856
2012-04-15 20:30:00,prosumer_s1_5,0.0,-2.5814222535891966,103.28684243968442,0.5774344829170958
2012-04-15 20:45:00,prosumer_s1_0,0.0,-0.5578921887665592,31.43726470074363,0.007691746969688812
2012-04-15 20:45:00,prosumer_s1_1,0.0,-2.580573061326508,24.568392631105276,1.2380136555481391
2012-04-15 20:45:00,prosumer_s1_2,0,-1.7973133747327354,30.93629231661702,0.0
2012-04-15 20:45:00,prosumer_s1_3,0.0,-3.256196679179402,31.06524772897556,0.36388627071094276
2012-04-15 20:45:00,prosumer_s1_4,0.0,-0.5085365447389713,3.637828428673373,0.1314483490008856
2012-04-15 20:45:00,prosumer_s1_5,0.0,-2.372000882671393,104.2863187723126,0.5774344829170958
2012-04-15 21:00:00,prosumer_s1_0,0.0,-0.6126315643286939,31.65241421476303,0.007691746969688812
2012-04-15 21:00:00,prosumer_s1_1,0.0,-2.006907227924952,25.273196529420925,1.2380136555481391
2012-04-15 21:00:00,prosumer_s1_2,0,-2.0234623083028405,31.6469101783411,0.0
2012-04-15 21:00:00,prosumer_s1_3,0.0,-2.8162268541351425,32.05427584034867,0.36388627071094276
2012-04-15 21:00:00,prosumer_s1_4,0.0,-0.5384374280388593,3.826921772401682,0.1314483490008856
2012-04-15 21:00:00,prosumer_s1_5,0.0,-1.946468738793414,104.96989733337523,0.5774344829170958
2012-04-15 21:15:00,prosumer_s1_0,0.0,-1.2146071171155364,31.981534270724122,0.007691746969688812
2012-04-15 21:15:00,prosumer_s1_1,0.0,-1.7290348885253817,25.741710216893434,1.2380136555481391
2012-04-15 21:15:00,prosumer_s1_2,0,-1.6276318848124878,32.08794686375564,0.0
2012-04-15 21:15:00,prosumer_s1_3,0.0,-3.445792379831098,32.9879764295347,0.36388627071094276
2012-04-15 21:15:00,prosumer_s1_4,0.0,-0.1727612541617619,3.873734600053028,0.1314483490008856
2012-04-15 21:15:00,prosumer_s1_5,0.0,-2.133488097877162,105.54800502949443,0.5774344829170958
2012-04-15 21:30:00,prosumer_s1_0,0.0,-1.1804191243450748,32.336486221576905,0.007691746969688812
2012-04-15 21:30:00,prosumer_s1_1,0.0,-1.6976570107006188,26.252195565189883,1.2380136555481391
2012-04-15 21:30:00,prosumer_s1_2,0,-1.9692657423258448,32.680104939281506,0.0
2012-04-15 21:30:00,prosumer_s1_3,0.0,-4.0,34.19077615899423,0.36388627071094276
2012-04-15 21:30:00,prosumer_s1_4,0.0,-0.164650630515508,3.9232450335128766,0.1314483490008856
2012-04-15 21:30:00,prosumer_s1_5,0.0,-1.6255862684457905,106.03681871046936,0.5774344829170958
2012-04-15 21:45:00,prosumer_s1_0,0.0,-0.5683181965339575,32.4501498608837,0.007691746969688812
2012-04-15 21:45:00,prosumer_s1_1,0.0,-1.0480186703854224,26.461799299266968,1.2380136555481391
2012-04-15 21:45:00,prosumer_s1_2,0,-1.6542309755779483,33.0109511343971,0.0
2012-04-15 21:45:00,prosumer_s1_3,0.0,-3.91474,34.97372415899423,0.36388627071094276
2012-04-15 21:45:00,prosumer_s1_4,-0.0,0.0,3.9232450335128766,0.1314483490008856
2012-04-15 21:45:00,prosumer_s1_5,0.0,-1.2717597374088403,106.29117065795113,0.5774344829170958
2012-04-15 22:00:00,prosumer_s1_0,0.0,-1.1332045706515292,32.741876686184334,0.007691746969688812
2012-04-15 22:00:00,prosumer_s1_1,0.0,-0.7679815464994469,26.659504836512504,1.2380136555481391
2012-04-15 22:00:00,prosumer_s1_2,0,-1.6600481183372122,33.43830607096462,0.0
2012-04-15 22:00:00,prosumer_s1_3,0.0,-3.513757263086813,35.8782892108701,0.36388627071094276
2012-04-15 22:00:00,prosumer_s1_4,0.0,-0.2319011356810901,3.9829445651313917,0.1314483490008856
2012-04-15 22:00:00,prosumer_s1_5,0.0,-1.5953295817223112,106.7018647605318,0.5774344829170958
2012-04-15 22:15:00,prosumer_s1_0,0.0,-0.7521512040317745,32.97498938485538,0.007691746969688812
2012-04-15 22:15:00,prosumer_s1_1,0.0,-0.7860852386587964,26.903134641779,1.2380136555481391
2012-04-15 22:15:00,prosumer_s1_2,0,-2.499900765855706,34.213095250074694,0.0
2012-04-15 22:15:00,prosumer_s1_3,0.0,-3.23490408488836,36.88087647939816,0.36388627071094276
2012-04-15 22:15:00,prosumer_s1_4,0.0,-0.5497908921607376,4.153340142362876,0.1314483490008856
2012-04-15 22:15:00,prosumer_s1_5,0.0,-1.8744811252011928,107.28281889762725,0.5774344829170958
2012-04-15 22:30:00,prosumer_s1_0,0.0,-1.0367461449895667,33.18233861385329,0.007691746969688812
2012-04-15 22:30:00,prosumer_s1_1,0.0,-0.5,27.003134641779003,1.2380136555481391
2012-04-15 22:30:00,prosumer_s1_2,0,-2.513586575331723,34.715812565141036,0.0
2012-04-15 22:30:00,prosumer_s1_3,0.0,-3.1421666051250368,37.50930980042317,0.36388627071094276
2012-04-15 22:30:00,prosumer_s1_4,0.0,-0.2807804749475885,4.209496237352394,0.1314483490008856
2012-04-15 22:30:00,prosumer_s1_5,0.0,-2.5629105381103083,107.79540100524932,0.5774344829170958
2012-04-15 22:45:00,prosumer_s1_0,0.0,-1.0093826692945385,33.3842151477122,0.007691746969688812
2012-04-15 22:45:00,prosumer_s1_1,0.0,-0.7977569495277679,27.162686031684554,1.2380136555481391
2012-04-15 22:45:00,prosumer_s1_2,0,-3.1739337828541907,35.350599321711876,0.0
2012-04-15 22:45:00,prosumer_s1_3,0.0,-3.826879164718665,38.2746856333669,0.36388627071094276
2012-04-15 22:45:00,prosumer_s1_4,0.0,-0.955335089514237,4.400563255255242,0.1314483490008856
2012-04-15 22:45:00,prosumer_s1_5,0.0,-3.215303177252383,108.4384616406998,0.5774344829170958
2012-04-15 23:00:00,prosumer_s1_0,0.0,-1.0174004714899694,33.72598500327346,0.007691746969688812
2012-04-15 23:00:00,prosumer_s1_1,0.0,-0.5,27.330648336174516,1.2380136555481391
2012-04-15 23:00:00,prosumer_s1_2,0,-2.5421676839764142,36.20457600691305,0.0
2012-04-15 23:00:00,prosumer_s1_3,0.0,-4.0,39.6183840692866,0.36388627071094276
2012-04-15 23:00:00,prosumer_s1_4,0.0,-0.3002038384220516,4.501409112291442,0.1314483490008856
2012-04-15 23:00:00,prosumer_s1_5,0.0,-3.620410679686711,109.6546466826203,0.5774344829170958
2012-04-15 23:15:00,prosumer_s1_0,0.0,-1.452054567207334,34.078418883539754,0.007691746969688812
2012-04-15 23:15:00,prosumer_s1_1,0.0,-0.5,27.45200530450943,1.2380136555481391
2012-04-15 23:15:00,prosumer_s1_2,0,-3.0834569102673983,36.95297397215584,0.0
2012-04-15 23:15:00,prosumer_s1_3,0.0,-3.762230810013058,40.53152991984538,0.36388627071094276
2012-04-15 23:15:00,prosumer_s1_4,0.0,-0.493963165609798,4.621300856786486,0.1314483490008856
2012-04-15 23:15:00,prosumer_s1_5,0.0,-2.924522351384548,110.36446901540374,0.5774344829170958
2012-04-15 23:30:00,prosumer_s1_0,0.0,-1.1790633736461813,34.31423155826899,0.007691746969688812
2012-04-15 23:30:00,prosumer_s1_1,0.0,-0.5,27.552005304509432,1.2380136555481391
2012-04-15 23:30:00,prosumer_s1_2,0,-2.91777720424181,37.5365294130042,0.0
2012-04-15 23:30:00,prosumer_s1_3,0.0,-3.889701186927845,41.309470157230955,0.36388627071094276
2012-04-15 23:30:00,prosumer_s1_4,0.0,-0.2212510581694969,4.665551068420386,0.1314483490008856
2012-04-15 23:30:00,prosumer_s1_5,0.0,-3.025919478248254,110.96965291105339,0.5774344829170958
2012-04-15 23:45:00,prosumer_s1_0,0.0,-1.875665876654992,34.689364733599994,0.007691746969688812
2012-04-15 23:45:00,prosumer_s1_1,0.0,-0.9081188782961862,27.73362908016867,1.2380136555481391
2012-04-15 23:45:00,prosumer_s1_2,0,-3.275233506308978,38.191576114266,0.0
2012-04-15 23:45:00,prosumer_s1_3,0.0,-4.0,42.10947015723095,0.36388627071094276
2012-04-15 23:45:00,prosumer_s1_4,0.0,-0.1958603718717471,4.704723142794735,0.1314483490008856
2012-04-15 23:45:00,prosumer_s1_5,0.0,-2.9764133583839514,111.56493558273017,0.5774344829170958
