date,H2demand1-0.time-based_0-tot_dem,H2demand2-0.time-based_0-tot_dem,compressor1-0.time-based_0-flow_from_c,H2valve1-0.time-based_0-out2,H2valve1-0.time-based_0-out1,H2_controller-0.time-based_0-dump,H2_controller-0.time-based_0-desired_out,H2Buffer1-0.time-based_0-h2_out,H2Buffer1-0.time-based_0-free_capacity,H2Buffer1-0.time-based_0-soc
2012-01-01 00:00:00,0.0,0.0,0.0,0.0,0.0,80.0,0.0,0.0,5667.304343892666,80.0
2012-01-01 00:15:00,0.0,104.0,104.0,0.0,0.0,0.0,104.0,104.0,5688.304343892663,79.92589069255605
2012-01-01 00:30:00,0.0,104.0,104.0,104.0,0.0,0.0,104.0,104.0,5700.304343892665,79.88354251687379
2012-01-01 00:45:00,127.0,104.0,200.0,104.0,0.0,0.0,231.0,200.0,5818.304343892666,79.46711878933156
2012-01-01 01:00:00,127.0,104.0,200.0,90.04329004329004,109.95670995670996,0.0,231.0,200.0,5922.304343892668,79.10010126675198
2012-01-01 01:15:00,127.0,104.0,200.0,90.04329004329004,109.95670995670996,0.0,231.0,200.0,6041.304343892666,78.68014852456957
2012-01-01 01:30:00,127.0,0.0,127.0,90.04329004329004,109.95670995670996,0.0,127.0,127.0,6069.304343892666,78.5813361146443
2012-01-01 01:45:00,127.0,0.0,127.0,0.0,127.0,0.0,127.0,127.0,6103.304343892667,78.4613496168779
2012-01-01 02:00:00,0.0,129.0,129.0,0.0,127.0,0.0,129.0,129.0,6140.304343892668,78.33077607519093
2012-01-01 02:15:00,0.0,129.0,129.0,129.0,0.0,0.0,129.0,129.0,6186.30434389267,78.16844140174226
2012-01-01 02:30:00,0.0,0.0,0.0,129.0,0.0,0.0,0.0,0.0,6103.304343892671,78.46134961687788
2012-01-01 02:45:00,135.5,0.0,135.5,0.0,0.0,0.0,135.5,135.5,6140.804343892671,78.32901156787082
2012-01-01 03:00:00,135.5,129.0,200.0,0.0,135.5,0.0,264.5,200.0,6254.80434389267,77.92670389888936
2012-01-01 03:15:00,0.0,129.0,129.0,97.54253308128544,102.45746691871456,0.0,129.0,129.0,6287.804343892669,77.81024641576315
2012-01-01 03:30:00,0.0,129.0,129.0,129.0,0.0,0.0,129.0,129.0,6327.80434389267,77.66908583015561
2012-01-01 03:45:00,0.0,0.0,0.0,129.0,0.0,0.0,0.0,0.0,6228.804343892668,78.01845827953426
2012-01-01 04:00:00,107.0,0.0,107.0,0.0,0.0,0.0,107.0,107.0,6244.804343892667,77.96199404529125
2012-01-01 04:15:00,107.0,0.0,107.0,0.0,107.0,0.0,107.0,107.0,6254.804343892665,77.92670389888937
2012-01-01 04:30:00,107.0,102.33333333333331,200.0,0.0,107.0,0.0,209.3333333333333,200.0,6372.804343892666,77.51028017134715
2012-01-01 04:45:00,0.0,102.33333333333331,102.33333333333331,97.77070063694268,102.22929936305734,0.0,102.33333333333331,102.33333333333331,6378.137677226,77.49145875993281
2012-01-01 05:00:00,0.0,102.33333333333331,102.33333333333331,102.33333333333331,0.0,0.0,102.33333333333331,102.33333333333331,6381.471010559333,77.47969537779885
2012-01-01 05:15:00,0.0,102.33333333333331,102.33333333333331,102.33333333333331,0.0,0.0,102.33333333333331,102.33333333333331,6390.804343892669,77.44675790782375
2012-01-01 05:30:00,109.66666666666669,102.33333333333331,200.0,102.33333333333331,0.0,0.0,212.0,200.0,6508.804343892669,77.03033418028153
2012-01-01 05:45:00,109.66666666666669,102.33333333333331,200.0,96.54088050314463,103.45911949685537,0.0,212.0,200.0,6624.804343892668,76.62096848201969
2012-01-01 06:00:00,109.66666666666669,0.0,109.66666666666669,96.54088050314463,103.45911949685537,0.0,109.66666666666669,109.66666666666669,6653.471010559335,76.51980339566762
2012-01-01 06:15:00,109.66666666666669,0.0,109.66666666666669,0.0,109.66666666666669,0.0,109.66666666666669,109.66666666666669,6671.137677226003,76.45745747035762
2012-01-01 06:30:00,109.66666666666669,0.0,109.66666666666669,0.0,109.66666666666669,0.0,109.66666666666669,109.66666666666669,6688.804343892672,76.39511154504763
2012-01-01 06:45:00,109.66666666666669,115.8,200.0,0.0,109.66666666666669,0.0,225.46666666666667,200.0,6790.80434389267,76.03515205174843
2012-01-01 07:00:00,0.0,115.8,115.8,102.72028385570668,97.27971614429332,0.0,115.8,115.8,6823.604343892669,75.91940037155025
2012-01-01 07:15:00,0.0,115.8,115.8,115.8,0.0,0.0,115.8,115.8,6855.40434389267,75.80717770599226
2012-01-01 07:30:00,0.0,115.8,115.8,115.8,0.0,0.0,115.8,115.8,6886.20434389267,75.69848405507446
2012-01-01 07:45:00,127.0,115.8,200.0,115.8,0.0,0.0,242.8,200.0,7001.204343892671,75.2926473714528
2012-01-01 08:00:00,127.0,0.0,127.0,95.38714991762768,104.6128500823723,0.0,127.0,127.0,7041.204343892672,75.15148678584526
2012-01-01 08:15:00,127.0,0.0,127.0,0.0,127.0,0.0,127.0,127.0,7076.20434389267,75.02797127343868
2012-01-01 08:30:00,127.0,113.4,200.0,0.0,127.0,0.0,240.4,200.0,7194.204343892671,74.61154754589646
2012-01-01 08:45:00,0.0,113.4,113.4,94.34276206322797,105.65723793677203,0.0,113.4,113.4,7213.604343892672,74.5430846618768
2012-01-01 09:00:00,0.0,113.4,113.4,113.4,0.0,0.0,113.4,113.4,7234.004343892673,74.47109276321696
2012-01-01 09:15:00,97.5,113.4,200.0,113.4,0.0,0.0,210.9,200.0,7350.00434389267,74.06172706495512
2012-01-01 09:30:00,97.5,113.4,200.0,107.53911806543384,92.46088193456616,0.0,210.9,200.0,7459.0043438926705,73.6770644691746
2012-01-01 09:45:00,97.5,0.0,97.5,107.53911806543384,92.46088193456616,0.0,97.5,97.5,7461.504343892672,73.66824193257412
2012-01-01 10:00:00,97.5,0.0,97.5,0.0,97.5,0.0,97.5,97.5,7471.004343892672,73.63471629349233
2012-01-01 10:15:00,97.5,0.0,97.5,0.0,97.5,0.0,97.5,97.5,7478.504343892672,73.60824868369092
2012-01-01 10:30:00,97.5,142.33333333333334,200.0,0.0,97.5,0.0,239.8333333333333,200.0,7592.504343892671,73.20594101470945
2012-01-01 10:45:00,0.0,142.33333333333334,142.33333333333334,118.69353717859626,81.30646282140374,0.0,142.33333333333334,142.33333333333334,7653.837677226005,72.98949478344457
2012-01-01 11:00:00,120.0,142.33333333333334,200.0,142.33333333333334,0.0,0.0,262.33333333333337,200.0,7759.837677226005,72.61541923158461
2012-01-01 11:15:00,120.0,0.0,120.0,108.5133418043202,91.48665819567978,0.0,120.0,120.0,7790.837677226005,72.50601977773877
2012-01-01 11:30:00,120.0,110.0,200.0,0.0,120.0,0.0,230.0,200.0,7901.8376772260035,72.11429915267787
2012-01-01 11:45:00,0.0,110.0,110.0,95.65217391304348,104.34782608695652,0.0,110.0,110.0,7917.837677226003,72.05783491843486
2012-01-01 12:00:00,0.0,110.0,110.0,110.0,0.0,0.0,110.0,110.0,7934.837677226004,71.99784166955166
2012-01-01 12:15:00,113.0,110.0,200.0,110.0,0.0,0.0,223.0,200.0,8039.837677226002,71.6272951323319
2012-01-01 12:30:00,113.0,0.0,113.0,98.65470852017935,101.34529147982065,0.0,113.0,113.0,8054.837677226004,71.57435991272907
2012-01-01 12:45:00,113.0,116.0,200.0,0.0,113.0,0.0,229.0,200.0,8170.837677226003,71.16499421446723
2012-01-01 13:00:00,113.0,116.0,200.0,101.31004366812226,98.68995633187772,0.0,229.0,200.0,8286.837677226,70.75562851620539
2012-01-01 13:15:00,0.0,0.0,0.0,101.31004366812226,98.68995633187772,0.0,0.0,0.0,8202.837677226,71.05206574598121
2012-01-01 13:30:00,112.33333333333331,136.5,200.0,0.0,0.0,0.0,248.8333333333333,200.0,8303.837677226,70.69563526732219
2012-01-01 13:45:00,112.33333333333331,136.5,200.0,109.71198928332215,90.28801071667785,0.0,248.8333333333333,200.0,8407.837677226002,70.3286177447426
2012-01-01 14:00:00,112.33333333333331,0.0,112.33333333333331,109.71198928332215,90.28801071667785,0.0,112.33333333333331,112.33333333333331,8429.171010559332,70.25333209908526
2012-01-01 14:15:00,112.33333333333331,115.2,200.0,0.0,112.33333333333331,0.0,227.53333333333333,200.0,8536.171010559334,69.8757275325851
2012-01-01 14:30:00,112.33333333333331,115.2,200.0,101.25988866100208,98.74011133899796,0.0,227.53333333333333,200.0,8649.171010559337,69.47694887824382
2012-01-01 14:45:00,112.33333333333331,115.2,200.0,101.25988866100208,98.74011133899796,0.0,227.53333333333333,200.0,8754.171010559334,69.10640234102405
2012-01-01 15:00:00,0.0,115.2,115.2,101.25988866100208,98.74011133899796,0.0,115.2,115.2,8771.371010559335,69.04570328921281
2012-01-01 15:15:00,0.0,115.2,115.2,115.2,0.0,0.0,115.2,115.2,8792.571010559333,68.97088817884082
2012-01-01 15:30:00,112.5,0.0,112.5,115.2,0.0,0.0,112.5,112.5,8820.071010559333,68.87384027623564
2012-01-01 15:45:00,112.5,0.0,112.5,0.0,112.5,0.0,112.5,112.5,8844.571010559337,68.78737941755102
2012-01-01 16:00:00,112.5,94.66666666666669,200.0,0.0,112.5,0.0,207.16666666666669,200.0,8954.571010559339,68.3991878071303
2012-01-01 16:15:00,112.5,94.66666666666669,200.0,91.3917940466613,108.60820595333868,0.0,207.16666666666669,200.0,9061.57101055934,68.02158324063015
2012-01-01 16:30:00,112.5,94.66666666666669,200.0,91.3917940466613,108.60820595333868,0.0,207.16666666666669,200.0,9171.57101055934,67.63339163020943
2012-01-01 16:45:00,112.5,0.0,112.5,91.3917940466613,108.60820595333868,0.0,112.5,112.5,9186.07101055934,67.5822209179267
2012-01-01 17:00:00,0.0,0.0,0.0,0.0,112.5,0.0,0.0,0.0,9090.07101055934,67.92100632338479
2012-01-01 17:15:00,0.0,114.75,114.75,0.0,0.0,0.0,114.75,114.75,9109.821010559335,67.85130828424107
2012-01-01 17:30:00,0.0,114.75,114.75,114.75,0.0,0.0,114.75,114.75,9127.571010559335,67.78866827437773
2012-01-01 17:45:00,97.25,114.75,200.0,114.75,0.0,0.0,212.0,200.0,9240.57101055934,67.38988962003644
2012-01-01 18:00:00,97.25,114.75,200.0,108.25471698113208,91.74528301886792,0.0,212.0,200.0,9358.57101055934,66.97346589249422
2012-01-01 18:15:00,97.25,0.0,97.25,108.25471698113208,91.74528301886792,0.0,97.25,97.25,9357.82101055934,66.97611265347436
2012-01-01 18:30:00,97.25,0.0,97.25,0.0,97.25,0.0,97.25,97.25,9367.07101055934,66.94346926805262
2012-01-01 18:45:00,0.0,102.16666666666669,102.16666666666669,0.0,97.25,0.0,102.16666666666669,102.16666666666669,9371.237677226003,66.92876504038517
2012-01-01 19:00:00,0.0,102.16666666666669,102.16666666666669,102.16666666666669,0.0,0.0,102.16666666666669,102.16666666666669,9391.40434389267,66.85759657847471
2012-01-01 19:15:00,108.85714285714286,102.16666666666669,200.0,102.16666666666669,0.0,0.0,211.02380952380952,200.0,9493.40434389267,66.49763708517551
2012-01-01 19:30:00,108.85714285714286,102.16666666666669,200.0,96.8295159652488,103.17048403475124,0.0,211.02380952380952,200.0,9596.40434389267,66.13414857723612
2012-01-01 19:45:00,108.85714285714286,102.16666666666669,200.0,96.8295159652488,103.17048403475124,0.0,211.02380952380952,200.0,9703.404343892673,65.75654401073596
2012-01-01 20:00:00,108.85714285714286,102.16666666666669,200.0,96.8295159652488,103.17048403475124,0.0,211.02380952380952,200.0,9823.40434389267,65.33306225391337
2012-01-01 20:15:00,108.85714285714286,0.0,108.85714285714286,96.8295159652488,103.17048403475124,0.0,108.85714285714286,108.85714285714286,9848.261486749812,65.24534103285725
2012-01-01 20:30:00,108.85714285714286,0.0,108.85714285714286,0.0,108.85714285714286,0.0,108.85714285714286,108.85714285714286,9876.118629606955,65.14703276788057
2012-01-01 20:45:00,108.85714285714286,0.0,108.85714285714286,0.0,108.85714285714286,0.0,108.85714285714286,108.85714285714286,9887.9757724641,65.10518873714692
2012-01-01 21:00:00,0.0,122.0,122.0,0.0,108.85714285714286,0.0,122.0,122.0,9928.9757724641,64.9604991368992
2012-01-01 21:15:00,110.0,122.0,200.0,122.0,0.0,0.0,232.0,200.0,10033.975772464097,64.58995259967944
2012-01-01 21:30:00,110.0,122.0,200.0,105.17241379310344,94.82758620689656,0.0,232.0,200.0,10151.9757724641,64.17352887213721
2012-01-01 21:45:00,110.0,122.0,200.0,105.17241379310344,94.82758620689656,0.0,232.0,200.0,10264.9757724641,63.77475021779593
2012-01-01 22:00:00,0.0,122.0,122.0,105.17241379310344,94.82758620689656,0.0,122.0,122.0,10296.975772464097,63.66182174930991
2012-01-01 22:15:00,0.0,0.0,0.0,122.0,0.0,0.0,0.0,0.0,10200.975772464097,64.00060715476799
2012-01-01 22:30:00,0.0,0.0,0.0,0.0,0.0,0.0,0.0,0.0,10103.975772464097,64.34292157486625
2012-01-01 22:45:00,110.0,144.0,200.0,0.0,0.0,0.0,254.0,200.0,10214.975772464097,63.95120094980536
2012-01-01 23:00:00,110.0,144.0,200.0,113.38582677165354,86.61417322834646,0.0,254.0,200.0,10328.975772464097,63.54889328082389
2012-01-01 23:15:00,0.0,144.0,144.0,113.38582677165354,86.61417322834646,0.0,144.0,144.0,10385.975772464097,63.34773944633316
2012-01-01 23:30:00,0.0,0.0,0.0,144.0,0.0,0.0,0.0,0.0,10302.975772464097,63.64064766146879
2012-01-01 23:45:00,117.4,0.0,117.4,0.0,0.0,0.0,117.4,117.4,10337.375772464096,63.51924955784632
2012-01-02 00:00:00,117.4,0.0,117.4,0.0,117.4,0.0,117.4,117.4,10356.775772464092,63.45078667382666
2012-01-02 00:15:00,117.4,103.5,200.0,0.0,117.4,0.0,220.9,200.0,10475.775772464094,63.03083393164425
2012-01-02 00:30:00,117.4,103.5,200.0,93.70755998189225,106.29244001810774,0.0,220.9,200.0,10580.775772464094,62.66028739442448
2012-01-02 00:45:00,117.4,0.0,117.4,93.70755998189225,106.29244001810774,0.0,117.4,117.4,10618.175772464094,62.52830224688144
2012-01-02 01:00:00,0.0,0.0,0.0,0.0,117.4,0.0,0.0,0.0,10521.175772464094,62.87061666697971
2012-01-02 01:15:00,0.0,0.0,0.0,0.0,0.0,0.0,0.0,0.0,10440.175772464094,63.15646685283496
2012-01-02 01:30:00,110.25,105.0,200.0,0.0,0.0,0.0,215.25,200.0,10547.175772464092,62.778862286334814
2012-01-02 01:45:00,110.25,105.0,200.0,97.5609756097561,102.4390243902439,0.0,215.25,200.0,10657.175772464092,62.3906706759141
2012-01-02 02:00:00,110.25,105.0,200.0,97.5609756097561,102.4390243902439,0.0,215.25,200.0,10769.175772464092,61.99542103621301
2012-01-02 02:15:00,110.25,105.0,200.0,97.5609756097561,102.4390243902439,0.0,215.25,200.0,10871.175772464092,61.6354615429138
2012-01-02 02:30:00,0.0,105.0,105.0,97.5609756097561,102.4390243902439,0.0,105.0,105.0,10889.175772464092,61.57193927939041
2012-01-02 02:45:00,0.0,105.0,105.0,105.0,0.0,0.0,105.0,105.0,10914.175772464092,61.48371391338571
2012-01-02 03:00:00,95.5,0.0,95.5,105.0,0.0,0.0,95.5,95.5,10917.675772464092,61.47136236214505
2012-01-02 03:15:00,95.5,0.0,95.5,0.0,95.5,0.0,95.5,95.5,10916.17577246409,61.47665588410533
2012-01-02 03:30:00,95.5,0.0,95.5,0.0,95.5,0.0,95.5,95.5,10918.67577246409,61.46783334750487
2012-01-02 03:45:00,95.5,117.4,200.0,0.0,95.5,0.0,212.9,200.0,11027.675772464092,61.08317075172434
2012-01-02 04:00:00,95.5,117.4,200.0,110.2865194927196,89.71348050728041,0.0,212.9,200.0,11136.67577246409,60.69850815594381
2012-01-02 04:15:00,95.5,117.4,200.0,110.2865194927196,89.71348050728041,0.0,212.9,200.0,11256.67577246409,60.27502639912122
2012-01-02 04:30:00,95.5,117.4,200.0,110.2865194927196,89.71348050728041,0.0,212.9,200.0,11362.67577246409,59.90095084726126
2012-01-02 04:45:00,95.5,117.4,200.0,110.2865194927196,89.71348050728041,0.0,212.9,200.0,11463.675772464092,59.54452036860224
2012-01-02 05:00:00,0.0,0.0,0.0,110.2865194927196,89.71348050728041,0.0,0.0,0.0,11364.675772464092,59.89389281798088
2012-01-02 05:15:00,0.0,101.4,101.4,0.0,0.0,0.0,101.4,101.4,11368.075772464092,59.88189416820424
2012-01-02 05:30:00,0.0,101.4,101.4,101.4,0.0,0.0,101.4,101.4,11386.475772464091,59.81696029882477
2012-01-02 05:45:00,109.0,101.4,200.0,101.4,0.0,0.0,210.4,200.0,11505.475772464091,59.39700755664236
2012-01-02 06:00:00,109.0,101.4,200.0,96.38783269961978,103.61216730038024,0.0,210.4,200.0,11611.475772464091,59.0229320047824
2012-01-02 06:15:00,109.0,101.4,200.0,96.38783269961978,103.61216730038024,0.0,210.4,200.0,11715.475772464097,58.65591448220281
2012-01-02 06:30:00,109.0,0.0,109.0,96.38783269961978,103.61216730038024,0.0,109.0,109.0,11734.475772464091,58.58886320403924
2012-01-02 06:45:00,109.0,108.6,200.0,0.0,109.0,0.0,217.6,200.0,11852.475772464091,58.17243947649702
2012-01-02 07:00:00,109.0,108.6,200.0,99.81617647058825,100.18382352941175,0.0,217.6,200.0,11965.475772464091,57.77366082215574
2012-01-02 07:15:00,0.0,108.6,108.6,99.81617647058825,100.18382352941175,0.0,108.6,108.6,11993.075772464092,57.67626001808655
2012-01-02 07:30:00,0.0,108.6,108.6,108.6,0.0,0.0,108.6,108.6,12020.675772464092,57.57885921401735
2012-01-02 07:45:00,0.0,108.6,108.6,108.6,0.0,0.0,108.6,108.6,12032.27577246409,57.53792264419116
2012-01-02 08:00:00,117.0,0.0,117.0,108.6,0.0,0.0,117.0,117.0,12069.27577246409,57.4073491025042
2012-01-02 08:15:00,117.0,0.0,117.0,0.0,117.0,0.0,117.0,117.0,12098.27577246409,57.30500767793874
2012-01-02 08:30:00,0.0,0.0,0.0,0.0,117.0,0.0,0.0,0.0,12018.275772464089,57.587328849153806
2012-01-02 08:45:00,0.0,141.5,141.5,0.0,0.0,0.0,141.5,141.5,12074.77577246409,57.38793952198317
2012-01-02 09:00:00,97.83333333333331,141.5,200.0,141.5,0.0,0.0,239.3333333333333,200.0,12192.775772464089,56.97151579444095
2012-01-02 09:15:00,97.83333333333331,0.0,97.83333333333331,118.24512534818945,81.75487465181058,0.0,97.83333333333331,97.83333333333331,12206.609105797424,56.92269775858501
2012-01-02 09:30:00,97.83333333333331,111.16666666666669,200.0,0.0,97.83333333333331,0.0,209.0,200.0,12315.609105797424,56.53803516280448
2012-01-02 09:45:00,97.83333333333331,111.16666666666669,200.0,106.37958532695376,93.62041467304624,0.0,209.0,200.0,12429.609105797424,56.13572749382302
2012-01-02 10:00:00,97.83333333333331,111.16666666666669,200.0,106.37958532695376,93.62041467304624,0.0,209.0,200.0,12538.609105797424,55.75106489804249
2012-01-02 10:15:00,97.83333333333331,111.16666666666669,200.0,106.37958532695376,93.62041467304624,0.0,209.0,200.0,12643.609105797424,55.38051836082272
2012-01-02 10:30:00,0.0,111.16666666666669,111.16666666666669,106.37958532695376,93.62041467304624,0.0,111.16666666666669,111.16666666666669,12674.775772464089,55.27053073787018
2012-01-02 10:45:00,0.0,111.16666666666669,111.16666666666669,111.16666666666669,0.0,0.0,111.16666666666669,111.16666666666669,12704.942439130757,55.16407212955784
2012-01-02 11:00:00,109.28571428571428,0.0,109.28571428571428,111.16666666666669,0.0,0.0,109.28571428571428,109.28571428571428,12717.22815341647,55.12071566397838
2012-01-02 11:15:00,109.28571428571428,0.0,109.28571428571428,0.0,109.28571428571428,0.0,109.28571428571428,109.28571428571428,12730.513867702184,55.07383018375874
2012-01-02 11:30:00,109.28571428571428,0.0,109.28571428571428,0.0,109.28571428571428,0.0,109.28571428571428,109.28571428571428,12744.799581987898,55.02341568889891
2012-01-02 11:45:00,109.28571428571428,108.71428571428572,200.0,0.0,109.28571428571428,0.0,218.0,200.0,12862.799581987896,54.60699196135669
2012-01-02 12:00:00,109.28571428571428,108.71428571428572,200.0,99.73787680209698,100.26212319790302,0.0,218.0,200.0,12980.799581987896,54.19056823381448
2012-01-02 12:15:00,109.28571428571428,108.71428571428572,200.0,99.73787680209698,100.26212319790302,0.0,218.0,200.0,13095.799581987896,53.78473155019282
2012-01-02 12:30:00,109.28571428571428,108.71428571428572,200.0,99.73787680209698,100.26212319790302,0.0,218.0,200.0,13208.799581987896,53.38595289585154
2012-01-02 12:45:00,0.0,108.71428571428572,108.71428571428572,99.73787680209698,100.26212319790302,0.0,108.71428571428572,108.71428571428572,13227.513867702182,53.31990990758516
2012-01-02 13:00:00,0.0,108.71428571428572,108.71428571428572,108.71428571428572,0.0,0.0,108.71428571428572,108.71428571428572,13249.228153416469,53.24327987539821
2012-01-02 13:15:00,112.66666666666669,108.71428571428572,200.0,108.71428571428572,0.0,0.0,221.3809523809524,200.0,13360.228153416469,52.8515592503373
2012-01-02 13:30:00,112.66666666666669,0.0,112.66666666666669,98.21466982146698,101.78533017853302,0.0,112.66666666666669,112.66666666666669,13387.894820083136,52.75392317862543
2012-01-02 13:45:00,112.66666666666669,102.66666666666669,200.0,0.0,112.66666666666669,0.0,215.3333333333333,200.0,13490.894820083136,52.390434670686034
2012-01-02 14:00:00,112.66666666666669,102.66666666666669,200.0,95.3560371517028,104.64396284829722,0.0,215.3333333333333,200.0,13608.894820083136,51.97401094314382
2012-01-02 14:15:00,112.66666666666669,102.66666666666669,200.0,95.3560371517028,104.64396284829722,0.0,215.3333333333333,200.0,13724.894820083136,51.56464524488197
2012-01-02 14:30:00,112.66666666666669,0.0,112.66666666666669,95.3560371517028,104.64396284829722,0.0,112.66666666666669,112.66666666666669,13754.5614867498,51.45995114388972
2012-01-02 14:45:00,0.0,0.0,0.0,0.0,112.66666666666669,0.0,0.0,0.0,13670.561486749802,51.75638837366554
2012-01-02 15:00:00,0.0,114.5,114.5,0.0,0.0,0.0,114.5,114.5,13703.0614867498,51.641695397859415
2012-01-02 15:15:00,125.83333333333331,114.5,200.0,114.5,0.0,0.0,240.3333333333333,200.0,13806.061486749802,51.27820688992002
2012-01-02 15:30:00,125.83333333333331,114.5,200.0,95.28432732316227,104.71567267683773,0.0,240.3333333333333,200.0,13914.0614867498,50.89707330877968
2012-01-02 15:45:00,125.83333333333331,114.5,200.0,95.28432732316227,104.71567267683773,0.0,240.3333333333333,200.0,14031.061486749802,50.48417859587765
2012-01-02 16:00:00,125.83333333333331,114.5,200.0,95.28432732316227,104.71567267683773,0.0,240.3333333333333,200.0,14133.061486749802,50.12421910257845
2012-01-02 16:15:00,125.83333333333331,114.5,200.0,95.28432732316227,104.71567267683773,0.0,240.3333333333333,200.0,14238.0614867498,49.75367256535867
2012-01-02 16:30:00,125.83333333333331,0.0,125.83333333333331,95.28432732316227,104.71567267683773,0.0,125.83333333333331,125.83333333333331,14272.894820083136,49.63074522205878
2012-01-02 16:45:00,0.0,0.0,0.0,0.0,125.83333333333331,0.0,0.0,0.0,14176.894820083136,49.96953062751685
2012-01-02 17:00:00,0.0,99.85714285714286,99.85714285714286,0.0,0.0,0.0,99.85714285714286,99.85714285714286,14195.75196294028,49.90298349430187
2012-01-02 17:15:00,117.25,99.85714285714286,200.0,99.85714285714286,0.0,0.0,217.1071428571429,200.0,14308.751962940278,49.50420483996059
2012-01-02 17:30:00,117.25,99.85714285714286,200.0,91.98881394966276,108.01118605033722,0.0,217.1071428571429,200.0,14409.751962940278,49.14777436130157
2012-01-02 17:45:00,117.25,99.85714285714286,200.0,91.98881394966276,108.01118605033722,0.0,217.1071428571429,200.0,14521.75196294028,48.75252472160048
2012-01-02 18:00:00,117.25,99.85714285714286,200.0,91.98881394966276,108.01118605033722,0.0,217.1071428571429,200.0,14626.75196294028,48.38197818438071
2012-01-02 18:15:00,0.0,99.85714285714286,99.85714285714286,91.98881394966276,108.01118605033722,0.0,99.85714285714286,99.85714285714286,14646.609105797424,48.31190203652554
2012-01-02 18:30:00,0.0,99.85714285714286,99.85714285714286,99.85714285714286,0.0,0.0,99.85714285714286,99.85714285714286,14647.46624865457,48.308877166833945
2012-01-02 18:45:00,0.0,0.0,0.0,99.85714285714286,0.0,0.0,0.0,0.0,14548.466248654568,48.658249616212586
2012-01-02 19:00:00,109.16666666666669,0.0,109.16666666666669,0.0,0.0,0.0,109.16666666666669,109.16666666666669,14566.632915321235,48.5941391835825
2012-01-02 19:15:00,109.16666666666669,112.14285714285714,200.0,0.0,109.16666666666669,0.0,221.3095238095238,200.0,14674.632915321235,48.21300560244216
2012-01-02 19:30:00,109.16666666666669,112.14285714285714,200.0,101.34480903711672,98.65519096288328,0.0,221.3095238095238,200.0,14794.632915321235,47.78952384561956
2012-01-02 19:45:00,109.16666666666669,112.14285714285714,200.0,101.34480903711672,98.65519096288328,0.0,221.3095238095238,200.0,14910.632915321235,47.38015814735772
2012-01-02 20:00:00,109.16666666666669,112.14285714285714,200.0,101.34480903711672,98.65519096288328,0.0,221.3095238095238,200.0,15020.632915321235,46.99196653693701
2012-01-02 20:15:00,109.16666666666669,112.14285714285714,200.0,101.34480903711672,98.65519096288328,0.0,221.3095238095238,200.0,15135.632915321235,46.58612985331535
2012-01-02 20:30:00,0.0,112.14285714285714,112.14285714285714,101.34480903711672,98.65519096288328,0.0,112.14285714285714,112.14285714285714,15161.775772464092,46.493871327721855
2012-01-02 20:45:00,123.75,112.14285714285714,200.0,112.14285714285714,0.0,0.0,235.8928571428572,200.0,15274.775772464092,46.09509267338058
2012-01-02 21:00:00,123.75,0.0,123.75,95.07948523845572,104.9205147615443,0.0,123.75,123.75,15305.52577246409,45.98657547319479
2012-01-02 21:15:00,123.75,0.0,123.75,0.0,123.75,0.0,123.75,123.75,15337.27577246409,45.87452925836881
2012-01-02 21:30:00,123.75,0.0,123.75,0.0,123.75,0.0,123.75,123.75,15380.025772464094,45.72366388250076
2012-01-02 21:45:00,0.0,94.0,94.0,0.0,123.75,0.0,94.0,94.0,15381.02577246409,45.72013486786057
2012-01-02 22:00:00,107.4,94.0,200.0,94.0,0.0,0.0,201.4,200.0,15491.025772464092,45.33194325743986
2012-01-02 22:15:00,107.4,94.0,200.0,93.34657398212512,106.65342601787488,0.0,201.4,200.0,15597.02577246409,44.9578677055799
2012-01-02 22:30:00,107.4,94.0,200.0,93.34657398212512,106.65342601787488,0.0,201.4,200.0,15699.025772464092,44.59790821228069
2012-01-02 22:45:00,107.4,94.0,200.0,93.34657398212512,106.65342601787488,0.0,201.4,200.0,15803.025772464092,44.23089068970111
2012-01-02 23:00:00,107.4,94.0,200.0,93.34657398212512,106.65342601787488,0.0,201.4,200.0,15910.02577246409,43.85328612320096
2012-01-02 23:15:00,0.0,0.0,0.0,93.34657398212512,106.65342601787488,0.0,0.0,0.0,15813.02577246409,44.19560054329923
2012-01-02 23:30:00,0.0,0.0,0.0,0.0,0.0,0.0,0.0,0.0,15726.025772464089,44.50262481699561
2012-01-02 23:45:00,104.0,108.2,200.0,0.0,0.0,0.0,212.2,200.0,15831.025772464089,44.13207827977584
2012-01-03 00:00:00,104.0,108.2,200.0,101.97926484448634,98.02073515551368,0.0,212.2,200.0,15950.02577246409,43.71212553759343
2012-01-03 00:15:00,104.0,108.2,200.0,101.97926484448634,98.02073515551368,0.0,212.2,200.0,16059.025772464092,43.3274629418129
2012-01-03 00:30:00,104.0,108.2,200.0,101.97926484448634,98.02073515551368,0.0,212.2,200.0,16167.025772464092,42.94632936067256
2012-01-03 00:45:00,0.0,108.2,108.2,101.97926484448634,98.02073515551368,0.0,108.2,108.2,16187.225772464091,42.87504326494076
2012-01-03 01:00:00,120.0,0.0,120.0,108.2,0.0,0.0,120.0,120.0,16226.225772464091,42.73741169397341
2012-01-03 01:15:00,120.0,117.0,200.0,0.0,120.0,0.0,237.0,200.0,16328.225772464091,42.377452200674206
2012-01-03 01:30:00,0.0,117.0,117.0,98.73417721518987,101.26582278481013,0.0,117.0,117.0,16359.225772464091,42.26805274682837
2012-01-03 01:45:00,132.0,117.0,200.0,117.0,0.0,0.0,249.0,200.0,16470.225772464095,41.87633212176746
2012-01-03 02:00:00,132.0,0.0,132.0,93.97590361445783,106.02409638554218,0.0,132.0,132.0,16511.225772464095,41.73164252151974
2012-01-03 02:15:00,0.0,0.0,0.0,0.0,132.0,0.0,0.0,0.0,16431.225772464095,42.013963692734805
2012-01-03 02:30:00,108.6,0.0,108.6,0.0,0.0,0.0,108.6,108.6,16454.825772464093,41.93067894722636
2012-01-03 02:45:00,108.6,120.25,200.0,0.0,108.6,0.0,228.85,200.0,16571.825772464093,41.51778423432433
2012-01-03 03:00:00,108.6,120.25,200.0,105.09067074502948,94.9093292549705,0.0,228.85,200.0,16690.825772464093,41.09783149214192
2012-01-03 03:15:00,108.6,120.25,200.0,105.09067074502948,94.9093292549705,0.0,228.85,200.0,16808.825772464093,40.681407764599705
2012-01-03 03:30:00,108.6,120.25,200.0,105.09067074502948,94.9093292549705,0.0,228.85,200.0,16920.825772464093,40.28615812489861
2012-01-03 03:45:00,0.0,0.0,0.0,105.09067074502948,94.9093292549705,0.0,0.0,0.0,16832.825772464093,40.596711413235184
2012-01-03 04:00:00,0.0,112.0,112.0,0.0,0.0,0.0,112.0,112.0,16860.825772464093,40.49789900330991
2012-01-03 04:15:00,0.0,112.0,112.0,112.0,0.0,0.0,112.0,112.0,16883.825772464093,40.41673166658558
2012-01-03 04:30:00,112.66666666666669,112.0,200.0,112.0,0.0,0.0,224.66666666666669,200.0,16986.825772464093,40.05324315864618
2012-01-03 04:45:00,112.66666666666669,112.0,200.0,99.70326409495549,100.29673590504451,0.0,224.66666666666669,200.0,17094.825772464093,39.67210957750584
2012-01-03 05:00:00,112.66666666666669,112.0,200.0,99.70326409495549,100.29673590504451,0.0,224.66666666666669,200.0,17200.825772464097,39.29803402564588
2012-01-03 05:15:00,0.0,112.0,112.0,99.70326409495549,100.29673590504451,0.0,112.0,112.0,17216.825772464097,39.24156979140287
2012-01-03 05:30:00,0.0,0.0,0.0,112.0,0.0,0.0,0.0,0.0,17134.825772464097,39.53094899189831
2012-01-03 05:45:00,0.0,0.0,0.0,0.0,0.0,0.0,0.0,0.0,17053.825772464097,39.81679917775356
2012-01-03 06:00:00,123.6,128.6,200.0,0.0,0.0,0.0,252.2,200.0,17161.825772464097,39.43566559661322
2012-01-03 06:15:00,123.6,128.6,200.0,101.98255352894527,98.01744647105473,0.0,252.2,200.0,17277.825772464097,39.026299898351375
2012-01-03 06:30:00,123.6,128.6,200.0,101.98255352894527,98.01744647105473,0.0,252.2,200.0,17382.825772464097,38.6557533611316
2012-01-03 06:45:00,123.6,128.6,200.0,101.98255352894527,98.01744647105473,0.0,252.2,200.0,17500.825772464097,38.239329633589385
2012-01-03 07:00:00,123.6,128.6,200.0,101.98255352894527,98.01744647105473,0.0,252.2,200.0,17601.825772464097,37.88289915493037
2012-01-03 07:15:00,0.0,0.0,0.0,101.98255352894527,98.01744647105473,0.0,0.0,0.0,17514.825772464097,38.18992342862675
2012-01-03 07:30:00,98.42857142857144,0.0,98.42857142857144,0.0,0.0,0.0,98.42857142857144,98.42857142857144,17517.254343892666,38.181352964500576
2012-01-03 07:45:00,98.42857142857144,122.4,200.0,0.0,98.42857142857144,0.0,220.82857142857145,200.0,17619.254343892666,37.82139347120137
2012-01-03 08:00:00,98.42857142857144,122.4,200.0,110.85522059774875,89.14477940225126,0.0,220.82857142857145,200.0,17729.25434389267,37.433201860780656
2012-01-03 08:15:00,98.42857142857144,122.4,200.0,110.85522059774875,89.14477940225126,0.0,220.82857142857145,200.0,17835.254343892666,37.059126308920696
2012-01-03 08:30:00,98.42857142857144,122.4,200.0,110.85522059774875,89.14477940225126,0.0,220.82857142857145,200.0,17936.254343892666,36.70269583026168
2012-01-03 08:45:00,98.42857142857144,122.4,200.0,110.85522059774875,89.14477940225126,0.0,220.82857142857145,200.0,18041.25434389267,36.3321492930419
2012-01-03 09:00:00,98.42857142857144,0.0,98.42857142857144,110.85522059774875,89.14477940225126,0.0,98.42857142857144,98.42857142857144,18049.68291532124,36.3024047410746
2012-01-03 09:15:00,0.0,143.0,143.0,0.0,98.42857142857144,0.0,143.0,143.0,18093.68291532124,36.14712809690632
2012-01-03 09:30:00,113.5,143.0,200.0,143.0,0.0,0.0,256.5,200.0,18194.68291532124,35.79069761824729
2012-01-03 09:45:00,113.5,0.0,113.5,111.5009746588694,88.4990253411306,0.0,113.5,113.5,18220.18291532125,35.70070774492249
2012-01-03 10:00:00,0.0,125.66666666666669,125.66666666666669,0.0,113.5,0.0,125.66666666666669,125.66666666666669,18248.849581987903,35.59954265857043
2012-01-03 10:15:00,0.0,125.66666666666669,125.66666666666669,125.66666666666669,0.0,0.0,125.66666666666669,125.66666666666669,18291.51624865457,35.44897136725573
2012-01-03 10:30:00,116.0,125.66666666666669,200.0,125.66666666666669,0.0,0.0,241.66666666666669,200.0,18411.51624865457,35.025489610433134
2012-01-03 10:45:00,116.0,125.66666666666669,200.0,104.0,96.0,0.0,241.66666666666669,200.0,18523.51624865457,34.63023997073204
2012-01-03 11:00:00,0.0,125.66666666666669,125.66666666666669,104.0,96.0,0.0,125.66666666666669,125.66666666666669,18567.18291532124,34.47613966477715
2012-01-03 11:15:00,0.0,125.66666666666669,125.66666666666669,125.66666666666669,0.0,0.0,125.66666666666669,125.66666666666669,18605.849581987903,34.339684432023205
2012-01-03 11:30:00,0.0,0.0,0.0,125.66666666666669,0.0,0.0,0.0,0.0,18517.84958198791,34.650237720359776
2012-01-03 11:45:00,96.625,111.0,200.0,0.0,0.0,0.0,207.625,200.0,18636.84958198791,34.230284978177366
2012-01-03 12:00:00,96.625,111.0,200.0,106.92354003612282,93.07645996387718,0.0,207.625,200.0,18754.849581987903,33.81386125063515
2012-01-03 12:15:00,96.625,111.0,200.0,106.92354003612282,93.07645996387718,0.0,207.625,200.0,18872.849581987903,33.39743752309293
2012-01-03 12:30:00,96.625,111.0,200.0,106.92354003612282,93.07645996387718,0.0,207.625,200.0,18985.849581987903,32.998658868751654
2012-01-03 12:45:00,96.625,111.0,200.0,106.92354003612282,93.07645996387718,0.0,207.625,200.0,19104.849581987903,32.578706126569244
2012-01-03 13:00:00,96.625,0.0,96.625,106.92354003612282,93.07645996387718,0.0,96.625,96.625,19116.474581987903,32.53768133137706
2012-01-03 13:15:00,96.625,0.0,96.625,0.0,96.625,0.0,96.625,96.625,19124.099581987903,32.510772594745625
2012-01-03 13:30:00,96.625,0.0,96.625,0.0,96.625,0.0,96.625,96.625,19125.724581987903,32.50503794595532
2012-01-03 13:45:00,0.0,116.5,116.5,0.0,96.625,0.0,116.5,116.5,19158.224581987903,32.390344970149194
2012-01-03 14:00:00,0.0,116.5,116.5,116.5,0.0,0.0,116.5,116.5,19192.724581987903,32.2685939650627
2012-01-03 14:15:00,0.0,0.0,0.0,116.5,0.0,0.0,0.0,0.0,19105.7245819879,32.575618238759084
2012-01-03 14:30:00,106.57142857142856,95.25,200.0,0.0,0.0,0.0,201.82142857142856,200.0,19217.724581987903,32.18036859905799
2012-01-03 14:45:00,106.57142857142856,95.25,200.0,94.39037338524156,105.60962661475844,0.0,201.82142857142856,200.0,19330.724581987903,31.78158994471672
2012-01-03 15:00:00,106.57142857142856,95.25,200.0,94.39037338524156,105.60962661475844,0.0,201.82142857142856,200.0,19447.724581987903,31.368695231814684
2012-01-03 15:15:00,106.57142857142856,95.25,200.0,94.39037338524156,105.60962661475844,0.0,201.82142857142856,200.0,19565.724581987903,30.952271504272463
2012-01-03 15:30:00,106.57142857142856,0.0,106.57142857142856,94.39037338524156,105.60962661475844,0.0,106.57142857142856,106.57142857142856,19590.296010559334,30.86555857311355
2012-01-03 15:45:00,106.57142857142856,100.0,200.0,0.0,106.57142857142856,0.0,206.57142857142856,200.0,19709.296010559334,30.44560583093114
2012-01-03 16:00:00,106.57142857142856,100.0,200.0,96.81881051175658,103.18118948824343,0.0,206.57142857142856,200.0,19821.29601055933,30.050356191230048
2012-01-03 16:15:00,0.0,100.0,100.0,96.81881051175658,103.18118948824343,0.0,100.0,100.0,19828.296010559334,30.02565308874873
2012-01-03 16:30:00,110.16666666666669,100.0,200.0,100.0,0.0,0.0,210.16666666666669,200.0,19931.296010559334,29.66216458080933
2012-01-03 16:45:00,110.16666666666669,100.0,200.0,95.1625693893735,104.8374306106265,0.0,210.16666666666669,200.0,20039.296010559334,29.281030999669
2012-01-03 17:00:00,110.16666666666669,0.0,110.16666666666669,95.1625693893735,104.8374306106265,0.0,110.16666666666669,110.16666666666669,20068.462677226,29.17810140599684
2012-01-03 17:15:00,110.16666666666669,0.0,110.16666666666669,0.0,110.16666666666669,0.0,110.16666666666669,110.16666666666669,20094.629343892662,29.08575885624525
2012-01-03 17:30:00,110.16666666666669,120.66666666666669,200.0,0.0,110.16666666666669,0.0,230.8333333333333,200.0,20201.62934389267,28.708154289745096
2012-01-03 17:45:00,110.16666666666669,120.66666666666669,200.0,104.54873646209386,95.45126353790614,0.0,230.8333333333333,200.0,20305.62934389267,28.341136767165512
2012-01-03 18:00:00,0.0,120.66666666666669,120.66666666666669,104.54873646209386,95.45126353790614,0.0,120.66666666666669,120.66666666666669,20338.296010559334,28.22585562225269
2012-01-03 18:15:00,104.25,0.0,104.25,120.66666666666669,0.0,0.0,104.25,104.25,20356.546010559334,28.161451105069258
2012-01-03 18:30:00,104.25,0.0,104.25,0.0,104.25,0.0,104.25,104.25,20374.796010559337,28.09704658788582
2012-01-03 18:45:00,104.25,106.25,200.0,0.0,104.25,0.0,210.5,200.0,20493.796010559334,27.67709384570341
2012-01-03 19:00:00,104.25,106.25,200.0,100.9501187648456,99.0498812351544,0.0,210.5,200.0,20606.796010559334,27.27831519136213
2012-01-03 19:15:00,0.0,106.25,106.25,100.9501187648456,99.0498812351544,0.0,106.25,106.25,20626.046010559334,27.21038165953851
2012-01-03 19:30:00,150.0,150.0,200.0,106.25,0.0,0.0,300.0,200.0,20743.04601055933,26.79748694663648
2012-01-03 19:45:00,150.0,150.0,200.0,100.0,100.0,0.0,300.0,200.0,20861.046010559334,26.38106321909426
2012-01-03 20:00:00,150.0,150.0,200.0,100.0,100.0,0.0,300.0,200.0,20974.046010559334,25.98228456475298
2012-01-03 20:15:00,150.0,150.0,200.0,100.0,100.0,0.0,300.0,200.0,21079.046010559334,25.611738027533207
2012-01-03 20:30:00,150.0,150.0,200.0,100.0,100.0,0.0,300.0,200.0,21181.046010559334,25.251778534234
2012-01-03 20:45:00,150.0,150.0,200.0,100.0,100.0,0.0,300.0,200.0,21292.046010559334,24.860057909173097
2012-01-03 21:00:00,150.0,150.0,200.0,100.0,100.0,0.0,300.0,200.0,21403.046010559334,24.468337284112195
2012-01-03 21:15:00,150.0,150.0,200.0,100.0,100.0,0.0,300.0,200.0,21518.046010559337,24.06250060049054
2012-01-03 21:30:00,150.0,150.0,200.0,100.0,100.0,0.0,300.0,200.0,21621.046010559334,23.699012092551147
2012-01-03 21:45:00,150.0,150.0,200.0,100.0,100.0,0.0,300.0,200.0,21735.046010559334,23.29670442356968
2012-01-03 22:00:00,150.0,150.0,200.0,100.0,100.0,0.0,300.0,200.0,21847.046010559334,22.901454783868587
2012-01-03 22:15:00,150.0,150.0,200.0,100.0,100.0,0.0,300.0,200.0,21959.046010559334,22.50620514416749
2012-01-03 22:30:00,107.57142857142856,115.6,200.0,100.0,100.0,0.0,223.1714285714285,200.0,22062.046010559334,22.1427166362281
2012-01-03 22:45:00,107.57142857142856,115.6,200.0,103.59749071821788,96.4025092817821,0.0,223.1714285714285,200.0,22177.046010559334,21.736879952606447
2012-01-03 23:00:00,107.57142857142856,115.6,200.0,103.59749071821788,96.4025092817821,0.0,223.1714285714285,200.0,22283.046010559334,21.362804400746487
2012-01-03 23:15:00,0.0,0.0,0.0,103.59749071821788,96.4025092817821,0.0,0.0,0.0,22192.046010559334,21.683944733003624
2012-01-03 23:30:00,0.0,110.0,110.0,0.0,0.0,0.0,110.0,110.0,22221.046010559334,21.581603308438165
2012-01-03 23:45:00,0.0,110.0,110.0,110.0,0.0,0.0,110.0,110.0,22251.046010559334,21.47573286923252
2012-01-04 00:00:00,110.57142857142856,110.0,200.0,110.0,0.0,0.0,220.57142857142856,200.0,22355.046010559334,21.10871534665293
2012-01-04 00:15:00,110.57142857142856,110.0,200.0,99.74093264248704,100.25906735751296,0.0,220.57142857142856,200.0,22464.046010559334,20.724052750872406
2012-01-04 00:30:00,110.57142857142856,0.0,110.57142857142856,99.74093264248704,100.25906735751296,0.0,110.57142857142856,110.57142857142856,22494.61743913076,20.616165731872364
2012-01-04 00:45:00,110.57142857142856,0.0,110.57142857142856,0.0,110.57142857142856,0.0,110.57142857142856,110.57142857142856,22525.18886770219,20.50827871287232
2012-01-04 01:00:00,110.57142857142856,0.0,110.57142857142856,0.0,110.57142857142856,0.0,110.57142857142856,110.57142857142856,22548.76029627362,20.4250947963536
2012-01-04 01:15:00,110.57142857142856,119.33333333333331,200.0,0.0,110.57142857142856,0.0,229.9047619047619,200.0,22660.76029627362,20.029845156652502
2012-01-04 01:30:00,110.57142857142856,119.33333333333331,200.0,103.81110190555096,96.18889809444904,0.0,229.9047619047619,200.0,22773.76029627362,19.631066502311228
2012-01-04 01:45:00,0.0,119.33333333333331,119.33333333333331,103.81110190555096,96.18889809444904,0.0,119.33333333333331,119.33333333333331,22809.09362960695,19.50637465169124
2012-01-04 02:00:00,109.0,0.0,109.0,119.33333333333331,0.0,0.0,109.0,109.0,22829.09362960695,19.43579435888748
2012-01-04 02:15:00,109.0,0.0,109.0,0.0,109.0,0.0,109.0,109.0,22841.093629606952,19.393446183205217
2012-01-04 02:30:00,109.0,118.0,200.0,0.0,109.0,0.0,227.0,200.0,22958.093629606952,18.980551470303187
2012-01-04 02:45:00,109.0,118.0,200.0,103.9647577092511,96.0352422907489,0.0,227.0,200.0,23060.09362960695,18.62059197700398
2012-01-04 03:00:00,109.0,118.0,200.0,103.9647577092511,96.0352422907489,0.0,227.0,200.0,23161.09362960695,18.26416149834496
2012-01-04 03:15:00,109.0,0.0,109.0,103.9647577092511,96.0352422907489,0.0,109.0,109.0,23183.093629606952,18.18652317626082
2012-01-04 03:30:00,109.0,0.0,109.0,0.0,109.0,0.0,109.0,109.0,23199.09362960695,18.130058942017808
2012-01-04 03:45:00,0.0,99.8,99.8,0.0,109.0,0.0,99.8,99.8,23215.89362960695,18.070771496062644
2012-01-04 04:00:00,0.0,99.8,99.8,99.8,0.0,0.0,99.8,99.8,23218.69362960695,18.06089025507012
2012-01-04 04:15:00,97.71428571428572,99.8,197.5142857142857,99.8,0.0,0.0,197.5142857142857,197.5142857142857,23317.20791532124,17.71323189851671
2012-01-04 04:30:00,97.71428571428572,99.8,197.5142857142857,99.79999999999998,97.7142857142857,0.0,197.5142857142857,197.5142857142857,23434.72220103552,17.298522263799725
2012-01-04 04:45:00,97.71428571428572,99.8,197.5142857142857,99.79999999999998,97.7142857142857,0.0,197.5142857142857,197.5142857142857,23534.236486749804,16.94733489260613
2012-01-04 05:00:00,97.71428571428572,0.0,97.71428571428572,99.79999999999998,97.7142857142857,0.0,97.71428571428572,97.71428571428572,23537.95077246409,16.934227123942573
2012-01-04 05:15:00,97.71428571428572,0.0,97.71428571428572,0.0,97.71428571428572,0.0,97.71428571428572,97.71428571428572,23554.665058178376,16.875242164956568
2012-01-04 05:30:00,97.71428571428572,113.5,200.0,0.0,97.71428571428572,0.0,211.2142857142857,200.0,23663.665058178376,16.49057956917604
2012-01-04 05:45:00,97.71428571428572,113.5,200.0,107.47379100439632,92.52620899560364,0.0,211.2142857142857,200.0,23766.665058178376,16.127091061236648
2012-01-04 06:00:00,0.0,113.5,113.5,107.47379100439632,92.52620899560364,0.0,113.5,113.5,23784.16505817838,16.065333305033352
2012-01-04 06:15:00,123.33333333333331,113.5,200.0,113.5,0.0,0.0,236.8333333333333,200.0,23898.165058178376,15.663025636051886
2012-01-04 06:30:00,123.33333333333331,113.5,200.0,95.84799437016189,104.15200562983816,0.0,236.8333333333333,200.0,24004.16505817838,15.288950084191926
2012-01-04 06:45:00,123.33333333333331,113.5,200.0,95.84799437016189,104.15200562983816,0.0,236.8333333333333,200.0,24120.165058178376,14.879584385930082
2012-01-04 07:00:00,0.0,0.0,0.0,95.84799437016189,104.15200562983816,0.0,0.0,0.0,24024.16505817838,15.21836979138816
2012-01-04 07:15:00,119.66666666666669,102.33333333333331,200.0,0.0,0.0,0.0,222.0,200.0,24125.16505817838,14.86193931272914
2012-01-04 07:30:00,119.66666666666669,102.33333333333331,200.0,92.1921921921922,107.8078078078078,0.0,222.0,200.0,24244.16505817838,14.441986570546732
2012-01-04 07:45:00,119.66666666666669,102.33333333333331,200.0,92.1921921921922,107.8078078078078,0.0,222.0,200.0,24349.165058178376,14.07144003332696
2012-01-04 08:00:00,0.0,0.0,0.0,92.1921921921922,107.8078078078078,0.0,0.0,0.0,24251.165058178376,14.417283468065412
2012-01-04 08:15:00,0.0,114.0,114.0,0.0,0.0,0.0,114.0,114.0,24282.165058178376,14.307884014219576
2012-01-04 08:30:00,0.0,114.0,114.0,114.0,0.0,0.0,114.0,114.0,24311.165058178376,14.205542589654115
2012-01-04 08:45:00,142.5,0.0,142.5,114.0,0.0,0.0,142.5,142.5,24360.665058178376,14.030856364964794
2012-01-04 09:00:00,142.5,110.75,200.0,0.0,142.5,0.0,253.25,200.0,24466.66505817838,13.656780813104834
2012-01-04 09:15:00,0.0,110.75,110.75,87.4629812438302,112.5370187561698,0.0,110.75,110.75,24485.415058178376,13.590611788601304
2012-01-04 09:30:00,0.0,110.75,110.75,110.75,0.0,0.0,110.75,110.75,24502.165058178376,13.53150079337815
2012-01-04 09:45:00,108.0,110.75,200.0,110.75,0.0,0.0,218.75,200.0,24613.165058178376,13.139780168317248
2012-01-04 10:00:00,108.0,0.0,108.0,101.25714285714288,98.74285714285716,0.0,108.0,108.0,24629.165058178376,13.083315934074236
2012-01-04 10:15:00,108.0,103.2,200.0,0.0,108.0,0.0,211.2,200.0,24741.165058178376,12.688066294373144
2012-01-04 10:30:00,108.0,103.2,200.0,97.72727272727272,102.27272727272728,0.0,211.2,200.0,24854.165058178376,12.289287640031867
2012-01-04 10:45:00,108.0,103.2,200.0,97.72727272727272,102.27272727272728,0.0,211.2,200.0,24956.16505817838,11.92932814673266
2012-01-04 11:00:00,108.0,103.2,200.0,97.72727272727272,102.27272727272728,0.0,211.2,200.0,25072.165058178376,11.519962448470816
2012-01-04 11:15:00,108.0,103.2,200.0,97.72727272727272,102.27272727272728,0.0,211.2,200.0,25180.16505817838,11.138828867330478
2012-01-04 11:30:00,0.0,0.0,0.0,97.72727272727272,102.27272727272728,0.0,0.0,0.0,25092.165058178376,11.449382155667047
2012-01-04 11:45:00,113.5,120.16666666666669,200.0,0.0,0.0,0.0,233.66666666666669,200.0,25199.16505817838,11.0717775891669
2012-01-04 12:00:00,113.5,120.16666666666669,200.0,102.8530670470756,97.14693295292436,0.0,233.66666666666669,200.0,25308.16505817838,10.687114993386375
2012-01-04 12:15:00,0.0,120.16666666666669,120.16666666666669,102.8530670470756,97.14693295292436,0.0,120.16666666666669,120.16666666666669,25342.331724845044,10.566540326513277
2012-01-04 12:30:00,0.0,120.16666666666669,120.16666666666669,120.16666666666669,0.0,0.0,120.16666666666669,120.16666666666669,25379.498391511708,10.435378615719609
2012-01-04 12:45:00,106.0,120.16666666666669,200.0,120.16666666666669,0.0,0.0,226.16666666666669,200.0,25499.498391511708,10.011896858897012
2012-01-04 13:00:00,106.0,120.16666666666669,200.0,106.2638172439204,93.73618275607956,0.0,226.16666666666669,200.0,25610.49839151171,9.62017623383611
2012-01-04 13:15:00,106.0,0.0,106.0,106.2638172439204,93.73618275607956,0.0,106.0,106.0,25619.498391511708,9.588415102074416
2012-01-04 13:30:00,106.0,0.0,106.0,0.0,106.0,0.0,106.0,106.0,25629.49839151171,9.553124955672534
2012-01-04 13:45:00,106.0,0.0,106.0,0.0,106.0,0.0,106.0,106.0,25641.49839151171,9.510776779990271
2012-01-04 14:00:00,0.0,99.0,99.0,0.0,106.0,0.0,99.0,99.0,25649.49839151171,9.482544662868769
2012-01-04 14:15:00,0.0,99.0,99.0,99.0,0.0,0.0,99.0,99.0,25658.498391511708,9.450783531107072
2012-01-04 14:30:00,0.0,99.0,99.0,99.0,0.0,0.0,99.0,99.0,25672.498391511708,9.401377326144436
2012-01-04 14:45:00,109.4,99.0,200.0,99.0,0.0,0.0,208.4,200.0,25789.498391511708,8.988482613242404
2012-01-04 15:00:00,109.4,99.0,200.0,95.00959692898272,104.99040307101728,0.0,208.4,200.0,25890.498391511708,8.632052134583384
2012-01-04 15:15:00,109.4,99.0,200.0,95.00959692898272,104.99040307101728,0.0,208.4,200.0,26001.49839151171,8.240331509522482
2012-01-04 15:30:00,109.4,99.0,200.0,95.00959692898272,104.99040307101728,0.0,208.4,200.0,26102.498391511708,7.883901030863464
2012-01-04 15:45:00,109.4,99.0,200.0,95.00959692898272,104.99040307101728,0.0,208.4,200.0,26218.49839151171,7.47453533260162
2012-01-04 16:00:00,0.0,0.0,0.0,95.00959692898272,104.99040307101728,0.0,0.0,0.0,26128.49839151171,7.792146650218568
2012-01-04 16:15:00,0.0,0.0,0.0,0.0,0.0,0.0,0.0,0.0,26043.498391511715,8.092112894634573
2012-01-04 16:30:00,106.0,0.0,106.0,0.0,0.0,0.0,106.0,106.0,26064.498391511708,8.018003587190618
2012-01-04 16:45:00,106.0,110.4,200.0,0.0,106.0,0.0,216.4,200.0,26173.498391511708,7.633340991410093
2012-01-04 17:00:00,106.0,110.4,200.0,102.03327171903882,97.96672828096118,0.0,216.4,200.0,26285.49839151171,7.238091351709003
2012-01-04 17:15:00,106.0,110.4,200.0,102.03327171903882,97.96672828096118,0.0,216.4,200.0,26404.498391511708,6.818138609526595
2012-01-04 17:30:00,0.0,110.4,110.4,102.03327171903882,97.96672828096118,0.0,110.4,110.4,26417.89839151172,6.770849813348072
2012-01-04 17:45:00,0.0,110.4,110.4,110.4,0.0,0.0,110.4,110.4,26441.29839151171,6.688270870767665
2012-01-04 18:00:00,0.0,0.0,0.0,110.4,0.0,0.0,0.0,0.0,26359.298391511715,6.977650071263106
2012-01-04 18:15:00,91.6,121.83333333333331,200.0,0.0,0.0,0.0,213.4333333333333,200.0,26465.29839151171,6.603574519403145
2012-01-04 18:30:00,91.6,121.83333333333331,200.0,114.16523504607214,85.83476495392784,0.0,213.4333333333333,200.0,26568.298391511715,6.24008601146375
2012-01-04 18:45:00,91.6,121.83333333333331,200.0,114.16523504607214,85.83476495392784,0.0,213.4333333333333,200.0,26688.298391511715,5.816604254641153
2012-01-04 19:00:00,91.6,121.83333333333331,200.0,114.16523504607214,85.83476495392784,0.0,213.4333333333333,200.0,26800.298391511715,5.421354614940063
2012-01-04 19:15:00,91.6,121.83333333333331,200.0,114.16523504607214,85.83476495392784,0.0,213.4333333333333,200.0,26905.29839151171,5.050808077720292
2012-01-04 19:30:00,0.0,121.83333333333331,121.83333333333331,114.16523504607214,85.83476495392784,0.0,121.83333333333331,121.83333333333331,26930.131724845047,4.963170880822282
2012-01-04 19:45:00,0.0,0.0,0.0,121.83333333333331,0.0,0.0,0.0,0.0,26837.131724845047,5.291369242359794
2012-01-04 20:00:00,0.0,106.25,106.25,0.0,0.0,0.0,106.25,106.25,26852.381724845043,5.237551769096922
2012-01-04 20:15:00,103.4,106.25,200.0,106.25,0.0,0.0,209.65,200.0,26972.381724845043,4.814070012274326
2012-01-04 20:30:00,103.4,106.25,200.0,101.3594085380396,98.6405914619604,0.0,209.65,200.0,27077.381724845047,4.443523475054554
2012-01-04 20:45:00,103.4,106.25,200.0,101.3594085380396,98.6405914619604,0.0,209.65,200.0,27189.381724845043,4.048273835353464
2012-01-04 21:00:00,103.4,0.0,103.4,101.3594085380396,98.6405914619604,0.0,103.4,103.4,27210.781724845045,3.972752922053434
2012-01-04 21:15:00,103.4,0.0,103.4,0.0,103.4,0.0,103.4,103.4,27227.18172484504,3.9148770819543457
2012-01-04 21:30:00,0.0,109.66666666666669,109.66666666666669,0.0,103.4,0.0,109.66666666666669,109.66666666666669,27250.848391511707,3.8313570688032224
2012-01-04 21:45:00,0.0,109.66666666666669,109.66666666666669,109.66666666666669,0.0,0.0,109.66666666666669,109.66666666666669,27268.51505817838,3.7690111434932287
2012-01-04 22:00:00,0.0,109.66666666666669,109.66666666666669,109.66666666666669,0.0,0.0,109.66666666666669,109.66666666666669,27281.18172484505,3.724310291384177
2012-01-04 22:15:00,108.25,0.0,108.25,109.66666666666669,0.0,0.0,108.25,108.25,27296.43172484504,3.670492818121305
2012-01-04 22:30:00,108.25,120.0,200.0,0.0,108.25,0.0,228.25,200.0,27409.43172484504,3.2717141637800267
2012-01-04 22:45:00,108.25,120.0,200.0,105.14786418400875,94.85213581599125,0.0,228.25,200.0,27518.43172484504,2.887051567999501
2012-01-04 23:00:00,108.25,120.0,200.0,105.14786418400875,94.85213581599125,0.0,228.25,200.0,27629.43172484505,2.4953309429386
2012-01-04 23:15:00,0.0,0.0,0.0,105.14786418400875,94.85213581599125,0.0,0.0,0.0,27540.43172484505,2.8094132459153585
2012-01-04 23:30:00,0.0,0.0,0.0,0.0,0.0,0.0,0.0,0.0,27447.43172484504,3.137611607452871
2012-01-04 23:45:00,0.0,0.0,0.0,0.0,0.0,0.0,0.0,0.0,27353.43172484504,3.469338983630572
2012-01-05 00:00:00,95.5,122.33333333333331,200.0,0.0,0.0,0.0,217.8333333333333,200.0,27457.43172484504,3.102321461050988
2012-01-05 00:15:00,95.5,122.33333333333331,200.0,112.31828615149198,87.68171384850804,0.0,217.8333333333333,200.0,27560.43172484505,2.738832953111592
2012-01-05 00:30:00,95.5,122.33333333333331,200.0,112.31828615149198,87.68171384850804,0.0,217.8333333333333,200.0,27662.43172484505,2.378873459812385
2012-01-05 00:45:00,95.5,0.0,95.5,112.31828615149198,87.68171384850804,0.0,95.5,95.5,27663.93172484505,2.3735799378521025
2012-01-05 01:00:00,95.5,100.14285714285714,195.6428571428572,0.0,95.5,0.0,195.6428571428572,195.6428571428572,27763.5745819879,2.021938836204768
2012-01-05 01:15:00,95.5,100.14285714285714,195.6428571428572,100.14285714285714,95.5,0.0,195.6428571428572,195.6428571428572,27874.21743913076,1.6314785735153614
2012-01-05 01:30:00,0.0,100.14285714285714,100.14285714285714,100.14285714285714,95.5,0.0,100.14285714285714,100.14285714285714,27880.36029627361,1.6098003407256332
2012-01-05 01:45:00,104.0,100.14285714285714,200.0,100.14285714285714,0.0,0.0,204.1428571428572,200.0,27989.36029627362,1.2251377449451075
2012-01-05 02:00:00,104.0,100.14285714285714,200.0,98.110566829951,101.889433170049,0.0,204.1428571428572,200.0,28109.36029627362,0.801655988122511
2012-01-05 02:15:00,104.0,100.14285714285714,200.0,98.110566829951,101.889433170049,0.0,204.1428571428572,200.0,28211.36029627361,0.4416964948233038
2012-01-05 02:30:00,0.0,100.14285714285714,100.14285714285714,98.110566829951,101.889433170049,0.0,100.14285714285714,100.14285714285714,28228.50315341647,0.3811991009915043
2012-01-05 02:45:00,0.0,0.0,0.0,100.14285714285714,0.0,0.0,0.0,0.0,28138.50315341648,0.6988104186084518
2012-01-05 03:00:00,95.375,103.71428571428572,199.0892857142857,0.0,0.0,0.0,199.0892857142857,199.0892857142857,28242.59243913076,0.331477805435994
2012-01-05 03:15:00,95.375,103.71428571428572,182.92928033257084,103.71428571428572,95.375,0.0,182.92928033257084,182.92928033257084,28336.52171946333,0.0
2012-01-05 03:30:00,95.375,103.71428571428572,84.0,95.2958346193893,87.63344571318153,0.0,84.0,84.0,28336.52171946333,0.0
2012-01-05 03:45:00,95.375,103.71428571428572,97.0,43.7592609202619,40.24073907973809,0.0,97.0,97.0,28336.52171946333,0.0
2012-01-05 04:00:00,95.375,103.71428571428572,97.0,50.53152749125481,46.46847250874518,0.0,97.0,97.0,28336.52171946333,0.0
2012-01-05 04:15:00,95.375,103.71428571428572,80.0,50.53152749125481,46.46847250874518,0.0,80.0,80.0,28336.52171946333,0.0
2012-01-05 04:30:00,95.375,103.71428571428572,88.0,41.67548659072562,38.32451340927437,0.0,88.0,88.0,28336.52171946333,0.0
2012-01-05 04:45:00,95.375,0.0,91.0,45.84303524979818,42.15696475020181,0.0,91.0,91.0,28336.52171946333,0.0
2012-01-05 05:00:00,0.0,0.0,0.0,0.0,91.0,0.0,0.0,0.0,28243.52171946333,0.3281983615375125
2012-01-05 05:15:00,0.0,104.0,104.0,0.0,0.0,0.0,104.0,104.0,28250.52171946333,0.3034952590561943
2012-01-05 05:30:00,0.0,104.0,104.0,104.0,0.0,0.0,104.0,104.0,28263.52171946333,0.2576180687337464
2012-01-05 05:45:00,117.0,0.0,117.0,104.0,0.0,0.0,117.0,117.0,28283.52171946333,0.1870377759299802
2012-01-05 06:00:00,117.0,0.0,117.0,0.0,117.0,0.0,117.0,117.0,28319.52171946333,0.0599932488832012
2012-01-05 06:15:00,117.0,143.0,17.00000000000001,0.0,117.0,0.0,115.0,17.00000000000001,28336.52171946333,0.0
2012-01-05 06:30:00,117.0,143.0,80.0,63.250000000000014,51.75000000000001,0.0,80.0,80.0,28336.52171946333,0.0
2012-01-05 06:45:00,117.0,0.0,94.0,44.0,36.0,0.0,94.0,94.0,28336.52171946333,0.0
2012-01-05 07:00:00,0.0,0.0,0.0,0.0,94.0,0.0,0.0,0.0,28238.52171946333,0.3458434347384539
2012-01-05 07:15:00,140.0,0.0,140.0,0.0,0.0,0.0,140.0,140.0,28294.52171946333,0.1482186148879088
2012-01-05 07:30:00,140.0,106.25,41.99999999999999,0.0,140.0,0.0,134.0,41.99999999999999,28336.52171946333,0.0
2012-01-05 07:45:00,0.0,106.25,94.0,57.81725888324873,76.18274111675127,0.0,94.0,94.0,28336.52171946333,0.0
2012-01-05 08:00:00,0.0,106.25,97.0,94.0,0.0,0.0,97.0,97.0,28336.52171946333,0.0
2012-01-05 08:15:00,104.75,106.25,94.0,97.0,0.0,0.0,94.0,94.0,28336.52171946333,0.0
2012-01-05 08:30:00,104.75,0.0,94.0,47.334123222748815,46.66587677725119,0.0,94.0,94.0,28336.52171946333,0.0
2012-01-05 08:45:00,104.75,0.0,83.0,0.0,94.0,0.0,83.0,83.0,28336.52171946333,0.0
2012-01-05 09:00:00,104.75,93.0,83.0,0.0,83.0,0.0,83.0,83.0,28336.52171946333,0.0
2012-01-05 09:15:00,0.0,93.0,84.0,39.03413400758534,43.96586599241466,0.0,84.0,84.0,28336.52171946333,0.0
2012-01-05 09:30:00,106.0,93.0,90.0,84.0,0.0,0.0,90.0,90.0,28336.52171946333,0.0
2012-01-05 09:45:00,106.0,93.0,83.0,42.06030150753769,47.93969849246231,0.0,83.0,83.0,28336.52171946333,0.0
2012-01-05 10:00:00,106.0,93.0,98.0,38.788944723618094,44.21105527638191,0.0,98.0,98.0,28336.52171946333,0.0
2012-01-05 10:15:00,106.0,0.0,97.0,45.798994974874375,52.201005025125625,0.0,97.0,97.0,28336.52171946333,0.0
2012-01-05 10:30:00,0.0,0.0,0.0,0.0,97.0,0.0,0.0,0.0,28238.52171946333,0.3458434347384539
2012-01-05 10:45:00,0.0,0.0,0.0,0.0,0.0,0.0,0.0,0.0,28140.52171946333,0.6916868694769079
2012-01-05 11:00:00,109.66666666666669,99.0,200.0,0.0,0.0,0.0,208.66666666666669,200.0,28254.52171946333,0.2893792004954411
2012-01-05 11:15:00,109.66666666666669,99.0,81.99999999999999,94.888178913738,105.11182108626198,0.0,181.0,81.99999999999999,28336.52171946333,0.0
2012-01-05 11:30:00,109.66666666666669,99.0,91.0,85.87380191693289,95.1261980830671,0.0,91.0,91.0,28336.52171946333,0.0
2012-01-05 11:45:00,0.0,99.0,97.0,43.17412140575079,47.8258785942492,0.0,97.0,97.0,28336.52171946333,0.0
2012-01-05 12:00:00,0.0,99.0,99.0,97.0,0.0,0.0,99.0,99.0,28336.52171946333,0.0
2012-01-05 12:15:00,102.5,99.0,83.0,99.0,0.0,0.0,83.0,83.0,28336.52171946333,0.0
2012-01-05 12:30:00,102.5,99.0,91.0,40.77915632754342,42.22084367245658,0.0,91.0,91.0,28336.52171946333,0.0
2012-01-05 12:45:00,102.5,0.0,85.0,44.70967741935483,46.29032258064517,0.0,85.0,85.0,28336.52171946333,0.0
2012-01-05 13:00:00,102.5,0.0,85.0,0.0,85.0,0.0,85.0,85.0,28336.52171946333,0.0
2012-01-05 13:15:00,102.5,118.5,90.0,0.0,85.0,0.0,90.0,90.0,28336.52171946333,0.0
2012-01-05 13:30:00,102.5,118.5,150.0,48.2579185520362,41.7420814479638,0.0,150.0,150.0,28336.52171946333,0.0
2012-01-05 13:45:00,0.0,0.0,0.0,80.42986425339366,69.57013574660633,0.0,0.0,0.0,28186.52171946333,0.5293521960282459
2012-01-05 14:00:00,0.0,0.0,0.0,0.0,0.0,0.0,0.0,0.0,28036.52171946333,1.0587043920564918
2012-01-05 14:15:00,0.0,100.33333333333331,100.33333333333331,0.0,0.0,0.0,100.33333333333331,100.33333333333331,27986.85505279666,1.233978785852511
2012-01-05 14:30:00,100.5,100.33333333333331,200.0,100.33333333333331,0.0,0.0,200.8333333333333,200.0,28036.85505279666,1.0575280538430958
2012-01-05 14:45:00,100.5,100.33333333333331,200.0,99.91701244813278,100.08298755186722,0.0,200.8333333333333,200.0,28086.85505279666,0.8810773218336805
2012-01-05 15:00:00,100.5,0.0,100.5,99.91701244813278,100.08298755186722,0.0,100.5,100.5,28037.355052796665,1.0557635465230018
2012-01-05 15:15:00,100.5,0.0,100.5,0.0,100.5,0.0,100.5,100.5,27987.855052796665,1.230449771212323
2012-01-05 15:30:00,0.0,0.0,0.0,0.0,100.5,0.0,0.0,0.0,27837.855052796665,1.759801967240569
2012-01-05 15:45:00,98.6,116.33333333333331,200.0,0.0,0.0,0.0,214.9333333333333,200.0,27887.855052796665,1.5833512352311536
2012-01-05 16:00:00,98.6,116.33333333333331,200.0,108.25062034739454,91.74937965260546,0.0,214.9333333333333,200.0,27937.855052796665,1.4069005032217383
2012-01-05 16:15:00,98.6,116.33333333333331,200.0,108.25062034739454,91.74937965260546,0.0,214.9333333333333,200.0,27987.855052796665,1.230449771212323
2012-01-05 16:30:00,98.6,0.0,98.6,108.25062034739454,91.74937965260546,0.0,98.6,98.6,27993.455052796664,1.2106872892272684
2012-01-05 16:45:00,98.6,121.5,200.0,0.0,98.6,0.0,220.1,200.0,28113.455052796664,0.7872055324046717
2012-01-05 17:00:00,0.0,121.5,121.5,110.40436165379371,89.59563834620626,0.0,121.5,121.5,28139.955052796664,0.6936866444396816
2012-01-05 17:15:00,0.0,0.0,0.0,121.5,0.0,0.0,0.0,0.0,28059.955052796664,0.976007815654746
2012-01-05 17:30:00,99.25,0.0,99.25,0.0,0.0,0.0,99.25,99.25,28070.205052796664,0.939835415592816
2012-01-05 17:45:00,99.25,0.0,99.25,0.0,99.25,0.0,99.25,99.25,28076.455052796664,0.9177790740916392
2012-01-05 18:00:00,99.25,133.66666666666666,200.0,0.0,99.25,0.0,232.91666666666663,200.0,28183.455052796664,0.5401745075914904
2012-01-05 18:15:00,99.25,133.66666666666666,200.0,114.77638640429338,85.22361359570662,0.0,232.91666666666663,200.0,28286.455052796664,0.1766859996520949
2012-01-05 18:30:00,0.0,133.66666666666666,131.06666666666678,114.77638640429338,85.22361359570662,0.0,131.06666666666678,131.06666666666678,28336.52171946333,0.0
2012-01-05 18:45:00,0.0,0.0,0.0,131.06666666666678,0.0,0.0,0.0,0.0,28255.52171946333,0.2858501858552528
2012-01-05 19:00:00,0.0,111.0,111.0,0.0,0.0,0.0,111.0,111.0,28268.52171946333,0.2399729955328048
2012-01-05 19:15:00,114.33333333333331,111.0,148.0,111.0,0.0,0.0,148.0,148.0,28336.52171946333,0.0
2012-01-05 19:30:00,114.33333333333331,111.0,96.0,72.90532544378698,75.09467455621302,0.0,96.0,96.0,28336.52171946333,0.0
2012-01-05 19:45:00,114.33333333333331,0.0,91.0,47.289940828402365,48.71005917159764,0.0,91.0,91.0,28336.52171946333,0.0
2012-01-05 20:00:00,0.0,0.0,0.0,0.0,91.0,0.0,0.0,0.0,28237.52171946333,0.3493724493786423
2012-01-05 20:15:00,0.0,148.5,148.5,0.0,0.0,0.0,148.5,148.5,28287.02171946333,0.1746862246893211
2012-01-05 20:30:00,0.0,148.5,140.5,148.5,0.0,0.0,140.5,140.5,28336.52171946333,0.0
2012-01-05 20:45:00,105.0,0.0,83.0,140.5,0.0,0.0,83.0,83.0,28336.52171946333,0.0
2012-01-05 21:00:00,105.0,104.2,95.0,0.0,83.0,0.0,95.0,95.0,28336.52171946333,0.0
2012-01-05 21:15:00,105.0,104.2,89.0,47.31835564053537,47.68164435946463,0.0,89.0,89.0,28336.52171946333,0.0
2012-01-05 21:30:00,105.0,104.2,91.0,44.329827915869984,44.670172084130016,0.0,91.0,91.0,28336.52171946333,0.0
2012-01-05 21:45:00,105.0,104.2,90.0,45.32600382409178,45.67399617590822,0.0,90.0,90.0,28336.52171946333,0.0
2012-01-05 22:00:00,0.0,104.2,81.0,44.827915869980885,45.17208413001912,0.0,81.0,81.0,28336.52171946333,0.0
2012-01-05 22:15:00,0.0,0.0,0.0,81.0,0.0,0.0,0.0,0.0,28238.52171946333,0.3458434347384539
2012-01-05 22:30:00,0.0,0.0,0.0,0.0,0.0,0.0,0.0,0.0,28158.52171946333,0.6281646059535184
2012-01-05 22:45:00,120.4,0.0,120.4,0.0,0.0,0.0,120.4,120.4,28180.92171946333,0.5491146780133004
2012-01-05 23:00:00,120.4,128.0,200.0,0.0,120.4,0.0,247.6,200.0,28288.92171946333,0.1679810968729633
2012-01-05 23:15:00,120.4,128.0,47.59999999999999,103.05958132045087,96.94041867954913,0.0,143.6,47.59999999999999,28336.52171946333,0.0
2012-01-05 23:30:00,120.4,0.0,85.0,73.99677938808372,69.60322061191626,0.0,85.0,85.0,28336.52171946333,0.0
2012-01-05 23:45:00,120.4,106.5,84.0,0.0,85.0,0.0,84.0,84.0,28336.52171946333,0.0
2012-01-06 00:00:00,0.0,106.5,91.0,39.4270603790216,44.5729396209784,0.0,91.0,91.0,28336.52171946333,0.0
2012-01-06 00:15:00,0.0,0.0,0.0,91.0,0.0,0.0,0.0,0.0,28240.52171946333,0.3387854054580773
2012-01-06 00:30:00,0.0,0.0,0.0,0.0,0.0,0.0,0.0,0.0,28146.52171946333,0.6705127816357781
2012-01-06 00:45:00,115.33333333333331,0.0,115.33333333333331,0.0,0.0,0.0,115.33333333333331,115.33333333333331,28177.855052796665,0.5599369895765445
2012-01-06 01:00:00,115.33333333333331,104.66666666666669,200.0,0.0,115.33333333333331,0.0,220.0,200.0,28278.855052796665,0.2035065109175255
2012-01-06 01:15:00,115.33333333333331,104.66666666666669,138.66666666666666,95.15151515151516,104.84848484848484,0.0,138.66666666666666,138.66666666666666,28336.52171946333,-2.775557561562892e-17
2012-01-06 01:30:00,0.0,104.66666666666669,83.99999999999999,65.97171717171717,72.69494949494948,0.0,83.99999999999999,83.99999999999999,28336.52171946333,2.239473872390797e-17
2012-01-06 01:45:00,0.0,0.0,0.0,83.99999999999999,0.0,0.0,0.0,0.0,28240.52171946333,0.3387854054580773
2012-01-06 02:00:00,0.0,0.0,0.0,0.0,0.0,0.0,0.0,0.0,28153.521719463333,0.64580967915446
2012-01-06 02:15:00,114.66666666666669,104.75,200.0,0.0,0.0,0.0,219.41666666666669,200.0,28259.52171946333,0.2717341272944995
2012-01-06 02:30:00,114.66666666666669,104.75,162.0,95.48044056209646,104.51955943790352,0.0,162.0,162.0,28336.52171946333,0.0
2012-01-06 02:45:00,114.66666666666669,104.75,93.0,77.33915685529813,84.66084314470186,0.0,93.0,93.0,28336.52171946333,0.0
2012-01-06 03:00:00,114.66666666666669,104.75,86.0,44.39840486137485,48.601595138625136,0.0,86.0,86.0,28336.52171946333,0.0
2012-01-06 03:15:00,114.66666666666669,0.0,80.0,41.05658944170148,44.94341055829852,0.0,80.0,80.0,28336.52171946333,0.0
2012-01-06 03:30:00,114.66666666666669,109.75,91.0,0.0,80.0,0.0,91.0,91.0,28336.52171946333,0.0
2012-01-06 03:45:00,0.0,109.75,92.0,44.5031563312291,46.496843668770886,0.0,92.0,92.0,28336.52171946333,0.0
2012-01-06 04:00:00,0.0,109.75,95.0,92.0,0.0,0.0,95.0,95.0,28336.52171946333,0.0
2012-01-06 04:15:00,0.0,109.75,80.0,95.0,0.0,0.0,80.0,80.0,28336.52171946333,0.0
2012-01-06 04:30:00,107.4,0.0,99.0,80.0,0.0,0.0,99.0,99.0,28336.52171946333,0.0
2012-01-06 04:45:00,107.4,0.0,84.0,0.0,99.0,0.0,84.0,84.0,28336.52171946333,0.0
2012-01-06 05:00:00,107.4,99.0,98.0,0.0,84.0,0.0,98.0,98.0,28336.52171946333,0.0
2012-01-06 05:15:00,107.4,99.0,97.0,47.00581395348837,50.99418604651163,0.0,97.0,97.0,28336.52171946333,0.0
2012-01-06 05:30:00,107.4,99.0,94.0,46.52616279069767,50.47383720930233,0.0,94.0,94.0,28336.52171946333,0.0
2012-01-06 05:45:00,0.0,99.0,81.0,45.087209302325576,48.91279069767442,0.0,81.0,81.0,28336.52171946333,0.0
2012-01-06 06:00:00,0.0,99.0,93.0,81.0,0.0,0.0,93.0,93.0,28336.52171946333,0.0
2012-01-06 06:15:00,0.0,0.0,0.0,93.0,0.0,0.0,0.0,0.0,28247.52171946333,0.3140823029767592
2012-01-06 06:30:00,96.0,0.0,96.0,0.0,0.0,0.0,96.0,96.0,28257.52171946333,0.2787921565748762
2012-01-06 06:45:00,96.0,0.0,96.0,0.0,96.0,0.0,96.0,96.0,28273.521719463333,0.2223279223318633
2012-01-06 07:00:00,96.0,93.25,63.00000000000002,0.0,96.0,0.0,161.00000000000003,63.00000000000002,28336.52171946333,0.0
2012-01-06 07:15:00,96.0,93.25,88.0,79.33025099075299,81.66974900924704,0.0,88.0,88.0,28336.52171946333,0.0
2012-01-06 07:30:00,96.0,93.25,98.0,43.36063408190225,44.63936591809775,0.0,98.0,98.0,28336.52171946333,0.0
2012-01-06 07:45:00,96.0,93.25,87.0,48.287978863936594,49.712021136063406,0.0,87.0,87.0,28336.52171946333,0.0
2012-01-06 08:00:00,96.0,93.25,92.0,42.86789960369882,44.13210039630118,0.0,92.0,92.0,28336.52171946333,0.0
2012-01-06 08:15:00,0.0,93.25,93.25,45.33157199471599,46.668428005284014,0.0,93.25,93.25,28332.77171946333,0.0132338049007061
2012-01-06 08:30:00,0.0,93.25,91.75,93.25,0.0,0.0,91.75,91.75,28336.52171946333,0.0
2012-01-06 08:45:00,0.0,93.25,93.25,91.75,0.0,0.0,93.25,93.25,28332.77171946333,0.0132338049007061
2012-01-06 09:00:00,99.4,0.0,89.75,93.25,0.0,0.0,89.75,89.75,28336.52171946333,0.0
2012-01-06 09:15:00,99.4,124.0,98.0,0.0,89.75,0.0,98.0,98.0,28336.52171946333,0.0
2012-01-06 09:30:00,99.4,124.0,92.0,54.39570277529096,43.60429722470904,0.0,92.0,92.0,28336.52171946333,0.0
2012-01-06 09:45:00,99.4,124.0,87.0,51.06535362578335,40.93464637421665,0.0,87.0,87.0,28336.52171946333,0.0
2012-01-06 10:00:00,99.4,124.0,83.0,48.29006266786033,38.70993733213966,0.0,83.0,83.0,28336.52171946333,0.0
2012-01-06 10:15:00,0.0,0.0,0.0,46.06982990152193,36.93017009847807,0.0,0.0,0.0,28239.52171946333,0.3423144200982657
2012-01-06 10:30:00,0.0,210.0,192.0,0.0,0.0,0.0,192.0,192.0,28336.52171946333,0.0
2012-01-06 10:45:00,96.375,0.0,86.0,192.0,0.0,0.0,86.0,86.0,28336.52171946333,0.0
2012-01-06 11:00:00,96.375,0.0,96.375,0.0,86.0,0.0,96.375,96.375,28335.89671946333,0.0022056341501176
2012-01-06 11:15:00,96.375,0.0,91.625,0.0,96.375,0.0,91.625,91.625,28336.52171946333,0.0
2012-01-06 11:30:00,96.375,139.0,93.0,0.0,91.625,0.0,93.0,93.0,28336.52171946333,0.0
2012-01-06 11:45:00,96.375,139.0,88.0,54.92087095061073,38.07912904938927,0.0,88.0,88.0,28336.52171946333,0.0
2012-01-06 12:00:00,96.375,0.0,84.0,51.968135953266064,36.031864046733936,0.0,84.0,84.0,28336.52171946333,0.0
2012-01-06 12:15:00,96.375,0.0,83.0,0.0,84.0,0.0,83.0,83.0,28336.52171946333,0.0
2012-01-06 12:30:00,96.375,0.0,81.0,0.0,83.0,0.0,81.0,81.0,28336.52171946333,0.0
2012-01-06 12:45:00,0.0,98.125,81.0,0.0,81.0,0.0,81.0,81.0,28336.52171946333,0.0
2012-01-06 13:00:00,125.75,98.125,87.0,81.0,0.0,0.0,87.0,87.0,28336.52171946333,0.0
2012-01-06 13:15:00,125.75,98.125,92.0,38.1323283082077,48.86767169179229,0.0,92.0,92.0,28336.52171946333,0.0
2012-01-06 13:30:00,125.75,98.125,87.0,40.32384142936907,51.67615857063093,0.0,87.0,87.0,28336.52171946333,0.0
2012-01-06 13:45:00,125.75,98.125,90.0,38.1323283082077,48.86767169179229,0.0,90.0,90.0,28336.52171946333,0.0
2012-01-06 14:00:00,0.0,98.125,98.0,39.44723618090452,50.55276381909548,0.0,98.0,98.0,28336.52171946333,0.0
2012-01-06 14:15:00,118.0,98.125,81.0,98.0,0.0,0.0,81.0,81.0,28336.52171946333,0.0
2012-01-06 14:30:00,118.0,98.125,92.0,36.77559282822441,44.2244071717756,0.0,92.0,92.0,28336.52171946333,0.0
2012-01-06 14:45:00,0.0,0.0,0.0,41.7698091382302,50.23019086176981,0.0,0.0,0.0,28244.52171946333,0.3246693468973241
2012-01-06 15:00:00,0.0,0.0,0.0,0.0,0.0,0.0,0.0,0.0,28145.52171946333,0.6740417962759664
2012-01-06 15:15:00,0.0,0.0,0.0,0.0,0.0,0.0,0.0,0.0,28062.52171946333,0.9669500114115958
2012-01-06 15:30:00,104.0,106.5,200.0,0.0,0.0,0.0,210.5,200.0,28171.52171946333,0.5822874156310704
2012-01-06 15:45:00,104.0,106.5,200.0,101.187648456057,98.812351543943,0.0,210.5,200.0,28284.52171946333,0.1835087612897919
2012-01-06 16:00:00,0.0,0.0,0.0,101.187648456057,98.812351543943,0.0,0.0,0.0,28202.52171946333,0.472887961785233
2012-01-06 16:15:00,0.0,0.0,0.0,0.0,0.0,0.0,0.0,0.0,28120.52171946333,0.762267162280674
2012-01-06 16:30:00,0.0,0.0,0.0,0.0,0.0,0.0,0.0,0.0,28038.52171946333,1.0516463627761152
2012-01-06 16:45:00,135.66666666666666,113.0,200.0,0.0,0.0,0.0,248.66666666666663,200.0,28158.52171946333,0.6281646059535185
2012-01-06 17:00:00,135.66666666666666,113.0,200.0,90.88471849865952,109.11528150134048,0.0,248.66666666666663,200.0,28262.52171946333,0.2611470833739347
2012-01-06 17:15:00,135.66666666666666,0.0,135.66666666666666,90.88471849865952,109.11528150134048,0.0,135.66666666666666,135.66666666666666,28310.18838613,0.0929307188582921
2012-01-06 17:30:00,0.0,0.0,0.0,0.0,135.66666666666666,0.0,0.0,0.0,28228.18838613,0.3823099193537332
2012-01-06 17:45:00,0.0,0.0,0.0,0.0,0.0,0.0,0.0,0.0,28133.18838613,0.7175663101716223
2012-01-06 18:00:00,159.5,98.25,200.0,0.0,0.0,0.0,257.75,200.0,28250.18838613,0.3046715972695905
2012-01-06 18:15:00,159.5,98.25,166.33333333333337,76.23666343355964,123.76333656644034,0.0,166.33333333333337,166.33333333333337,28336.52171946333,0.0
2012-01-06 18:30:00,0.0,98.25,87.0,63.40349175557712,102.92984157775624,0.0,87.0,87.0,28336.52171946333,0.0
2012-01-06 18:45:00,0.0,98.25,83.0,87.0,0.0,0.0,83.0,83.0,28336.52171946333,0.0
2012-01-06 19:00:00,0.0,0.0,0.0,83.0,0.0,0.0,0.0,0.0,28251.52171946333,0.299966244416006
2012-01-06 19:15:00,123.8,0.0,123.8,0.0,0.0,0.0,123.8,123.8,28277.32171946333,0.2089176666991477
2012-01-06 19:30:00,123.8,105.33333333333331,59.20000000000001,0.0,123.8,0.0,142.20000000000002,59.20000000000001,28336.52171946333,0.0
2012-01-06 19:45:00,123.8,105.33333333333331,81.0,65.36979924352633,76.83020075647369,0.0,81.0,81.0,28336.52171946333,0.0
2012-01-06 20:00:00,123.8,105.33333333333331,89.0,37.23596159441373,43.76403840558627,0.0,89.0,89.0,28336.52171946333,0.0
2012-01-06 20:15:00,123.8,105.33333333333331,89.0,40.91358743089904,48.086412569100965,0.0,89.0,89.0,28336.52171946333,0.0
2012-01-06 20:30:00,0.0,105.33333333333331,99.0,40.91358743089904,48.086412569100965,0.0,99.0,99.0,28336.52171946333,0.0
2012-01-06 20:45:00,0.0,105.33333333333331,80.0,99.0,0.0,0.0,80.0,80.0,28336.52171946333,0.0
2012-01-06 21:00:00,106.5,0.0,87.0,80.0,0.0,0.0,87.0,87.0,28336.52171946333,0.0
2012-01-06 21:15:00,106.5,0.0,84.0,0.0,87.0,0.0,84.0,84.0,28336.52171946333,0.0
2012-01-06 21:30:00,106.5,0.0,97.0,0.0,84.0,0.0,97.0,97.0,28336.52171946333,0.0
2012-01-06 21:45:00,106.5,100.33333333333331,88.0,0.0,97.0,0.0,88.0,88.0,28336.52171946333,0.0
2012-01-06 22:00:00,0.0,100.33333333333331,81.0,42.68815471394037,45.31184528605964,0.0,81.0,81.0,28336.52171946333,0.0
2012-01-06 22:15:00,149.0,100.33333333333331,80.0,81.0,0.0,0.0,80.0,80.0,28336.52171946333,0.0
2012-01-06 22:30:00,149.0,0.0,85.0,32.19251336898396,47.80748663101605,0.0,85.0,85.0,28336.52171946333,0.0
2012-01-06 22:45:00,0.0,0.0,0.0,0.0,85.0,0.0,0.0,0.0,28256.52171946333,0.2823211712150645
2012-01-06 23:00:00,0.0,101.42857142857144,101.42857142857144,0.0,0.0,0.0,101.42857142857144,101.42857142857144,28260.9502908919,0.2666926778085163
2012-01-06 23:15:00,107.4,101.42857142857144,157.57142857142858,101.42857142857144,0.0,0.0,157.57142857142858,157.57142857142858,28336.52171946333,0.0
2012-01-06 23:30:00,107.4,101.42857142857144,91.0,76.53284600199363,81.03858256943496,0.0,91.0,91.0,28336.52171946333,0.0
2012-01-06 23:45:00,107.4,101.42857142857144,90.0,44.19893282254754,46.80106717745247,0.0,90.0,90.0,28336.52171946333,0.0
2012-01-07 00:00:00,107.4,101.42857142857144,89.0,43.713230264058005,46.286769735942,0.0,89.0,89.0,28336.52171946333,0.0
2012-01-07 00:15:00,107.4,101.42857142857144,93.0,43.22752770556848,45.77247229443153,0.0,93.0,93.0,28336.52171946333,0.0
2012-01-07 00:30:00,0.0,101.42857142857144,82.0,45.17033793952661,47.8296620604734,0.0,82.0,82.0,28336.52171946333,0.0
2012-01-07 00:45:00,0.0,0.0,0.0,82.0,0.0,0.0,0.0,0.0,28253.52171946333,0.2929082151356293
2012-01-07 01:00:00,0.0,0.0,0.0,0.0,0.0,0.0,0.0,0.0,28164.52171946333,0.6069905181123887
2012-01-07 01:15:00,120.0,117.66666666666669,200.0,0.0,0.0,0.0,237.66666666666669,200.0,28266.52171946333,0.2470310248131814
2012-01-07 01:30:00,120.0,117.66666666666669,169.0,99.01823281907431,100.98176718092566,0.0,169.0,169.0,28336.52171946333,5.551115123125783e-17
2012-01-07 01:45:00,120.0,117.66666666666669,81.00000000000001,83.67040673211781,85.32959326788219,0.0,81.00000000000001,81.00000000000001,28336.52171946333,5.360836891720943e-18
2012-01-07 02:00:00,0.0,0.0,0.0,40.10238429172511,40.8976157082749,0.0,0.0,0.0,28255.52171946333,0.2858501858552528
2012-01-07 02:15:00,0.0,0.0,0.0,0.0,0.0,0.0,0.0,0.0,28174.52171946333,0.5717003717105056
2012-01-07 02:30:00,95.2,110.16666666666669,200.0,0.0,0.0,0.0,205.36666666666667,200.0,28283.52171946333,0.1870377759299802
2012-01-07 02:45:00,95.2,110.16666666666669,135.0,107.28777795812368,92.71222204187632,0.0,135.0,135.0,28336.52171946333,0.0
2012-01-07 03:00:00,95.2,110.16666666666669,94.0,72.41925012173348,62.58074987826651,0.0,94.0,94.0,28336.52171946333,0.0
2012-01-07 03:15:00,95.2,110.16666666666669,95.0,50.42525564031813,43.574744359681866,0.0,95.0,95.0,28336.52171946333,0.0
2012-01-07 03:30:00,95.2,110.16666666666669,91.0,50.96169453010874,44.03830546989125,0.0,91.0,91.0,28336.52171946333,0.0
2012-01-07 03:45:00,0.0,110.16666666666669,92.0,48.81593897094627,42.18406102905372,0.0,92.0,92.0,28336.52171946333,0.0
2012-01-07 04:00:00,0.0,0.0,0.0,92.0,0.0,0.0,0.0,0.0,28245.52171946333,0.3211403322571358
2012-01-07 04:15:00,0.0,0.0,0.0,0.0,0.0,0.0,0.0,0.0,28152.52171946333,0.6493386937946484
2012-01-07 04:30:00,131.33333333333334,0.0,131.33333333333334,0.0,0.0,0.0,131.33333333333334,131.33333333333334,28203.855052796665,0.4681826089316486
2012-01-07 04:45:00,131.33333333333334,113.0,200.0,0.0,131.33333333333334,0.0,226.66666666666669,200.0,28309.855052796665,0.0941070570716882
2012-01-07 05:00:00,131.33333333333334,113.0,26.66666666666668,92.49658935879944,107.50341064120056,0.0,106.66666666666669,26.66666666666668,28336.52171946333,0.0
2012-01-07 05:15:00,0.0,113.0,97.0,49.33151432469305,57.33515234197363,0.0,97.0,97.0,28336.52171946333,0.0
2012-01-07 05:30:00,109.83333333333331,113.0,93.0,97.0,0.0,0.0,93.0,93.0,28336.52171946333,0.0
2012-01-07 05:45:00,109.83333333333331,0.0,89.0,47.160807778608834,45.83919222139117,0.0,89.0,89.0,28336.52171946333,0.0
2012-01-07 06:00:00,109.83333333333331,0.0,81.0,0.0,89.0,0.0,81.0,81.0,28336.52171946333,0.0
2012-01-07 06:15:00,109.83333333333331,0.0,81.0,0.0,81.0,0.0,81.0,81.0,28336.52171946333,0.0
2012-01-07 06:30:00,109.83333333333331,108.0,84.0,0.0,81.0,0.0,84.0,84.0,28336.52171946333,0.0
2012-01-07 06:45:00,109.83333333333331,108.0,81.0,41.64651874521806,42.35348125478195,0.0,81.0,81.0,28336.52171946333,0.0
2012-01-07 07:00:00,0.0,108.0,96.0,40.15914307574599,40.84085692425402,0.0,96.0,96.0,28336.52171946333,0.0
2012-01-07 07:15:00,0.0,0.0,0.0,96.0,0.0,0.0,0.0,0.0,28248.52171946333,0.3105532883365709
2012-01-07 07:30:00,95.66666666666669,107.57142857142856,184.0,0.0,0.0,0.0,184.0,184.0,28336.52171946333,0.0
2012-01-07 07:45:00,95.66666666666669,107.57142857142856,86.0,97.38894095595128,86.61105904404873,0.0,86.0,86.0,28336.52171946333,0.0
2012-01-07 08:00:00,95.66666666666669,107.57142857142856,96.0,45.51874414245548,40.48125585754452,0.0,96.0,96.0,28336.52171946333,0.0
2012-01-07 08:15:00,95.66666666666669,107.57142857142856,85.0,50.8116213683224,45.1883786316776,0.0,85.0,85.0,28336.52171946333,0.0
2012-01-07 08:30:00,95.66666666666669,107.57142857142856,83.0,44.98945641986879,40.01054358013121,0.0,83.0,83.0,28336.52171946333,0.0
2012-01-07 08:45:00,95.66666666666669,107.57142857142856,80.0,43.930880974695405,39.0691190253046,0.0,80.0,80.0,28336.52171946333,0.0
2012-01-07 09:00:00,0.0,107.57142857142856,94.0,42.343017806935336,37.65698219306466,0.0,94.0,94.0,28336.52171946333,0.0
2012-01-07 09:15:00,0.0,0.0,0.0,94.0,0.0,0.0,0.0,0.0,28242.521719463333,0.3317273761777007
2012-01-07 09:30:00,118.5,0.0,118.5,0.0,0.0,0.0,118.5,118.5,28272.021719463333,0.2276214442921457
2012-01-07 09:45:00,118.5,0.0,118.5,0.0,118.5,0.0,118.5,118.5,28295.52171946333,0.1446896002477205
2012-01-07 10:00:00,0.0,113.5,113.5,0.0,118.5,0.0,113.5,113.5,28312.02171946333,0.0864608586846134
2012-01-07 10:15:00,0.0,113.5,113.5,113.5,0.0,0.0,113.5,113.5,28332.52171946333,0.0141160585607532
2012-01-07 10:30:00,0.0,113.5,4.0,113.5,0.0,0.0,89.0,4.0,28336.52171946333,0.0
2012-01-07 10:45:00,127.4,113.5,98.0,89.0,0.0,0.0,98.0,98.0,28336.52171946333,0.0
2012-01-07 11:00:00,127.4,0.0,97.0,46.17268576172686,51.827314238273146,0.0,97.0,97.0,28336.52171946333,0.0
2012-01-07 11:15:00,127.4,113.25,88.0,0.0,97.0,0.0,88.0,88.0,28336.52171946333,0.0
2012-01-07 11:30:00,127.4,113.25,99.0,41.41284022439227,46.58715977560773,0.0,99.0,99.0,28336.52171946333,0.0
2012-01-07 11:45:00,127.4,113.25,96.0,46.5894452524413,52.4105547475587,0.0,96.0,96.0,28336.52171946333,0.0
2012-01-07 12:00:00,0.0,113.25,95.0,45.177643881155205,50.8223561188448,0.0,95.0,95.0,28336.52171946333,0.0
2012-01-07 12:15:00,0.0,0.0,0.0,95.0,0.0,0.0,0.0,0.0,28252.52171946333,0.2964372297758177
2012-01-07 12:30:00,0.0,0.0,0.0,0.0,0.0,0.0,0.0,0.0,28169.52171946333,0.589345444911447
2012-01-07 12:45:00,106.25,119.0,200.0,0.0,0.0,0.0,225.25,200.0,28279.52171946333,0.2011538344907333
2012-01-07 13:00:00,106.25,119.0,56.99999999999999,105.66037735849056,94.33962264150944,0.0,142.0,56.99999999999999,28336.52171946333,0.0
2012-01-07 13:15:00,106.25,119.0,80.0,75.0188679245283,66.9811320754717,0.0,80.0,80.0,28336.52171946333,0.0
2012-01-07 13:30:00,106.25,0.0,94.0,42.264150943396224,37.735849056603776,0.0,94.0,94.0,28336.52171946333,0.0
2012-01-07 13:45:00,0.0,0.0,0.0,0.0,77.99999999999989,0.0,0.0,0.0,28247.52171946333,0.3140823029767592
2012-01-07 14:00:00,120.75,101.75,173.0,0.0,0.0,0.0,173.0,173.0,28336.52171946333,0.0
2012-01-07 14:15:00,120.75,101.75,85.0,79.11348314606741,93.8865168539326,0.0,85.0,85.0,28336.52171946333,0.0
2012-01-07 14:30:00,120.75,101.75,86.0,38.87078651685393,46.12921348314607,0.0,86.0,86.0,28336.52171946333,0.0
2012-01-07 14:45:00,120.75,101.75,94.0,39.328089887640445,46.67191011235956,0.0,94.0,94.0,28336.52171946333,0.0
2012-01-07 15:00:00,0.0,0.0,0.0,42.98651685393258,51.01348314606741,0.0,0.0,0.0,28251.52171946333,0.299966244416006
2012-01-07 15:15:00,108.66666666666669,0.0,108.66666666666669,0.0,0.0,0.0,108.66666666666669,108.66666666666669,28272.18838613,0.2270332751854476
2012-01-07 15:30:00,108.66666666666669,104.66666666666669,156.33333333333331,0.0,108.66666666666669,0.0,156.33333333333331,156.33333333333331,28336.52171946333,5.551115123125783e-17
2012-01-07 15:45:00,108.66666666666669,104.66666666666669,90.00000000000001,76.70104166666665,79.63229166666666,0.0,90.00000000000001,90.00000000000001,28336.52171946333,5.360836891720943e-18
2012-01-07 16:00:00,108.66666666666669,104.66666666666669,85.0,44.15625000000001,45.84375000000001,0.0,85.0,85.0,28336.52171946333,5.360836891720943e-18
2012-01-07 16:15:00,108.66666666666669,0.0,81.0,41.703125,43.296875,0.0,81.0,81.0,28336.52171946333,5.360836891720943e-18
2012-01-07 16:30:00,108.66666666666669,0.0,91.0,0.0,81.0,0.0,91.0,91.0,28336.52171946333,5.360836891720943e-18
2012-01-07 16:45:00,0.0,108.66666666666669,93.0,0.0,91.0,0.0,93.0,93.0,28336.52171946333,5.360836891720943e-18
2012-01-07 17:00:00,0.0,108.66666666666669,97.0,93.0,0.0,0.0,97.0,97.0,28336.52171946333,5.360836891720943e-18
2012-01-07 17:15:00,0.0,108.66666666666669,90.0,97.0,0.0,0.0,90.0,90.0,28336.52171946333,5.360836891720943e-18
2012-01-07 17:30:00,102.14285714285714,0.0,90.0,90.0,0.0,0.0,90.0,90.0,28336.52171946333,5.360836891720943e-18
2012-01-07 17:45:00,102.14285714285714,111.83333333333331,88.0,0.0,90.0,0.0,88.0,88.0,28336.52171946333,5.360836891720943e-18
2012-01-07 18:00:00,102.14285714285714,111.83333333333331,95.0,45.99265605875153,42.00734394124847,0.0,95.0,95.0,28336.52171946333,5.360836891720943e-18
2012-01-07 18:15:00,102.14285714285714,111.83333333333331,94.0,49.65116279069768,45.34883720930232,0.0,94.0,94.0,28336.52171946333,5.360836891720943e-18
2012-01-07 18:30:00,102.14285714285714,111.83333333333331,84.0,49.12851897184822,44.87148102815177,0.0,84.0,84.0,28336.52171946333,5.360836891720943e-18
2012-01-07 18:45:00,102.14285714285714,111.83333333333331,95.0,43.90208078335373,40.09791921664626,0.0,95.0,95.0,28336.52171946333,5.360836891720943e-18
2012-01-07 19:00:00,102.14285714285714,111.83333333333331,92.0,49.65116279069768,45.34883720930232,0.0,92.0,92.0,28336.52171946333,5.360836891720943e-18
2012-01-07 19:15:00,0.0,0.0,0.0,48.0832313341493,43.91676866585065,0.0,0.0,0.0,28255.52171946333,0.2858501858552528
2012-01-07 19:30:00,101.57142857142856,0.0,101.57142857142856,0.0,0.0,0.0,101.57142857142856,101.57142857142856,28266.09314803476,0.2485434596589764
2012-01-07 19:45:00,101.57142857142856,0.0,101.57142857142856,0.0,101.57142857142856,0.0,101.57142857142856,101.57142857142856,28271.66457660619,0.2288818066636415
2012-01-07 20:00:00,101.57142857142856,112.4,163.85714285714286,0.0,101.57142857142856,0.0,163.85714285714286,163.85714285714286,28336.52171946333,0.0
2012-01-07 20:15:00,101.57142857142856,112.4,93.0,86.07477633863,77.78236651851286,0.0,93.0,93.0,28336.52171946333,0.0
2012-01-07 20:30:00,101.57142857142856,112.4,81.0,48.85325143543864,44.14674856456135,0.0,81.0,81.0,28336.52171946333,0.0
2012-01-07 20:45:00,101.57142857142856,112.4,81.0,42.54960608893043,38.45039391106956,0.0,81.0,81.0,28336.52171946333,0.0
2012-01-07 21:00:00,101.57142857142856,112.4,86.0,42.54960608893043,38.45039391106956,0.0,86.0,86.0,28336.52171946333,0.0
2012-01-07 21:15:00,0.0,0.0,0.0,45.17612498330885,40.82387501669114,0.0,0.0,0.0,28255.52171946333,0.2858501858552528
2012-01-07 21:30:00,0.0,0.0,0.0,0.0,0.0,0.0,0.0,0.0,28173.52171946333,0.5752293863506939
2012-01-07 21:45:00,96.57142857142856,105.6,200.0,0.0,0.0,0.0,202.1714285714285,200.0,28289.52171946333,0.1658636880888503
2012-01-07 22:00:00,96.57142857142856,105.6,133.0,104.46579988694177,95.53420011305822,0.0,133.0,133.0,28336.52171946333,0.0
2012-01-07 22:15:00,96.57142857142856,105.6,81.0,69.46975692481627,63.53024307518372,0.0,81.0,81.0,28336.52171946333,0.0
2012-01-07 22:30:00,96.57142857142856,105.6,97.0,42.30864895421141,38.69135104578858,0.0,97.0,97.0,28336.52171946333,0.0
2012-01-07 22:45:00,96.57142857142856,105.6,85.0,50.66591294516675,46.33408705483324,0.0,85.0,85.0,28336.52171946333,0.0
2012-01-07 23:00:00,96.57142857142856,0.0,93.0,44.39796495195025,40.60203504804974,0.0,93.0,93.0,28336.52171946333,0.0
2012-01-07 23:15:00,96.57142857142856,233.0,85.0,0.0,93.0,0.0,85.0,85.0,28336.52171946333,0.0
2012-01-07 23:30:00,0.0,233.0,81.0,60.09319462505418,24.90680537494582,0.0,81.0,81.0,28336.52171946333,0.0
